nohup: 忽略输入
Loading cached dataset from train_dataset.pt ...
[DATASET] Loaded 2160 samples from cache.
Loading cached dataset from test_dataset.pt ...
[DATASET] Loaded 540 samples from cache.
Number of training samples: 2160
Number of test samples: 540
Unique labels: [ 0  1  2  3  4  5  6  7  8  9 10 11 12 13 14 15 16 17 18 19 20 21 22 23
 24 25 26 27 28 29 30 31 32 33 34 35 36 37 38 39 40 41 42 43 44 45 46 47
 48 49 50 51 52 53 54 55 56 57 58 59 60 61 62 63 64 65 66 67 68 69 70 71
 72 73 74 75 76 77 78 79 80 81 82 83 84 85 86 87 88 89]
Number of classes: 90
Samples per class: [24 24 24 24 24 24 24 24 24 24 24 24 24 24 24 24 24 24 24 24 24 24 24 24
 24 24 24 24 24 24 24 24 24 24 24 24 24 24 24 24 24 24 24 24 24 24 24 24
 24 24 24 24 24 24 24 24 24 24 24 24 24 24 24 24 24 24 24 24 24 24 24 24
 24 24 24 24 24 24 24 24 24 24 24 24 24 24 24 24 24 24]
/home/user5/anaconda3/envs/cs7643-a1/lib/python3.14/site-packages/torch/nn/modules/transformer.py:392: UserWarning: enable_nested_tensor is True, but self.use_nested_tensor is False because encoder_layer.self_attn.batch_first was not True(use batch_first for better inference performance)
  warnings.warn(

[DEBUG] One training batch loaded:
  inputs.shape = torch.Size([24, 3, 30, 224, 224])
  labels.shape = torch.Size([24])
  sample videos = ['DATASET/shanti/p4_f_shanti.mp4', 'DATASET/khelowar/p11_c_khelowar.mp4', 'DATASET/ovivabok/p15_f_ovivabok.mp4']
[DEBUG] Model output logits shape: torch.Size([24, 90])
[DEBUG] labels: [8, 22, 65, 88, 88, 28, 78, 0]
[DEBUG] preds: [85, 53, 85, 30, 85, 85, 85, 3]
Epoch [1/100], Batch [10/90], Loss: 4.9400, Accuracy: 0.00%
Epoch [1/100], Batch [20/90], Loss: 4.6419, Accuracy: 0.00%
Epoch [1/100], Batch [30/90], Loss: 4.6953, Accuracy: 0.00%
Epoch [1/100], Batch [40/90], Loss: 4.6523, Accuracy: 4.17%
Epoch [1/100], Batch [50/90], Loss: 4.7326, Accuracy: 0.00%
Epoch [1/100], Batch [60/90], Loss: 4.8692, Accuracy: 0.00%
Epoch [1/100], Batch [70/90], Loss: 4.5164, Accuracy: 0.00%
Epoch [1/100], Batch [80/90], Loss: 4.7108, Accuracy: 0.00%
Epoch [1/100], Batch [90/90], Loss: 4.5374, Accuracy: 4.17%
Epoch [1] Training Loss: 4.6673, Training Accuracy: 1.44%
Epoch [1] Validation Loss: 4.6019, Validation Accuracy: 1.09%

Validation accuracy improved. Model saved to ./checkpoints/best_model_0_1.pth


[DEBUG] One training batch loaded:
  inputs.shape = torch.Size([24, 3, 30, 224, 224])
  labels.shape = torch.Size([24])
  sample videos = ['DATASET/somoy/p8_c_somoy.mp4', 'DATASET/chair/p7_c_chair.mp4', 'DATASET/subidha/p11_f_subidha.mp4']
[DEBUG] Model output logits shape: torch.Size([24, 90])
[DEBUG] labels: [37, 85, 50, 58, 7, 47, 32, 78]
[DEBUG] preds: [36, 23, 36, 36, 36, 36, 36, 26]
Epoch [2/100], Batch [10/90], Loss: 4.6184, Accuracy: 0.00%
Epoch [2/100], Batch [20/90], Loss: 4.3243, Accuracy: 0.00%
Epoch [2/100], Batch [30/90], Loss: 4.4569, Accuracy: 0.00%
Epoch [2/100], Batch [40/90], Loss: 4.6305, Accuracy: 0.00%
Epoch [2/100], Batch [50/90], Loss: 4.3926, Accuracy: 12.50%
Epoch [2/100], Batch [60/90], Loss: 4.1384, Accuracy: 8.33%
Epoch [2/100], Batch [70/90], Loss: 4.4793, Accuracy: 8.33%
Epoch [2/100], Batch [80/90], Loss: 4.4847, Accuracy: 4.17%
Epoch [2/100], Batch [90/90], Loss: 4.1596, Accuracy: 8.33%
Epoch [2] Training Loss: 4.4358, Training Accuracy: 3.24%
Epoch [2] Validation Loss: 4.2446, Validation Accuracy: 3.99%

Validation accuracy improved. Model saved to ./checkpoints/best_model_1_4.pth


[DEBUG] One training batch loaded:
  inputs.shape = torch.Size([24, 3, 30, 224, 224])
  labels.shape = torch.Size([24])
  sample videos = ['DATASET/attio/p11_c_attio.mp4', 'DATASET/chikitsha/p12_c_chikitsha.mp4', 'DATASET/bagan/p7_f_bagan.mp4']
[DEBUG] Model output logits shape: torch.Size([24, 90])
[DEBUG] labels: [81, 32, 13, 17, 85, 58, 56, 21]
[DEBUG] preds: [27, 16, 61, 61, 87, 44, 30, 15]
Epoch [3/100], Batch [10/90], Loss: 4.0389, Accuracy: 8.33%
Epoch [3/100], Batch [20/90], Loss: 4.2089, Accuracy: 0.00%
Epoch [3/100], Batch [30/90], Loss: 4.4005, Accuracy: 0.00%
Epoch [3/100], Batch [40/90], Loss: 4.0919, Accuracy: 12.50%
Epoch [3/100], Batch [50/90], Loss: 3.9839, Accuracy: 8.33%
Epoch [3/100], Batch [60/90], Loss: 3.8888, Accuracy: 8.33%
Epoch [3/100], Batch [70/90], Loss: 4.0453, Accuracy: 0.00%
Epoch [3/100], Batch [80/90], Loss: 3.7745, Accuracy: 4.17%
Epoch [3/100], Batch [90/90], Loss: 4.4225, Accuracy: 0.00%
Epoch [3] Training Loss: 4.1519, Training Accuracy: 5.97%
Epoch [3] Validation Loss: 4.0784, Validation Accuracy: 6.16%

Validation accuracy improved. Model saved to ./checkpoints/best_model_2_6.pth


[DEBUG] One training batch loaded:
  inputs.shape = torch.Size([24, 3, 30, 224, 224])
  labels.shape = torch.Size([24])
  sample videos = ['DATASET/sombar/p4_c_sombar.mp4', 'DATASET/sharee/p15_c_sharee.mp4', 'DATASET/protibondhi/p14_f_protibondhi.mp4']
[DEBUG] Model output logits shape: torch.Size([24, 90])
[DEBUG] labels: [80, 28, 58, 61, 34, 15, 75, 18]
[DEBUG] preds: [68, 37, 14, 87, 29, 36, 12, 36]
Epoch [4/100], Batch [10/90], Loss: 3.6971, Accuracy: 25.00%
Epoch [4/100], Batch [20/90], Loss: 4.1632, Accuracy: 8.33%
Epoch [4/100], Batch [30/90], Loss: 3.8823, Accuracy: 16.67%
Epoch [4/100], Batch [40/90], Loss: 3.8447, Accuracy: 12.50%
Epoch [4/100], Batch [50/90], Loss: 3.6438, Accuracy: 16.67%
Epoch [4/100], Batch [60/90], Loss: 3.7224, Accuracy: 12.50%
Epoch [4/100], Batch [70/90], Loss: 3.9403, Accuracy: 4.17%
Epoch [4/100], Batch [80/90], Loss: 3.5592, Accuracy: 16.67%
Epoch [4/100], Batch [90/90], Loss: 3.7463, Accuracy: 8.33%
Epoch [4] Training Loss: 3.8522, Training Accuracy: 9.44%
Epoch [4] Validation Loss: 3.9427, Validation Accuracy: 7.97%

Validation accuracy improved. Model saved to ./checkpoints/best_model_3_8.pth


[DEBUG] One training batch loaded:
  inputs.shape = torch.Size([24, 3, 30, 224, 224])
  labels.shape = torch.Size([24])
  sample videos = ['DATASET/virus/p13_c_virus.mp4', 'DATASET/chata/p8_f_chata.mp4', 'DATASET/sotru/p1_f_sotru.mp4']
[DEBUG] Model output logits shape: torch.Size([24, 90])
[DEBUG] labels: [39, 18, 73, 5, 69, 54, 79, 33]
[DEBUG] preds: [78, 35, 62, 17, 19, 13, 34, 18]
Epoch [5/100], Batch [10/90], Loss: 3.8343, Accuracy: 8.33%
Epoch [5/100], Batch [20/90], Loss: 3.6058, Accuracy: 16.67%
Epoch [5/100], Batch [30/90], Loss: 3.8477, Accuracy: 8.33%
Epoch [5/100], Batch [40/90], Loss: 3.7312, Accuracy: 4.17%
Epoch [5/100], Batch [50/90], Loss: 3.4166, Accuracy: 20.83%
Epoch [5/100], Batch [60/90], Loss: 3.3599, Accuracy: 16.67%
Epoch [5/100], Batch [70/90], Loss: 3.8219, Accuracy: 12.50%
Epoch [5/100], Batch [80/90], Loss: 3.6106, Accuracy: 12.50%
Epoch [5/100], Batch [90/90], Loss: 3.5954, Accuracy: 0.00%
Epoch [5] Training Loss: 3.7157, Training Accuracy: 11.02%
Epoch [5] Validation Loss: 4.0564, Validation Accuracy: 7.43%

No improvement for 1 epoch(s).


[DEBUG] One training batch loaded:
  inputs.shape = torch.Size([24, 3, 30, 224, 224])
  labels.shape = torch.Size([24])
  sample videos = ['DATASET/protijogita/p3_f_protijogita.mp4', 'DATASET/moja/p15_c_moja.mp4', 'DATASET/tokhon/p3_f_tokhon.mp4']
[DEBUG] Model output logits shape: torch.Size([24, 90])
[DEBUG] labels: [64, 79, 19, 3, 60, 9, 25, 34]
[DEBUG] preds: [32, 24, 42, 42, 42, 43, 69, 65]
Epoch [6/100], Batch [10/90], Loss: 3.7062, Accuracy: 8.33%
Epoch [6/100], Batch [20/90], Loss: 3.6348, Accuracy: 0.00%
Epoch [6/100], Batch [30/90], Loss: 3.7077, Accuracy: 12.50%
Epoch [6/100], Batch [40/90], Loss: 3.2871, Accuracy: 20.83%
Epoch [6/100], Batch [50/90], Loss: 3.7932, Accuracy: 8.33%
Epoch [6/100], Batch [60/90], Loss: 3.5892, Accuracy: 4.17%
Epoch [6/100], Batch [70/90], Loss: 3.7125, Accuracy: 12.50%
Epoch [6/100], Batch [80/90], Loss: 3.8183, Accuracy: 8.33%
Epoch [6/100], Batch [90/90], Loss: 3.5890, Accuracy: 4.17%
Epoch [6] Training Loss: 3.5861, Training Accuracy: 12.04%
Epoch [6] Validation Loss: 4.0091, Validation Accuracy: 9.42%

Validation accuracy improved. Model saved to ./checkpoints/best_model_5_9.pth


[DEBUG] One training batch loaded:
  inputs.shape = torch.Size([24, 3, 30, 224, 224])
  labels.shape = torch.Size([24])
  sample videos = ['DATASET/shona/p7_f_shona.mp4', 'DATASET/kintu/p15_c_kintu.mp4', 'DATASET/somporko/p12_f_somporko.mp4']
[DEBUG] Model output logits shape: torch.Size([24, 90])
[DEBUG] labels: [40, 53, 75, 39, 68, 29, 86, 68]
[DEBUG] preds: [88, 27, 34, 33, 46, 29, 62, 42]
Epoch [7/100], Batch [10/90], Loss: 3.9287, Accuracy: 8.33%
Epoch [7/100], Batch [20/90], Loss: 3.7028, Accuracy: 8.33%
Epoch [7/100], Batch [30/90], Loss: 3.5062, Accuracy: 4.17%
Epoch [7/100], Batch [40/90], Loss: 3.2775, Accuracy: 16.67%
Epoch [7/100], Batch [50/90], Loss: 3.2020, Accuracy: 25.00%
Epoch [7/100], Batch [60/90], Loss: 3.7075, Accuracy: 20.83%
Epoch [7/100], Batch [70/90], Loss: 4.1699, Accuracy: 4.17%
Epoch [7/100], Batch [80/90], Loss: 3.4110, Accuracy: 20.83%
Epoch [7/100], Batch [90/90], Loss: 3.3804, Accuracy: 16.67%
Epoch [7] Training Loss: 3.4185, Training Accuracy: 15.42%
Epoch [7] Validation Loss: 3.8881, Validation Accuracy: 8.88%

No improvement for 1 epoch(s).


[DEBUG] One training batch loaded:
  inputs.shape = torch.Size([24, 3, 30, 224, 224])
  labels.shape = torch.Size([24])
  sample videos = ['DATASET/sahajjo/p6_c_sahajjo.mp4', 'DATASET/protigga/p16_f_protigga.mp4', 'DATASET/khelowar/p16_f_khelowar.mp4']
[DEBUG] Model output logits shape: torch.Size([24, 90])
[DEBUG] labels: [69, 56, 22, 0, 41, 44, 14, 18]
[DEBUG] preds: [19, 26, 76, 0, 87, 44, 38, 26]
Epoch [8/100], Batch [10/90], Loss: 3.4274, Accuracy: 16.67%
Epoch [8/100], Batch [20/90], Loss: 3.5445, Accuracy: 8.33%
Epoch [8/100], Batch [30/90], Loss: 3.5272, Accuracy: 16.67%
Epoch [8/100], Batch [40/90], Loss: 3.4898, Accuracy: 25.00%
Epoch [8/100], Batch [50/90], Loss: 3.0400, Accuracy: 16.67%
Epoch [8/100], Batch [60/90], Loss: 3.4601, Accuracy: 16.67%
Epoch [8/100], Batch [70/90], Loss: 3.1473, Accuracy: 8.33%
Epoch [8/100], Batch [80/90], Loss: 3.7291, Accuracy: 4.17%
Epoch [8/100], Batch [90/90], Loss: 3.2959, Accuracy: 16.67%
Epoch [8] Training Loss: 3.2753, Training Accuracy: 16.94%
Epoch [8] Validation Loss: 3.8133, Validation Accuracy: 11.23%

Validation accuracy improved. Model saved to ./checkpoints/best_model_7_11.pth


[DEBUG] One training batch loaded:
  inputs.shape = torch.Size([24, 3, 30, 224, 224])
  labels.shape = torch.Size([24])
  sample videos = ['DATASET/sotru/p14_c_sotru.mp4', 'DATASET/boi/p15_c_boi.mp4', 'DATASET/poriskar/p7_f_poriskar.mp4']
[DEBUG] Model output logits shape: torch.Size([24, 90])
[DEBUG] labels: [73, 45, 54, 17, 89, 1, 74, 80]
[DEBUG] preds: [73, 12, 7, 17, 2, 74, 14, 34]
Epoch [9/100], Batch [10/90], Loss: 3.5184, Accuracy: 8.33%
Epoch [9/100], Batch [20/90], Loss: 3.3039, Accuracy: 20.83%
Epoch [9/100], Batch [30/90], Loss: 3.1145, Accuracy: 16.67%
Epoch [9/100], Batch [40/90], Loss: 2.9653, Accuracy: 33.33%
Epoch [9/100], Batch [50/90], Loss: 3.3390, Accuracy: 16.67%
Epoch [9/100], Batch [60/90], Loss: 2.6781, Accuracy: 29.17%
Epoch [9/100], Batch [70/90], Loss: 3.5172, Accuracy: 8.33%
Epoch [9/100], Batch [80/90], Loss: 3.6334, Accuracy: 8.33%
Epoch [9/100], Batch [90/90], Loss: 3.4248, Accuracy: 12.50%
Epoch [9] Training Loss: 3.2464, Training Accuracy: 18.24%
Epoch [9] Validation Loss: 4.1542, Validation Accuracy: 7.79%

No improvement for 1 epoch(s).


[DEBUG] One training batch loaded:
  inputs.shape = torch.Size([24, 3, 30, 224, 224])
  labels.shape = torch.Size([24])
  sample videos = ['DATASET/gach/p14_c_gach.mp4', 'DATASET/jodi/p4_f_jodi.mp4', 'DATASET/uvoy/p11_c_uvoy.mp4']
[DEBUG] Model output logits shape: torch.Size([24, 90])
[DEBUG] labels: [59, 23, 42, 77, 81, 77, 86, 53]
[DEBUG] preds: [31, 4, 20, 20, 44, 63, 44, 77]
Epoch [10/100], Batch [10/90], Loss: 2.9389, Accuracy: 25.00%
Epoch [10/100], Batch [20/90], Loss: 3.2024, Accuracy: 16.67%
Epoch [10/100], Batch [30/90], Loss: 2.9385, Accuracy: 25.00%
Epoch [10/100], Batch [40/90], Loss: 3.1262, Accuracy: 25.00%
Epoch [10/100], Batch [50/90], Loss: 3.4047, Accuracy: 4.17%
Epoch [10/100], Batch [60/90], Loss: 2.7367, Accuracy: 29.17%
Epoch [10/100], Batch [70/90], Loss: 2.9500, Accuracy: 16.67%
Epoch [10/100], Batch [80/90], Loss: 3.0883, Accuracy: 12.50%
Epoch [10/100], Batch [90/90], Loss: 3.3665, Accuracy: 20.83%
Epoch [10] Training Loss: 3.1301, Training Accuracy: 20.00%
Epoch [10] Validation Loss: 4.0278, Validation Accuracy: 11.78%

Validation accuracy improved. Model saved to ./checkpoints/best_model_9_12.pth


[DEBUG] One training batch loaded:
  inputs.shape = torch.Size([24, 3, 30, 224, 224])
  labels.shape = torch.Size([24])
  sample videos = ['DATASET/chikitsha/p13_f_chikitsha.mp4', 'DATASET/tv/p11_f_tv.mp4', 'DATASET/sotto/p8_f_sotto.mp4']
[DEBUG] Model output logits shape: torch.Size([24, 90])
[DEBUG] labels: [32, 88, 72, 61, 0, 30, 20, 25]
[DEBUG] preds: [76, 8, 73, 61, 0, 36, 55, 10]
Epoch [11/100], Batch [10/90], Loss: 2.6569, Accuracy: 12.50%
Epoch [11/100], Batch [20/90], Loss: 2.9613, Accuracy: 20.83%
Epoch [11/100], Batch [30/90], Loss: 2.6657, Accuracy: 33.33%
Epoch [11/100], Batch [40/90], Loss: 2.9014, Accuracy: 29.17%
Epoch [11/100], Batch [50/90], Loss: 2.7515, Accuracy: 37.50%
Epoch [11/100], Batch [60/90], Loss: 3.2929, Accuracy: 25.00%
Epoch [11/100], Batch [70/90], Loss: 2.7197, Accuracy: 45.83%
Epoch [11/100], Batch [80/90], Loss: 2.7064, Accuracy: 50.00%
Epoch [11/100], Batch [90/90], Loss: 2.2605, Accuracy: 45.83%
Epoch [11] Training Loss: 2.8690, Training Accuracy: 26.11%
Epoch [11] Validation Loss: 3.8221, Validation Accuracy: 12.32%

Validation accuracy improved. Model saved to ./checkpoints/best_model_10_12.pth


[DEBUG] One training batch loaded:
  inputs.shape = torch.Size([24, 3, 30, 224, 224])
  labels.shape = torch.Size([24])
  sample videos = ['DATASET/aangti/p14_c_aangti.mp4', 'DATASET/sandal/p8_f_sandal.mp4', 'DATASET/tokhon/p14_f_tokhon.mp4']
[DEBUG] Model output logits shape: torch.Size([24, 90])
[DEBUG] labels: [51, 49, 19, 4, 78, 82, 89, 79]
[DEBUG] preds: [40, 40, 70, 52, 78, 66, 44, 49]
Epoch [12/100], Batch [10/90], Loss: 2.7600, Accuracy: 33.33%
Epoch [12/100], Batch [20/90], Loss: 2.5205, Accuracy: 37.50%
Epoch [12/100], Batch [30/90], Loss: 2.6565, Accuracy: 25.00%
Epoch [12/100], Batch [40/90], Loss: 2.2534, Accuracy: 33.33%
Epoch [12/100], Batch [50/90], Loss: 2.7727, Accuracy: 33.33%
Epoch [12/100], Batch [60/90], Loss: 2.4980, Accuracy: 37.50%
Epoch [12/100], Batch [70/90], Loss: 2.8444, Accuracy: 16.67%
Epoch [12/100], Batch [80/90], Loss: 2.3625, Accuracy: 37.50%
Epoch [12/100], Batch [90/90], Loss: 2.2598, Accuracy: 33.33%
Epoch [12] Training Loss: 2.5881, Training Accuracy: 32.04%
Epoch [12] Validation Loss: 3.8645, Validation Accuracy: 12.14%

No improvement for 1 epoch(s).


[DEBUG] One training batch loaded:
  inputs.shape = torch.Size([24, 3, 30, 224, 224])
  labels.shape = torch.Size([24])
  sample videos = ['DATASET/gach/p6_f_gach.mp4', 'DATASET/subidha/p8_f_subidha.mp4', 'DATASET/robibar/p15_c_robibar.mp4']
[DEBUG] Model output logits shape: torch.Size([24, 90])
[DEBUG] labels: [59, 50, 71, 64, 32, 41, 23, 66]
[DEBUG] preds: [31, 24, 1, 63, 32, 41, 42, 56]
Epoch [13/100], Batch [10/90], Loss: 2.4729, Accuracy: 33.33%
Epoch [13/100], Batch [20/90], Loss: 2.8909, Accuracy: 12.50%
Epoch [13/100], Batch [30/90], Loss: 2.7428, Accuracy: 25.00%
Epoch [13/100], Batch [40/90], Loss: 3.0770, Accuracy: 33.33%
Epoch [13/100], Batch [50/90], Loss: 2.5960, Accuracy: 29.17%
Epoch [13/100], Batch [60/90], Loss: 2.8857, Accuracy: 29.17%
Epoch [13/100], Batch [70/90], Loss: 2.5634, Accuracy: 20.83%
Epoch [13/100], Batch [80/90], Loss: 2.8747, Accuracy: 20.83%
Epoch [13/100], Batch [90/90], Loss: 2.8679, Accuracy: 20.83%
Epoch [13] Training Loss: 2.5696, Training Accuracy: 33.33%
Epoch [13] Validation Loss: 3.8375, Validation Accuracy: 12.86%

Validation accuracy improved. Model saved to ./checkpoints/best_model_12_13.pth


[DEBUG] One training batch loaded:
  inputs.shape = torch.Size([24, 3, 30, 224, 224])
  labels.shape = torch.Size([24])
  sample videos = ['DATASET/chata/p6_f_chata.mp4', 'DATASET/protibeshi/p15_f_protibeshi.mp4', 'DATASET/nodi/p13_f_nodi.mp4']
[DEBUG] Model output logits shape: torch.Size([24, 90])
[DEBUG] labels: [18, 34, 2, 24, 17, 57, 57, 34]
[DEBUG] preds: [18, 14, 33, 24, 86, 57, 28, 68]
Epoch [14/100], Batch [10/90], Loss: 2.8366, Accuracy: 25.00%
Epoch [14/100], Batch [20/90], Loss: 1.9335, Accuracy: 50.00%
Epoch [14/100], Batch [30/90], Loss: 2.7382, Accuracy: 20.83%
Epoch [14/100], Batch [40/90], Loss: 2.5525, Accuracy: 37.50%
Epoch [14/100], Batch [50/90], Loss: 2.4670, Accuracy: 37.50%
Epoch [14/100], Batch [60/90], Loss: 2.2980, Accuracy: 25.00%
Epoch [14/100], Batch [70/90], Loss: 2.7024, Accuracy: 41.67%
Epoch [14/100], Batch [80/90], Loss: 2.3963, Accuracy: 41.67%
Epoch [14/100], Batch [90/90], Loss: 2.3407, Accuracy: 29.17%
Epoch [14] Training Loss: 2.4762, Training Accuracy: 31.99%
Epoch [14] Validation Loss: 3.8361, Validation Accuracy: 12.50%

No improvement for 1 epoch(s).


[DEBUG] One training batch loaded:
  inputs.shape = torch.Size([24, 3, 30, 224, 224])
  labels.shape = torch.Size([24])
  sample videos = ['DATASET/khela/p1_c_khela.mp4', 'DATASET/shikkhok/p14_f_shikkhok.mp4', 'DATASET/valobasha/p8_c_valobasha.mp4']
[DEBUG] Model output logits shape: torch.Size([24, 90])
[DEBUG] labels: [61, 27, 20, 68, 81, 33, 19, 89]
[DEBUG] preds: [61, 17, 48, 68, 81, 18, 30, 85]
Epoch [15/100], Batch [10/90], Loss: 2.7846, Accuracy: 33.33%
Epoch [15/100], Batch [20/90], Loss: 2.4185, Accuracy: 33.33%
Epoch [15/100], Batch [30/90], Loss: 2.4927, Accuracy: 25.00%
Epoch [15/100], Batch [40/90], Loss: 2.4450, Accuracy: 37.50%
Epoch [15/100], Batch [50/90], Loss: 2.0677, Accuracy: 41.67%
Epoch [15/100], Batch [60/90], Loss: 3.0636, Accuracy: 12.50%
Epoch [15/100], Batch [70/90], Loss: 2.0229, Accuracy: 45.83%
Epoch [15/100], Batch [80/90], Loss: 2.5189, Accuracy: 33.33%
Epoch [15/100], Batch [90/90], Loss: 2.6039, Accuracy: 29.17%
Epoch [15] Training Loss: 2.3933, Training Accuracy: 36.81%
Epoch [15] Validation Loss: 3.8831, Validation Accuracy: 13.41%

Validation accuracy improved. Model saved to ./checkpoints/best_model_14_13.pth


[DEBUG] One training batch loaded:
  inputs.shape = torch.Size([24, 3, 30, 224, 224])
  labels.shape = torch.Size([24])
  sample videos = ['DATASET/mosha/p4_c_mosha.mp4', 'DATASET/protibondhi/p12_f_protibondhi.mp4', 'DATASET/pakhi/p12_f_pakhi.mp4']
[DEBUG] Model output logits shape: torch.Size([24, 90])
[DEBUG] labels: [57, 58, 44, 61, 17, 63, 75, 6]
[DEBUG] preds: [1, 58, 44, 61, 72, 63, 30, 85]
Epoch [16/100], Batch [10/90], Loss: 1.9871, Accuracy: 50.00%
Epoch [16/100], Batch [20/90], Loss: 2.4384, Accuracy: 37.50%
Epoch [16/100], Batch [30/90], Loss: 2.1970, Accuracy: 33.33%
Epoch [16/100], Batch [40/90], Loss: 2.5497, Accuracy: 45.83%
Epoch [16/100], Batch [50/90], Loss: 2.1996, Accuracy: 41.67%
Epoch [16/100], Batch [60/90], Loss: 1.8599, Accuracy: 37.50%
Epoch [16/100], Batch [70/90], Loss: 1.8050, Accuracy: 50.00%
Epoch [16/100], Batch [80/90], Loss: 2.6268, Accuracy: 33.33%
Epoch [16/100], Batch [90/90], Loss: 2.0615, Accuracy: 50.00%
Epoch [16] Training Loss: 2.3546, Training Accuracy: 36.34%
Epoch [16] Validation Loss: 3.9070, Validation Accuracy: 12.32%

No improvement for 1 epoch(s).


[DEBUG] One training batch loaded:
  inputs.shape = torch.Size([24, 3, 30, 224, 224])
  labels.shape = torch.Size([24])
  sample videos = ['DATASET/jiggasha/p14_c_jiggasha.mp4', 'DATASET/doctor/p16_c_doctor.mp4', 'DATASET/goru/p13_f_goru.mp4']
[DEBUG] Model output logits shape: torch.Size([24, 90])
[DEBUG] labels: [66, 55, 29, 84, 36, 11, 34, 64]
[DEBUG] preds: [33, 1, 86, 87, 36, 11, 68, 47]
Epoch [17/100], Batch [10/90], Loss: 2.3592, Accuracy: 29.17%
Epoch [17/100], Batch [20/90], Loss: 2.3681, Accuracy: 37.50%
Epoch [17/100], Batch [30/90], Loss: 2.5912, Accuracy: 25.00%
Epoch [17/100], Batch [40/90], Loss: 2.2722, Accuracy: 33.33%
Epoch [17/100], Batch [50/90], Loss: 2.2188, Accuracy: 45.83%
Epoch [17/100], Batch [60/90], Loss: 1.9198, Accuracy: 54.17%
Epoch [17/100], Batch [70/90], Loss: 2.2324, Accuracy: 41.67%
Epoch [17/100], Batch [80/90], Loss: 2.6479, Accuracy: 29.17%
Epoch [17/100], Batch [90/90], Loss: 2.0194, Accuracy: 58.33%
Epoch [17] Training Loss: 2.3694, Training Accuracy: 36.62%
Epoch [17] Validation Loss: 3.9418, Validation Accuracy: 11.78%

No improvement for 2 epoch(s).


[DEBUG] One training batch loaded:
  inputs.shape = torch.Size([24, 3, 30, 224, 224])
  labels.shape = torch.Size([24])
  sample videos = ['DATASET/prosno/p2_f_prosno.mp4', 'DATASET/bondhu/p16_f_bondhu.mp4', 'DATASET/shona/p16_f_shona.mp4']
[DEBUG] Model output logits shape: torch.Size([24, 90])
[DEBUG] labels: [36, 25, 40, 52, 12, 62, 22, 27]
[DEBUG] preds: [30, 68, 70, 52, 12, 62, 22, 27]
Epoch [18/100], Batch [10/90], Loss: 2.0472, Accuracy: 54.17%
Epoch [18/100], Batch [20/90], Loss: 2.1847, Accuracy: 41.67%
Epoch [18/100], Batch [30/90], Loss: 2.2262, Accuracy: 37.50%
Epoch [18/100], Batch [40/90], Loss: 2.2510, Accuracy: 33.33%
Epoch [18/100], Batch [50/90], Loss: 2.4029, Accuracy: 16.67%
Epoch [18/100], Batch [60/90], Loss: 2.7153, Accuracy: 29.17%
Epoch [18/100], Batch [70/90], Loss: 2.1314, Accuracy: 33.33%
Epoch [18/100], Batch [80/90], Loss: 2.2154, Accuracy: 37.50%
Epoch [18/100], Batch [90/90], Loss: 2.4107, Accuracy: 37.50%
Epoch [18] Training Loss: 2.3076, Training Accuracy: 37.08%
Epoch [18] Validation Loss: 3.9420, Validation Accuracy: 11.78%

No improvement for 3 epoch(s).


[DEBUG] One training batch loaded:
  inputs.shape = torch.Size([24, 3, 30, 224, 224])
  labels.shape = torch.Size([24])
  sample videos = ['DATASET/sharee/p2_f_sharee.mp4', 'DATASET/boro/p16_f_boro.mp4', 'DATASET/gach/p15_f_gach.mp4']
[DEBUG] Model output logits shape: torch.Size([24, 90])
[DEBUG] labels: [28, 77, 59, 49, 65, 70, 23, 39]
[DEBUG] preds: [2, 77, 59, 39, 75, 29, 23, 39]
Epoch [19/100], Batch [10/90], Loss: 1.9951, Accuracy: 54.17%
Epoch [19/100], Batch [20/90], Loss: 2.2918, Accuracy: 41.67%
Epoch [19/100], Batch [30/90], Loss: 2.5297, Accuracy: 37.50%
Epoch [19/100], Batch [40/90], Loss: 2.3946, Accuracy: 33.33%
Epoch [19/100], Batch [50/90], Loss: 2.0183, Accuracy: 37.50%
Epoch [19/100], Batch [60/90], Loss: 1.9188, Accuracy: 54.17%
Epoch [19/100], Batch [70/90], Loss: 2.1848, Accuracy: 33.33%
Epoch [19/100], Batch [80/90], Loss: 2.3573, Accuracy: 45.83%
Epoch [19/100], Batch [90/90], Loss: 2.0284, Accuracy: 41.67%
Epoch [19] Training Loss: 2.2658, Training Accuracy: 39.86%
Epoch [19] Validation Loss: 3.9579, Validation Accuracy: 10.87%

No improvement for 4 epoch(s).


[DEBUG] One training batch loaded:
  inputs.shape = torch.Size([24, 3, 30, 224, 224])
  labels.shape = torch.Size([24])
  sample videos = ['DATASET/kothay/p2_f_kothay.mp4', 'DATASET/subidha/p16_c_subidha.mp4', 'DATASET/kothay/p6_c_kothay.mp4']
[DEBUG] Model output logits shape: torch.Size([24, 90])
[DEBUG] labels: [41, 50, 41, 72, 48, 25, 54, 63]
[DEBUG] preds: [87, 41, 61, 73, 15, 25, 20, 78]
Epoch [20/100], Batch [10/90], Loss: 2.4102, Accuracy: 37.50%
Epoch [20/100], Batch [20/90], Loss: 1.7313, Accuracy: 45.83%
Epoch [20/100], Batch [30/90], Loss: 2.4238, Accuracy: 33.33%
Epoch [20/100], Batch [40/90], Loss: 2.4200, Accuracy: 33.33%
Epoch [20/100], Batch [50/90], Loss: 2.4399, Accuracy: 45.83%
Epoch [20/100], Batch [60/90], Loss: 2.1970, Accuracy: 45.83%
Epoch [20/100], Batch [70/90], Loss: 2.1537, Accuracy: 50.00%
Epoch [20/100], Batch [80/90], Loss: 2.2686, Accuracy: 33.33%
Epoch [20/100], Batch [90/90], Loss: 2.1201, Accuracy: 37.50%
Epoch [20] Training Loss: 2.1758, Training Accuracy: 41.99%
Epoch [20] Validation Loss: 4.0498, Validation Accuracy: 11.59%

No improvement for 5 epoch(s).


[DEBUG] One training batch loaded:
  inputs.shape = torch.Size([24, 3, 30, 224, 224])
  labels.shape = torch.Size([24])
  sample videos = ['DATASET/raat/p12_f_raat.mp4', 'DATASET/jokhon/p11_c_jokhon.mp4', 'DATASET/mehman/p12_f_mehman.mp4']
[DEBUG] Model output logits shape: torch.Size([24, 90])
[DEBUG] labels: [11, 1, 26, 45, 15, 36, 26, 70]
[DEBUG] preds: [31, 1, 67, 4, 15, 79, 26, 70]
Epoch [21/100], Batch [10/90], Loss: 2.3961, Accuracy: 25.00%
Epoch [21/100], Batch [20/90], Loss: 1.9722, Accuracy: 37.50%
Epoch [21/100], Batch [30/90], Loss: 2.1510, Accuracy: 37.50%
Epoch [21/100], Batch [40/90], Loss: 2.5455, Accuracy: 29.17%
Epoch [21/100], Batch [50/90], Loss: 2.1344, Accuracy: 45.83%
Epoch [21/100], Batch [60/90], Loss: 2.1830, Accuracy: 41.67%
Epoch [21/100], Batch [70/90], Loss: 2.6247, Accuracy: 25.00%
Epoch [21/100], Batch [80/90], Loss: 2.3331, Accuracy: 33.33%
Epoch [21/100], Batch [90/90], Loss: 2.2307, Accuracy: 41.67%
Epoch [21] Training Loss: 2.3006, Training Accuracy: 38.19%
Epoch [21] Validation Loss: 3.9713, Validation Accuracy: 11.78%

No improvement for 6 epoch(s).


[DEBUG] One training batch loaded:
  inputs.shape = torch.Size([24, 3, 30, 224, 224])
  labels.shape = torch.Size([24])
  sample videos = ['DATASET/subidha/p7_c_subidha.mp4', 'DATASET/shikkhok/p6_f_shikkhok.mp4', 'DATASET/bichana/p13_c_bichana.mp4']
[DEBUG] Model output logits shape: torch.Size([24, 90])
[DEBUG] labels: [50, 27, 10, 34, 34, 37, 18, 82]
[DEBUG] preds: [50, 74, 10, 34, 34, 37, 18, 1]
Epoch [22/100], Batch [10/90], Loss: 2.2218, Accuracy: 37.50%
Epoch [22/100], Batch [20/90], Loss: 2.5114, Accuracy: 20.83%
Epoch [22/100], Batch [30/90], Loss: 2.0725, Accuracy: 54.17%
Epoch [22/100], Batch [40/90], Loss: 2.2618, Accuracy: 37.50%
Epoch [22/100], Batch [50/90], Loss: 1.9154, Accuracy: 54.17%
Epoch [22/100], Batch [60/90], Loss: 2.1686, Accuracy: 50.00%
Epoch [22/100], Batch [70/90], Loss: 2.3295, Accuracy: 41.67%
Epoch [22/100], Batch [80/90], Loss: 2.0092, Accuracy: 58.33%
Epoch [22/100], Batch [90/90], Loss: 2.1641, Accuracy: 37.50%
Epoch [22] Training Loss: 2.1538, Training Accuracy: 42.92%
Epoch [22] Validation Loss: 3.9681, Validation Accuracy: 11.96%

No improvement for 7 epoch(s).


[DEBUG] One training batch loaded:
  inputs.shape = torch.Size([24, 3, 30, 224, 224])
  labels.shape = torch.Size([24])
  sample videos = ['DATASET/boi/p7_f_boi.mp4', 'DATASET/khelowar/p4_c_khelowar.mp4', 'DATASET/hospital/p13_c_hospital.mp4']
[DEBUG] Model output logits shape: torch.Size([24, 90])
[DEBUG] labels: [45, 22, 35, 32, 28, 45, 36, 31]
[DEBUG] preds: [45, 22, 16, 15, 75, 45, 80, 59]
Epoch [23/100], Batch [10/90], Loss: 2.0315, Accuracy: 37.50%
Epoch [23/100], Batch [20/90], Loss: 1.9053, Accuracy: 62.50%
Epoch [23/100], Batch [30/90], Loss: 2.0853, Accuracy: 41.67%
Epoch [23/100], Batch [40/90], Loss: 2.1665, Accuracy: 41.67%
Epoch [23/100], Batch [50/90], Loss: 1.9929, Accuracy: 37.50%
Epoch [23/100], Batch [60/90], Loss: 2.6782, Accuracy: 37.50%
Epoch [23/100], Batch [70/90], Loss: 1.6560, Accuracy: 58.33%
Epoch [23/100], Batch [80/90], Loss: 1.7761, Accuracy: 58.33%
Epoch [23/100], Batch [90/90], Loss: 2.6618, Accuracy: 33.33%
Epoch [23] Training Loss: 2.1347, Training Accuracy: 42.87%
Epoch [23] Validation Loss: 3.9437, Validation Accuracy: 12.14%

No improvement for 8 epoch(s).


[DEBUG] One training batch loaded:
  inputs.shape = torch.Size([24, 3, 30, 224, 224])
  labels.shape = torch.Size([24])
  sample videos = ['DATASET/mosha/p16_f_mosha.mp4', 'DATASET/tokhon/p8_f_tokhon.mp4', 'DATASET/poriskar/p16_f_poriskar.mp4']
[DEBUG] Model output logits shape: torch.Size([24, 90])
[DEBUG] labels: [57, 19, 54, 28, 21, 37, 76, 36]
[DEBUG] preds: [30, 9, 47, 28, 67, 32, 81, 0]
Epoch [24/100], Batch [10/90], Loss: 1.7996, Accuracy: 54.17%
Epoch [24/100], Batch [20/90], Loss: 2.5481, Accuracy: 25.00%
Epoch [24/100], Batch [30/90], Loss: 2.0272, Accuracy: 58.33%
Epoch [24/100], Batch [40/90], Loss: 1.9284, Accuracy: 45.83%
Epoch [24/100], Batch [50/90], Loss: 2.1801, Accuracy: 37.50%
Epoch [24/100], Batch [60/90], Loss: 2.0883, Accuracy: 37.50%
Epoch [24/100], Batch [70/90], Loss: 1.7985, Accuracy: 62.50%
Epoch [24/100], Batch [80/90], Loss: 2.4659, Accuracy: 25.00%
Epoch [24/100], Batch [90/90], Loss: 2.3978, Accuracy: 37.50%
Epoch [24] Training Loss: 2.1824, Training Accuracy: 41.02%
Epoch [24] Validation Loss: 3.9375, Validation Accuracy: 12.14%

No improvement for 9 epoch(s).


[DEBUG] One training batch loaded:
  inputs.shape = torch.Size([24, 3, 30, 224, 224])
  labels.shape = torch.Size([24])
  sample videos = ['DATASET/ador/p7_f_ador.mp4', 'DATASET/tokhon/p2_f_tokhon.mp4', 'DATASET/gach/p11_f_gach.mp4']
[DEBUG] Model output logits shape: torch.Size([24, 90])
[DEBUG] labels: [48, 19, 59, 29, 72, 50, 1, 84]
[DEBUG] preds: [57, 19, 59, 29, 43, 50, 1, 18]
Epoch [25/100], Batch [10/90], Loss: 2.2670, Accuracy: 45.83%
Epoch [25/100], Batch [20/90], Loss: 2.0730, Accuracy: 54.17%
Epoch [25/100], Batch [30/90], Loss: 2.2255, Accuracy: 41.67%
Epoch [25/100], Batch [40/90], Loss: 2.2406, Accuracy: 45.83%
Epoch [25/100], Batch [50/90], Loss: 2.4850, Accuracy: 45.83%
Epoch [25/100], Batch [60/90], Loss: 2.1066, Accuracy: 45.83%
Epoch [25/100], Batch [70/90], Loss: 2.4275, Accuracy: 25.00%
Epoch [25/100], Batch [80/90], Loss: 2.4107, Accuracy: 33.33%
Epoch [25/100], Batch [90/90], Loss: 2.0043, Accuracy: 37.50%
Epoch [25] Training Loss: 2.1495, Training Accuracy: 43.52%
Epoch [25] Validation Loss: 3.9372, Validation Accuracy: 12.32%

No improvement for 10 epoch(s).


[DEBUG] One training batch loaded:
  inputs.shape = torch.Size([24, 3, 30, 224, 224])
  labels.shape = torch.Size([24])
  sample videos = ['DATASET/durbol/p14_c_durbol.mp4', 'DATASET/protibondhi/p1_c_protibondhi.mp4', 'DATASET/uvoy/p1_c_uvoy.mp4']
[DEBUG] Model output logits shape: torch.Size([24, 90])
[DEBUG] labels: [67, 58, 42, 6, 64, 35, 81, 13]
[DEBUG] preds: [29, 70, 50, 5, 76, 84, 81, 41]
Epoch [26/100], Batch [10/90], Loss: 1.8538, Accuracy: 54.17%
Epoch [26/100], Batch [20/90], Loss: 2.2205, Accuracy: 41.67%
Epoch [26/100], Batch [30/90], Loss: 1.7330, Accuracy: 41.67%
Epoch [26/100], Batch [40/90], Loss: 2.4522, Accuracy: 25.00%
Epoch [26/100], Batch [50/90], Loss: 1.9939, Accuracy: 41.67%
Epoch [26/100], Batch [60/90], Loss: 2.1261, Accuracy: 45.83%
Epoch [26/100], Batch [70/90], Loss: 2.3090, Accuracy: 41.67%
Epoch [26/100], Batch [80/90], Loss: 2.4666, Accuracy: 33.33%
Epoch [26/100], Batch [90/90], Loss: 1.9783, Accuracy: 41.67%
Epoch [26] Training Loss: 2.1674, Training Accuracy: 41.20%
Epoch [26] Validation Loss: 3.9520, Validation Accuracy: 11.96%

No improvement for 11 epoch(s).


[DEBUG] One training batch loaded:
  inputs.shape = torch.Size([24, 3, 30, 224, 224])
  labels.shape = torch.Size([24])
  sample videos = ['DATASET/somoy/p1_f_somoy.mp4', 'DATASET/tv/p8_c_tv.mp4', 'DATASET/bagan/p7_f_bagan.mp4']
[DEBUG] Model output logits shape: torch.Size([24, 90])
[DEBUG] labels: [37, 88, 13, 38, 20, 64, 61, 10]
[DEBUG] preds: [87, 64, 13, 38, 20, 18, 61, 10]
Epoch [27/100], Batch [10/90], Loss: 2.2834, Accuracy: 41.67%
Epoch [27/100], Batch [20/90], Loss: 2.1151, Accuracy: 45.83%
Epoch [27/100], Batch [30/90], Loss: 2.1866, Accuracy: 45.83%
Epoch [27/100], Batch [40/90], Loss: 2.2378, Accuracy: 41.67%
Epoch [27/100], Batch [50/90], Loss: 2.3060, Accuracy: 37.50%
Epoch [27/100], Batch [60/90], Loss: 1.9745, Accuracy: 41.67%
Epoch [27/100], Batch [70/90], Loss: 2.1290, Accuracy: 50.00%
Epoch [27/100], Batch [80/90], Loss: 2.2442, Accuracy: 45.83%
Epoch [27/100], Batch [90/90], Loss: 1.5440, Accuracy: 62.50%
Epoch [27] Training Loss: 2.1985, Training Accuracy: 40.14%
Epoch [27] Validation Loss: 3.9328, Validation Accuracy: 13.41%

No improvement for 12 epoch(s).


[DEBUG] One training batch loaded:
  inputs.shape = torch.Size([24, 3, 30, 224, 224])
  labels.shape = torch.Size([24])
  sample videos = ['DATASET/ghori/p12_c_ghori.mp4', 'DATASET/ovivabok/p14_c_ovivabok.mp4', 'DATASET/plate/p1_f_plate.mp4']
[DEBUG] Model output logits shape: torch.Size([24, 90])
[DEBUG] labels: [30, 65, 4, 24, 48, 4, 71, 34]
[DEBUG] preds: [30, 28, 2, 70, 48, 60, 22, 68]
Epoch [28/100], Batch [10/90], Loss: 2.5725, Accuracy: 20.83%
Epoch [28/100], Batch [20/90], Loss: 1.6061, Accuracy: 54.17%
Epoch [28/100], Batch [30/90], Loss: 1.9464, Accuracy: 41.67%
Epoch [28/100], Batch [40/90], Loss: 1.8224, Accuracy: 58.33%
Epoch [28/100], Batch [50/90], Loss: 2.2508, Accuracy: 37.50%
Epoch [28/100], Batch [60/90], Loss: 1.7327, Accuracy: 62.50%
Epoch [28/100], Batch [70/90], Loss: 2.3329, Accuracy: 50.00%
Epoch [28/100], Batch [80/90], Loss: 2.3509, Accuracy: 33.33%
Epoch [28/100], Batch [90/90], Loss: 2.7514, Accuracy: 29.17%
Epoch [28] Training Loss: 2.1442, Training Accuracy: 43.19%
Epoch [28] Validation Loss: 3.9358, Validation Accuracy: 11.96%

No improvement for 13 epoch(s).


[DEBUG] One training batch loaded:
  inputs.shape = torch.Size([24, 3, 30, 224, 224])
  labels.shape = torch.Size([24])
  sample videos = ['DATASET/baari/p3_f_baari.mp4', 'DATASET/porisrom/p12_c_porisrom.mp4', 'DATASET/shikkhok/p1_f_shikkhok.mp4']
[DEBUG] Model output logits shape: torch.Size([24, 90])
[DEBUG] labels: [0, 33, 27, 42, 18, 41, 38, 0]
[DEBUG] preds: [0, 33, 80, 60, 18, 41, 5, 0]
Epoch [29/100], Batch [10/90], Loss: 2.2191, Accuracy: 29.17%
Epoch [29/100], Batch [20/90], Loss: 2.5063, Accuracy: 37.50%
Epoch [29/100], Batch [30/90], Loss: 2.1573, Accuracy: 41.67%
Epoch [29/100], Batch [40/90], Loss: 1.7677, Accuracy: 54.17%
Epoch [29/100], Batch [50/90], Loss: 2.3314, Accuracy: 41.67%
Epoch [29/100], Batch [60/90], Loss: 2.1165, Accuracy: 45.83%
Epoch [29/100], Batch [70/90], Loss: 2.3826, Accuracy: 41.67%
Epoch [29/100], Batch [80/90], Loss: 1.8263, Accuracy: 58.33%
Epoch [29/100], Batch [90/90], Loss: 2.2070, Accuracy: 45.83%
Epoch [29] Training Loss: 2.1807, Training Accuracy: 41.39%
Epoch [29] Validation Loss: 3.9395, Validation Accuracy: 12.50%

No improvement for 14 epoch(s).


[DEBUG] One training batch loaded:
  inputs.shape = torch.Size([24, 3, 30, 224, 224])
  labels.shape = torch.Size([24])
  sample videos = ['DATASET/shirt/p3_f_shirt.mp4', 'DATASET/raat/p12_f_raat.mp4', 'DATASET/ador/p14_f_ador.mp4']
[DEBUG] Model output logits shape: torch.Size([24, 90])
[DEBUG] labels: [16, 11, 48, 89, 47, 75, 72, 25]
[DEBUG] preds: [7, 31, 48, 4, 47, 3, 50, 25]
Epoch [30/100], Batch [10/90], Loss: 1.6596, Accuracy: 58.33%
Epoch [30/100], Batch [20/90], Loss: 1.9897, Accuracy: 41.67%
Epoch [30/100], Batch [30/90], Loss: 2.5065, Accuracy: 29.17%
Epoch [30/100], Batch [40/90], Loss: 2.0990, Accuracy: 45.83%
Epoch [30/100], Batch [50/90], Loss: 2.5090, Accuracy: 41.67%
Epoch [30/100], Batch [60/90], Loss: 2.0063, Accuracy: 33.33%
Epoch [30/100], Batch [70/90], Loss: 2.0142, Accuracy: 41.67%
Epoch [30/100], Batch [80/90], Loss: 1.8243, Accuracy: 62.50%
Epoch [30/100], Batch [90/90], Loss: 1.7976, Accuracy: 54.17%
Epoch [30] Training Loss: 2.0678, Training Accuracy: 43.33%
Epoch [30] Validation Loss: 3.9447, Validation Accuracy: 11.96%

No improvement for 15 epoch(s).


[DEBUG] One training batch loaded:
  inputs.shape = torch.Size([24, 3, 30, 224, 224])
  labels.shape = torch.Size([24])
  sample videos = ['DATASET/mask/p4_c_mask.mp4', 'DATASET/sotto/p4_f_sotto.mp4', 'DATASET/somporko/p16_f_somporko.mp4']
[DEBUG] Model output logits shape: torch.Size([24, 90])
[DEBUG] labels: [70, 72, 75, 53, 77, 64, 6, 67]
[DEBUG] preds: [70, 30, 75, 54, 77, 64, 24, 67]
Epoch [31/100], Batch [10/90], Loss: 2.1355, Accuracy: 37.50%
Epoch [31/100], Batch [20/90], Loss: 2.6482, Accuracy: 37.50%
Epoch [31/100], Batch [30/90], Loss: 2.5357, Accuracy: 29.17%
Epoch [31/100], Batch [40/90], Loss: 2.0752, Accuracy: 37.50%
Epoch [31/100], Batch [50/90], Loss: 2.0929, Accuracy: 45.83%
Epoch [31/100], Batch [60/90], Loss: 2.3467, Accuracy: 33.33%
Epoch [31/100], Batch [70/90], Loss: 2.0328, Accuracy: 54.17%
Epoch [31/100], Batch [80/90], Loss: 2.4770, Accuracy: 25.00%
Epoch [31/100], Batch [90/90], Loss: 2.1238, Accuracy: 41.67%
Epoch [31] Training Loss: 2.1818, Training Accuracy: 40.83%
Epoch [31] Validation Loss: 3.9477, Validation Accuracy: 11.96%

No improvement for 16 epoch(s).


[DEBUG] One training batch loaded:
  inputs.shape = torch.Size([24, 3, 30, 224, 224])
  labels.shape = torch.Size([24])
  sample videos = ['DATASET/goru/p8_f_goru.mp4', 'DATASET/goru/p6_c_goru.mp4', 'DATASET/valobasha/p1_c_valobasha.mp4']
[DEBUG] Model output logits shape: torch.Size([24, 90])
[DEBUG] labels: [29, 29, 20, 42, 33, 61, 24, 33]
[DEBUG] preds: [29, 29, 20, 2, 25, 61, 24, 39]
Epoch [32/100], Batch [10/90], Loss: 2.1374, Accuracy: 50.00%
Epoch [32/100], Batch [20/90], Loss: 2.2585, Accuracy: 37.50%
Epoch [32/100], Batch [30/90], Loss: 2.1653, Accuracy: 37.50%
Epoch [32/100], Batch [40/90], Loss: 2.3456, Accuracy: 33.33%
Epoch [32/100], Batch [50/90], Loss: 1.5384, Accuracy: 62.50%
Epoch [32/100], Batch [60/90], Loss: 1.7454, Accuracy: 54.17%
Epoch [32/100], Batch [70/90], Loss: 2.2023, Accuracy: 25.00%
Epoch [32/100], Batch [80/90], Loss: 1.8392, Accuracy: 50.00%
Epoch [32/100], Batch [90/90], Loss: 1.9014, Accuracy: 50.00%
Epoch [32] Training Loss: 2.1383, Training Accuracy: 42.13%
Epoch [32] Validation Loss: 3.9596, Validation Accuracy: 11.78%

No improvement for 17 epoch(s).


[DEBUG] One training batch loaded:
  inputs.shape = torch.Size([24, 3, 30, 224, 224])
  labels.shape = torch.Size([24])
  sample videos = ['DATASET/sandal/p14_f_sandal.mp4', 'DATASET/chosma/p8_f_chosma.mp4', 'DATASET/ki/p2_f_ki.mp4']
[DEBUG] Model output logits shape: torch.Size([24, 90])
[DEBUG] labels: [49, 62, 87, 39, 33, 47, 72, 75]
[DEBUG] preds: [55, 24, 87, 56, 76, 47, 71, 75]
Epoch [33/100], Batch [10/90], Loss: 1.7829, Accuracy: 66.67%
Epoch [33/100], Batch [20/90], Loss: 1.9252, Accuracy: 50.00%
Epoch [33/100], Batch [30/90], Loss: 2.1473, Accuracy: 54.17%
Epoch [33/100], Batch [40/90], Loss: 2.3669, Accuracy: 41.67%
Epoch [33/100], Batch [50/90], Loss: 2.3688, Accuracy: 45.83%
Epoch [33/100], Batch [60/90], Loss: 1.9419, Accuracy: 58.33%
Epoch [33/100], Batch [70/90], Loss: 2.2980, Accuracy: 50.00%
Epoch [33/100], Batch [80/90], Loss: 2.2407, Accuracy: 41.67%
Epoch [33/100], Batch [90/90], Loss: 2.2206, Accuracy: 45.83%
Epoch [33] Training Loss: 2.1598, Training Accuracy: 43.19%
Epoch [33] Validation Loss: 3.9477, Validation Accuracy: 12.32%

No improvement for 18 epoch(s).


[DEBUG] One training batch loaded:
  inputs.shape = torch.Size([24, 3, 30, 224, 224])
  labels.shape = torch.Size([24])
  sample videos = ['DATASET/bondhu/p16_c_bondhu.mp4', 'DATASET/poriskar/p13_f_poriskar.mp4', 'DATASET/aangti/p4_f_aangti.mp4']
[DEBUG] Model output logits shape: torch.Size([24, 90])
[DEBUG] labels: [25, 54, 51, 47, 10, 40, 45, 82]
[DEBUG] preds: [25, 13, 51, 15, 10, 49, 21, 82]
Epoch [34/100], Batch [10/90], Loss: 2.1880, Accuracy: 54.17%
Epoch [34/100], Batch [20/90], Loss: 1.8241, Accuracy: 50.00%
Epoch [34/100], Batch [30/90], Loss: 2.4641, Accuracy: 29.17%
Epoch [34/100], Batch [40/90], Loss: 2.4285, Accuracy: 41.67%
Epoch [34/100], Batch [50/90], Loss: 1.7940, Accuracy: 45.83%
Epoch [34/100], Batch [60/90], Loss: 1.7957, Accuracy: 54.17%
Epoch [34/100], Batch [70/90], Loss: 1.7645, Accuracy: 62.50%
Epoch [34/100], Batch [80/90], Loss: 2.1927, Accuracy: 20.83%
Epoch [34/100], Batch [90/90], Loss: 2.4115, Accuracy: 33.33%
Epoch [34] Training Loss: 2.0990, Training Accuracy: 44.26%
Epoch [34] Validation Loss: 3.9558, Validation Accuracy: 11.78%

No improvement for 19 epoch(s).


[DEBUG] One training batch loaded:
  inputs.shape = torch.Size([24, 3, 30, 224, 224])
  labels.shape = torch.Size([24])
  sample videos = ['DATASET/tv/p11_c_tv.mp4', 'DATASET/poriskar/p11_f_poriskar.mp4', 'DATASET/sandal/p8_f_sandal.mp4']
[DEBUG] Model output logits shape: torch.Size([24, 90])
[DEBUG] labels: [88, 54, 49, 89, 49, 8, 67, 72]
[DEBUG] preds: [86, 53, 37, 89, 51, 74, 2, 36]
Epoch [35/100], Batch [10/90], Loss: 2.0989, Accuracy: 37.50%
Epoch [35/100], Batch [20/90], Loss: 2.2173, Accuracy: 33.33%
Epoch [35/100], Batch [30/90], Loss: 2.2111, Accuracy: 50.00%
Epoch [35/100], Batch [40/90], Loss: 2.2147, Accuracy: 25.00%
Epoch [35/100], Batch [50/90], Loss: 2.3247, Accuracy: 29.17%
Epoch [35/100], Batch [60/90], Loss: 1.6091, Accuracy: 58.33%
Epoch [35/100], Batch [70/90], Loss: 2.0225, Accuracy: 45.83%
Epoch [35/100], Batch [80/90], Loss: 1.9246, Accuracy: 37.50%
Epoch [35/100], Batch [90/90], Loss: 2.5081, Accuracy: 33.33%
Epoch [35] Training Loss: 2.1302, Training Accuracy: 42.50%
Epoch [35] Validation Loss: 3.9451, Validation Accuracy: 11.59%

No improvement for 20 epoch(s).


[DEBUG] One training batch loaded:
  inputs.shape = torch.Size([24, 3, 30, 224, 224])
  labels.shape = torch.Size([24])
  sample videos = ['DATASET/pora/p11_c_pora.mp4', 'DATASET/pora/p8_c_pora.mp4', 'DATASET/mosha/p7_c_mosha.mp4']
[DEBUG] Model output logits shape: torch.Size([24, 90])
[DEBUG] labels: [43, 43, 57, 79, 22, 46, 36, 56]
[DEBUG] preds: [43, 43, 57, 79, 22, 46, 55, 15]
Epoch [36/100], Batch [10/90], Loss: 2.4467, Accuracy: 37.50%
Epoch [36/100], Batch [20/90], Loss: 1.9916, Accuracy: 50.00%
Epoch [36/100], Batch [30/90], Loss: 2.2287, Accuracy: 50.00%
Epoch [36/100], Batch [40/90], Loss: 1.8877, Accuracy: 45.83%
Epoch [36/100], Batch [50/90], Loss: 2.0225, Accuracy: 45.83%
Epoch [36/100], Batch [60/90], Loss: 2.5936, Accuracy: 20.83%
Epoch [36/100], Batch [70/90], Loss: 1.7388, Accuracy: 54.17%
Epoch [36/100], Batch [80/90], Loss: 2.4004, Accuracy: 37.50%
Epoch [36/100], Batch [90/90], Loss: 1.9503, Accuracy: 33.33%
Epoch [36] Training Loss: 2.1011, Training Accuracy: 42.73%
Epoch [36] Validation Loss: 3.9499, Validation Accuracy: 11.78%

No improvement for 21 epoch(s).


[DEBUG] One training batch loaded:
  inputs.shape = torch.Size([24, 3, 30, 224, 224])
  labels.shape = torch.Size([24])
  sample videos = ['DATASET/khoj/p16_f_khoj.mp4', 'DATASET/virus/p15_f_virus.mp4', 'DATASET/baari/p12_c_baari.mp4']
[DEBUG] Model output logits shape: torch.Size([24, 90])
[DEBUG] labels: [76, 39, 0, 50, 27, 44, 31, 14]
[DEBUG] preds: [76, 39, 0, 75, 27, 44, 59, 52]
Epoch [37/100], Batch [10/90], Loss: 2.1664, Accuracy: 29.17%
Epoch [37/100], Batch [20/90], Loss: 2.3916, Accuracy: 29.17%
Epoch [37/100], Batch [30/90], Loss: 1.9549, Accuracy: 54.17%
Epoch [37/100], Batch [40/90], Loss: 1.9592, Accuracy: 45.83%
Epoch [37/100], Batch [50/90], Loss: 1.9321, Accuracy: 62.50%
Epoch [37/100], Batch [60/90], Loss: 2.1985, Accuracy: 25.00%
Epoch [37/100], Batch [70/90], Loss: 1.8562, Accuracy: 37.50%
Epoch [37/100], Batch [80/90], Loss: 2.2665, Accuracy: 20.83%
Epoch [37/100], Batch [90/90], Loss: 2.3440, Accuracy: 37.50%
Epoch [37] Training Loss: 2.1385, Training Accuracy: 41.44%
Epoch [37] Validation Loss: 3.9445, Validation Accuracy: 12.14%

No improvement for 22 epoch(s).


[DEBUG] One training batch loaded:
  inputs.shape = torch.Size([24, 3, 30, 224, 224])
  labels.shape = torch.Size([24])
  sample videos = ['DATASET/dudh/p8_f_dudh.mp4', 'DATASET/boro/p8_c_boro.mp4', 'DATASET/kintu/p7_f_kintu.mp4']
[DEBUG] Model output logits shape: torch.Size([24, 90])
[DEBUG] labels: [46, 77, 53, 44, 72, 37, 73, 41]
[DEBUG] preds: [18, 23, 35, 44, 75, 46, 68, 80]
Epoch [38/100], Batch [10/90], Loss: 2.2660, Accuracy: 33.33%
Epoch [38/100], Batch [20/90], Loss: 1.9674, Accuracy: 58.33%
Epoch [38/100], Batch [30/90], Loss: 2.0151, Accuracy: 62.50%
Epoch [38/100], Batch [40/90], Loss: 2.4229, Accuracy: 29.17%
Epoch [38/100], Batch [50/90], Loss: 2.0275, Accuracy: 50.00%
Epoch [38/100], Batch [60/90], Loss: 2.8415, Accuracy: 37.50%
Epoch [38/100], Batch [70/90], Loss: 2.3438, Accuracy: 45.83%
Epoch [38/100], Batch [80/90], Loss: 1.6537, Accuracy: 62.50%
Epoch [38/100], Batch [90/90], Loss: 1.8200, Accuracy: 45.83%
Epoch [38] Training Loss: 2.1026, Training Accuracy: 42.87%
Epoch [38] Validation Loss: 3.9428, Validation Accuracy: 12.32%

No improvement for 23 epoch(s).


[DEBUG] One training batch loaded:
  inputs.shape = torch.Size([24, 3, 30, 224, 224])
  labels.shape = torch.Size([24])
  sample videos = ['DATASET/sandal/p8_f_sandal.mp4', 'DATASET/plate/p15_c_plate.mp4', 'DATASET/khoj/p7_c_khoj.mp4']
[DEBUG] Model output logits shape: torch.Size([24, 90])
[DEBUG] labels: [49, 4, 76, 38, 58, 23, 79, 83]
[DEBUG] preds: [37, 4, 71, 83, 58, 61, 79, 83]
Epoch [39/100], Batch [10/90], Loss: 2.4465, Accuracy: 33.33%
Epoch [39/100], Batch [20/90], Loss: 1.6141, Accuracy: 58.33%
Epoch [39/100], Batch [30/90], Loss: 1.8455, Accuracy: 45.83%
Epoch [39/100], Batch [40/90], Loss: 2.2473, Accuracy: 50.00%
Epoch [39/100], Batch [50/90], Loss: 2.0696, Accuracy: 41.67%
Epoch [39/100], Batch [60/90], Loss: 2.6855, Accuracy: 25.00%
Epoch [39/100], Batch [70/90], Loss: 2.0252, Accuracy: 37.50%
Epoch [39/100], Batch [80/90], Loss: 2.2610, Accuracy: 37.50%
Epoch [39/100], Batch [90/90], Loss: 1.7984, Accuracy: 62.50%
Epoch [39] Training Loss: 2.1292, Training Accuracy: 42.92%
Epoch [39] Validation Loss: 3.9426, Validation Accuracy: 12.14%

No improvement for 24 epoch(s).


[DEBUG] One training batch loaded:
  inputs.shape = torch.Size([24, 3, 30, 224, 224])
  labels.shape = torch.Size([24])
  sample videos = ['DATASET/uvoy/p14_f_uvoy.mp4', 'DATASET/protibeshi/p6_c_protibeshi.mp4', 'DATASET/ghori/p11_c_ghori.mp4']
[DEBUG] Model output logits shape: torch.Size([24, 90])
[DEBUG] labels: [42, 34, 30, 55, 70, 61, 56, 10]
[DEBUG] preds: [42, 34, 30, 57, 70, 61, 56, 10]
Epoch [40/100], Batch [10/90], Loss: 2.0636, Accuracy: 33.33%
Epoch [40/100], Batch [20/90], Loss: 2.2539, Accuracy: 41.67%
Epoch [40/100], Batch [30/90], Loss: 2.6023, Accuracy: 20.83%
Epoch [40/100], Batch [40/90], Loss: 2.5341, Accuracy: 33.33%
Epoch [40/100], Batch [50/90], Loss: 2.4740, Accuracy: 33.33%
Epoch [40/100], Batch [60/90], Loss: 2.2906, Accuracy: 33.33%
Epoch [40/100], Batch [70/90], Loss: 1.6737, Accuracy: 58.33%
Epoch [40/100], Batch [80/90], Loss: 2.7541, Accuracy: 29.17%
Epoch [40/100], Batch [90/90], Loss: 1.8063, Accuracy: 54.17%
Epoch [40] Training Loss: 2.1779, Training Accuracy: 41.57%
Epoch [40] Validation Loss: 3.9651, Validation Accuracy: 11.78%

No improvement for 25 epoch(s).


[DEBUG] One training batch loaded:
  inputs.shape = torch.Size([24, 3, 30, 224, 224])
  labels.shape = torch.Size([24])
  sample videos = ['DATASET/khelowar/p4_c_khelowar.mp4', 'DATASET/plate/p13_c_plate.mp4', 'DATASET/plastic/p3_f_plastic.mp4']
[DEBUG] Model output logits shape: torch.Size([24, 90])
[DEBUG] labels: [22, 4, 83, 50, 85, 12, 73, 15]
[DEBUG] preds: [86, 52, 34, 50, 85, 12, 76, 15]
Epoch [41/100], Batch [10/90], Loss: 1.7020, Accuracy: 50.00%
Epoch [41/100], Batch [20/90], Loss: 2.3921, Accuracy: 29.17%
Epoch [41/100], Batch [30/90], Loss: 1.7920, Accuracy: 66.67%
Epoch [41/100], Batch [40/90], Loss: 1.9168, Accuracy: 54.17%
Epoch [41/100], Batch [50/90], Loss: 2.4295, Accuracy: 25.00%
Epoch [41/100], Batch [60/90], Loss: 2.5427, Accuracy: 37.50%
Epoch [41/100], Batch [70/90], Loss: 2.8067, Accuracy: 45.83%
Epoch [41/100], Batch [80/90], Loss: 2.4258, Accuracy: 25.00%
Epoch [41/100], Batch [90/90], Loss: 1.9413, Accuracy: 50.00%
Epoch [41] Training Loss: 2.1099, Training Accuracy: 44.44%
Epoch [41] Validation Loss: 3.9524, Validation Accuracy: 11.96%

No improvement for 26 epoch(s).


[DEBUG] One training batch loaded:
  inputs.shape = torch.Size([24, 3, 30, 224, 224])
  labels.shape = torch.Size([24])
  sample videos = ['DATASET/chih/p1_f_chih.mp4', 'DATASET/hospital/p14_c_hospital.mp4', 'DATASET/attio/p3_f_attio.mp4']
[DEBUG] Model output logits shape: torch.Size([24, 90])
[DEBUG] labels: [74, 35, 81, 89, 79, 80, 12, 41]
[DEBUG] preds: [43, 35, 81, 89, 79, 36, 12, 54]
Epoch [42/100], Batch [10/90], Loss: 1.8834, Accuracy: 41.67%
Epoch [42/100], Batch [20/90], Loss: 1.9232, Accuracy: 50.00%
Epoch [42/100], Batch [30/90], Loss: 1.9899, Accuracy: 58.33%
Epoch [42/100], Batch [40/90], Loss: 2.4104, Accuracy: 33.33%
Epoch [42/100], Batch [50/90], Loss: 1.9714, Accuracy: 41.67%
Epoch [42/100], Batch [60/90], Loss: 1.9993, Accuracy: 41.67%
Epoch [42/100], Batch [70/90], Loss: 2.4815, Accuracy: 37.50%
Epoch [42/100], Batch [80/90], Loss: 2.2005, Accuracy: 45.83%
Epoch [42/100], Batch [90/90], Loss: 2.2090, Accuracy: 37.50%
Epoch [42] Training Loss: 2.1320, Training Accuracy: 43.24%
Epoch [42] Validation Loss: 3.9354, Validation Accuracy: 11.78%

No improvement for 27 epoch(s).


[DEBUG] One training batch loaded:
  inputs.shape = torch.Size([24, 3, 30, 224, 224])
  labels.shape = torch.Size([24])
  sample videos = ['DATASET/pakhi/p11_f_pakhi.mp4', 'DATASET/sahajjo/p11_f_sahajjo.mp4', 'DATASET/chad/p16_f_chad.mp4']
[DEBUG] Model output logits shape: torch.Size([24, 90])
[DEBUG] labels: [44, 69, 31, 81, 22, 43, 13, 63]
[DEBUG] preds: [44, 35, 59, 81, 22, 43, 13, 52]
Epoch [43/100], Batch [10/90], Loss: 2.1345, Accuracy: 45.83%
Epoch [43/100], Batch [20/90], Loss: 1.8845, Accuracy: 37.50%
Epoch [43/100], Batch [30/90], Loss: 1.7852, Accuracy: 50.00%
Epoch [43/100], Batch [40/90], Loss: 2.2587, Accuracy: 45.83%
Epoch [43/100], Batch [50/90], Loss: 2.3159, Accuracy: 37.50%
Epoch [43/100], Batch [60/90], Loss: 2.3062, Accuracy: 33.33%
Epoch [43/100], Batch [70/90], Loss: 2.4932, Accuracy: 37.50%
Epoch [43/100], Batch [80/90], Loss: 2.5719, Accuracy: 29.17%
Epoch [43/100], Batch [90/90], Loss: 1.7984, Accuracy: 50.00%
Epoch [43] Training Loss: 2.0825, Training Accuracy: 43.43%
Epoch [43] Validation Loss: 3.9495, Validation Accuracy: 11.59%

No improvement for 28 epoch(s).


[DEBUG] One training batch loaded:
  inputs.shape = torch.Size([24, 3, 30, 224, 224])
  labels.shape = torch.Size([24])
  sample videos = ['DATASET/boro/p6_c_boro.mp4', 'DATASET/doctor/p13_f_doctor.mp4', 'DATASET/sharee/p2_f_sharee.mp4']
[DEBUG] Model output logits shape: torch.Size([24, 90])
[DEBUG] labels: [77, 55, 28, 52, 65, 65, 13, 63]
[DEBUG] preds: [21, 55, 28, 52, 65, 65, 68, 14]
Epoch [44/100], Batch [10/90], Loss: 1.9113, Accuracy: 58.33%
Epoch [44/100], Batch [20/90], Loss: 2.2988, Accuracy: 41.67%
Epoch [44/100], Batch [30/90], Loss: 2.1558, Accuracy: 50.00%
Epoch [44/100], Batch [40/90], Loss: 2.4090, Accuracy: 29.17%
Epoch [44/100], Batch [50/90], Loss: 2.4477, Accuracy: 41.67%
Epoch [44/100], Batch [60/90], Loss: 2.3230, Accuracy: 37.50%
Epoch [44/100], Batch [70/90], Loss: 2.1215, Accuracy: 45.83%
Epoch [44/100], Batch [80/90], Loss: 1.9607, Accuracy: 54.17%
Epoch [44/100], Batch [90/90], Loss: 2.4068, Accuracy: 29.17%
Epoch [44] Training Loss: 2.1021, Training Accuracy: 43.56%
Epoch [44] Validation Loss: 3.9484, Validation Accuracy: 11.41%

No improvement for 29 epoch(s).


[DEBUG] One training batch loaded:
  inputs.shape = torch.Size([24, 3, 30, 224, 224])
  labels.shape = torch.Size([24])
  sample videos = ['DATASET/mehman/p15_c_mehman.mp4', 'DATASET/khelowar/p13_f_khelowar.mp4', 'DATASET/prosno/p4_c_prosno.mp4']
[DEBUG] Model output logits shape: torch.Size([24, 90])
[DEBUG] labels: [26, 22, 36, 14, 21, 2, 64, 46]
[DEBUG] preds: [26, 89, 36, 63, 5, 63, 9, 39]
Epoch [45/100], Batch [10/90], Loss: 1.8214, Accuracy: 41.67%
Epoch [45/100], Batch [20/90], Loss: 2.1850, Accuracy: 37.50%
Epoch [45/100], Batch [30/90], Loss: 2.3523, Accuracy: 37.50%
Epoch [45/100], Batch [40/90], Loss: 2.3741, Accuracy: 29.17%
Epoch [45/100], Batch [50/90], Loss: 1.9575, Accuracy: 37.50%
Epoch [45/100], Batch [60/90], Loss: 2.3611, Accuracy: 50.00%
Epoch [45/100], Batch [70/90], Loss: 2.1967, Accuracy: 25.00%
Epoch [45/100], Batch [80/90], Loss: 1.9092, Accuracy: 58.33%
Epoch [45/100], Batch [90/90], Loss: 2.2107, Accuracy: 50.00%
Epoch [45] Training Loss: 2.1277, Training Accuracy: 42.78%
Epoch [45] Validation Loss: 3.9569, Validation Accuracy: 11.59%

No improvement for 30 epoch(s).


[DEBUG] One training batch loaded:
  inputs.shape = torch.Size([24, 3, 30, 224, 224])
  labels.shape = torch.Size([24])
  sample videos = ['DATASET/nodi/p12_f_nodi.mp4', 'DATASET/goru/p6_f_goru.mp4', 'DATASET/sandal/p6_c_sandal.mp4']
[DEBUG] Model output logits shape: torch.Size([24, 90])
[DEBUG] labels: [2, 29, 49, 59, 3, 31, 70, 31]
[DEBUG] preds: [2, 86, 49, 42, 0, 31, 70, 31]
Epoch [46/100], Batch [10/90], Loss: 2.3718, Accuracy: 33.33%
Epoch [46/100], Batch [20/90], Loss: 2.0176, Accuracy: 41.67%
Epoch [46/100], Batch [30/90], Loss: 1.9304, Accuracy: 54.17%
Epoch [46/100], Batch [40/90], Loss: 2.0307, Accuracy: 45.83%
Epoch [46/100], Batch [50/90], Loss: 2.1720, Accuracy: 50.00%
Epoch [46/100], Batch [60/90], Loss: 2.3275, Accuracy: 41.67%
Epoch [46/100], Batch [70/90], Loss: 2.4985, Accuracy: 16.67%
Epoch [46/100], Batch [80/90], Loss: 2.3682, Accuracy: 29.17%
Epoch [46/100], Batch [90/90], Loss: 2.6305, Accuracy: 33.33%
Epoch [46] Training Loss: 2.1033, Training Accuracy: 44.77%
Epoch [46] Validation Loss: 3.9481, Validation Accuracy: 12.14%

No improvement for 31 epoch(s).


[DEBUG] One training batch loaded:
  inputs.shape = torch.Size([24, 3, 30, 224, 224])
  labels.shape = torch.Size([24])
  sample videos = ['DATASET/ovivabok/p6_f_ovivabok.mp4', 'DATASET/golarhaar/p7_c_golarhaar.mp4', 'DATASET/hospital/p16_f_hospital.mp4']
[DEBUG] Model output logits shape: torch.Size([24, 90])
[DEBUG] labels: [65, 24, 35, 8, 28, 54, 70, 50]
[DEBUG] preds: [65, 10, 3, 58, 64, 54, 73, 50]
Epoch [47/100], Batch [10/90], Loss: 2.0316, Accuracy: 50.00%
Epoch [47/100], Batch [20/90], Loss: 2.2106, Accuracy: 29.17%
Epoch [47/100], Batch [30/90], Loss: 2.1239, Accuracy: 45.83%
Epoch [47/100], Batch [40/90], Loss: 1.7849, Accuracy: 50.00%
Epoch [47/100], Batch [50/90], Loss: 2.0551, Accuracy: 29.17%
Epoch [47/100], Batch [60/90], Loss: 2.1610, Accuracy: 45.83%
Epoch [47/100], Batch [70/90], Loss: 2.7290, Accuracy: 37.50%
Epoch [47/100], Batch [80/90], Loss: 1.8077, Accuracy: 50.00%
Epoch [47/100], Batch [90/90], Loss: 1.7221, Accuracy: 54.17%
Epoch [47] Training Loss: 2.1190, Training Accuracy: 43.52%
Epoch [47] Validation Loss: 3.9529, Validation Accuracy: 12.14%

No improvement for 32 epoch(s).


[DEBUG] One training batch loaded:
  inputs.shape = torch.Size([24, 3, 30, 224, 224])
  labels.shape = torch.Size([24])
  sample videos = ['DATASET/sotto/p2_f_sotto.mp4', 'DATASET/mask/p6_f_mask.mp4', 'DATASET/tv/p15_c_tv.mp4']
[DEBUG] Model output logits shape: torch.Size([24, 90])
[DEBUG] labels: [72, 70, 88, 52, 25, 12, 19, 20]
[DEBUG] preds: [77, 86, 4, 52, 75, 27, 19, 48]
Epoch [48/100], Batch [10/90], Loss: 2.1100, Accuracy: 29.17%
Epoch [48/100], Batch [20/90], Loss: 2.3901, Accuracy: 20.83%
Epoch [48/100], Batch [30/90], Loss: 2.1489, Accuracy: 50.00%
Epoch [48/100], Batch [40/90], Loss: 2.1705, Accuracy: 45.83%
Epoch [48/100], Batch [50/90], Loss: 1.5919, Accuracy: 54.17%
Epoch [48/100], Batch [60/90], Loss: 2.2856, Accuracy: 25.00%
Epoch [48/100], Batch [70/90], Loss: 2.3687, Accuracy: 29.17%
Epoch [48/100], Batch [80/90], Loss: 2.4871, Accuracy: 25.00%
Epoch [48/100], Batch [90/90], Loss: 2.1706, Accuracy: 45.83%
Epoch [48] Training Loss: 2.1288, Training Accuracy: 42.13%
Epoch [48] Validation Loss: 3.9614, Validation Accuracy: 11.78%

No improvement for 33 epoch(s).


[DEBUG] One training batch loaded:
  inputs.shape = torch.Size([24, 3, 30, 224, 224])
  labels.shape = torch.Size([24])
  sample videos = ['DATASET/cricket/p12_f_cricket.mp4', 'DATASET/plate/p13_c_plate.mp4', 'DATASET/upodesh/p13_c_upodesh.mp4']
[DEBUG] Model output logits shape: torch.Size([24, 90])
[DEBUG] labels: [89, 4, 5, 81, 75, 41, 34, 9]
[DEBUG] preds: [2, 4, 61, 83, 75, 41, 0, 89]
Epoch [49/100], Batch [10/90], Loss: 2.2972, Accuracy: 41.67%
Epoch [49/100], Batch [20/90], Loss: 2.0650, Accuracy: 50.00%
Epoch [49/100], Batch [30/90], Loss: 1.8905, Accuracy: 58.33%
Epoch [49/100], Batch [40/90], Loss: 2.0404, Accuracy: 41.67%
Epoch [49/100], Batch [50/90], Loss: 2.2572, Accuracy: 37.50%
Epoch [49/100], Batch [60/90], Loss: 2.1174, Accuracy: 33.33%
Epoch [49/100], Batch [70/90], Loss: 2.1613, Accuracy: 54.17%
Epoch [49/100], Batch [80/90], Loss: 2.1063, Accuracy: 33.33%
Epoch [49/100], Batch [90/90], Loss: 2.2945, Accuracy: 45.83%
Epoch [49] Training Loss: 2.1294, Training Accuracy: 42.55%
Epoch [49] Validation Loss: 3.9487, Validation Accuracy: 12.50%

No improvement for 34 epoch(s).


[DEBUG] One training batch loaded:
  inputs.shape = torch.Size([24, 3, 30, 224, 224])
  labels.shape = torch.Size([24])
  sample videos = ['DATASET/dudh/p16_c_dudh.mp4', 'DATASET/shona/p12_f_shona.mp4', 'DATASET/janala/p13_f_janala.mp4']
[DEBUG] Model output logits shape: torch.Size([24, 90])
[DEBUG] labels: [46, 40, 68, 71, 46, 1, 39, 85]
[DEBUG] preds: [46, 34, 40, 25, 46, 82, 39, 75]
Epoch [50/100], Batch [10/90], Loss: 2.0948, Accuracy: 45.83%
Epoch [50/100], Batch [20/90], Loss: 1.7195, Accuracy: 58.33%
Epoch [50/100], Batch [30/90], Loss: 2.3523, Accuracy: 20.83%
Epoch [50/100], Batch [40/90], Loss: 1.9629, Accuracy: 33.33%
Epoch [50/100], Batch [50/90], Loss: 2.2420, Accuracy: 54.17%
Epoch [50/100], Batch [60/90], Loss: 2.2975, Accuracy: 29.17%
Epoch [50/100], Batch [70/90], Loss: 2.4024, Accuracy: 41.67%
Epoch [50/100], Batch [80/90], Loss: 2.2880, Accuracy: 41.67%
Epoch [50/100], Batch [90/90], Loss: 2.5018, Accuracy: 37.50%
Epoch [50] Training Loss: 2.1517, Training Accuracy: 42.27%
Epoch [50] Validation Loss: 3.9506, Validation Accuracy: 11.23%

No improvement for 35 epoch(s).


[DEBUG] One training batch loaded:
  inputs.shape = torch.Size([24, 3, 30, 224, 224])
  labels.shape = torch.Size([24])
  sample videos = ['DATASET/jiggasha/p6_c_jiggasha.mp4', 'DATASET/chata/p14_f_chata.mp4', 'DATASET/somporko/p16_c_somporko.mp4']
[DEBUG] Model output logits shape: torch.Size([24, 90])
[DEBUG] labels: [66, 18, 75, 79, 30, 80, 36, 74]
[DEBUG] preds: [66, 18, 75, 83, 30, 80, 71, 5]
Epoch [51/100], Batch [10/90], Loss: 2.1202, Accuracy: 33.33%
Epoch [51/100], Batch [20/90], Loss: 2.0881, Accuracy: 33.33%
Epoch [51/100], Batch [30/90], Loss: 1.6328, Accuracy: 58.33%
Epoch [51/100], Batch [40/90], Loss: 2.0768, Accuracy: 33.33%
Epoch [51/100], Batch [50/90], Loss: 2.2050, Accuracy: 54.17%
Epoch [51/100], Batch [60/90], Loss: 1.9245, Accuracy: 50.00%
Epoch [51/100], Batch [70/90], Loss: 1.8712, Accuracy: 58.33%
Epoch [51/100], Batch [80/90], Loss: 2.1002, Accuracy: 50.00%
Epoch [51/100], Batch [90/90], Loss: 2.0893, Accuracy: 50.00%
Epoch [51] Training Loss: 2.0937, Training Accuracy: 43.47%
Epoch [51] Validation Loss: 3.9482, Validation Accuracy: 11.78%

No improvement for 36 epoch(s).


[DEBUG] One training batch loaded:
  inputs.shape = torch.Size([24, 3, 30, 224, 224])
  labels.shape = torch.Size([24])
  sample videos = ['DATASET/chocolate/p11_c_chocolate.mp4', 'DATASET/protibeshi/p13_f_protibeshi.mp4', 'DATASET/sotru/p12_c_sotru.mp4']
[DEBUG] Model output logits shape: torch.Size([24, 90])
[DEBUG] labels: [14, 34, 73, 67, 81, 71, 34, 56]
[DEBUG] preds: [42, 30, 73, 67, 43, 20, 34, 26]
Epoch [52/100], Batch [10/90], Loss: 2.3683, Accuracy: 25.00%
Epoch [52/100], Batch [20/90], Loss: 1.8666, Accuracy: 41.67%
Epoch [52/100], Batch [30/90], Loss: 1.9539, Accuracy: 45.83%
Epoch [52/100], Batch [40/90], Loss: 1.8605, Accuracy: 54.17%
Epoch [52/100], Batch [50/90], Loss: 2.0382, Accuracy: 50.00%
Epoch [52/100], Batch [60/90], Loss: 2.5014, Accuracy: 29.17%
Epoch [52/100], Batch [70/90], Loss: 2.1834, Accuracy: 37.50%
Epoch [52/100], Batch [80/90], Loss: 2.6065, Accuracy: 33.33%
Epoch [52/100], Batch [90/90], Loss: 1.9550, Accuracy: 37.50%
Epoch [52] Training Loss: 2.1195, Training Accuracy: 43.01%
Epoch [52] Validation Loss: 3.9400, Validation Accuracy: 11.96%

No improvement for 37 epoch(s).


[DEBUG] One training batch loaded:
  inputs.shape = torch.Size([24, 3, 30, 224, 224])
  labels.shape = torch.Size([24])
  sample videos = ['DATASET/mask/p7_f_mask.mp4', 'DATASET/onumoti/p8_f_onumoti.mp4', 'DATASET/sandal/p7_c_sandal.mp4']
[DEBUG] Model output logits shape: torch.Size([24, 90])
[DEBUG] labels: [70, 15, 49, 56, 70, 16, 2, 35]
[DEBUG] preds: [29, 72, 49, 56, 70, 16, 2, 9]
Epoch [53/100], Batch [10/90], Loss: 2.0996, Accuracy: 45.83%
Epoch [53/100], Batch [20/90], Loss: 1.8796, Accuracy: 58.33%
Epoch [53/100], Batch [30/90], Loss: 2.4391, Accuracy: 33.33%
Epoch [53/100], Batch [40/90], Loss: 1.8405, Accuracy: 62.50%
Epoch [53/100], Batch [50/90], Loss: 1.8754, Accuracy: 45.83%
Epoch [53/100], Batch [60/90], Loss: 1.9804, Accuracy: 41.67%
Epoch [53/100], Batch [70/90], Loss: 2.1371, Accuracy: 41.67%
Epoch [53/100], Batch [80/90], Loss: 2.1694, Accuracy: 45.83%
Epoch [53/100], Batch [90/90], Loss: 1.7782, Accuracy: 50.00%
Epoch [53] Training Loss: 2.0816, Training Accuracy: 43.89%
Epoch [53] Validation Loss: 3.9433, Validation Accuracy: 11.96%

No improvement for 38 epoch(s).


[DEBUG] One training batch loaded:
  inputs.shape = torch.Size([24, 3, 30, 224, 224])
  labels.shape = torch.Size([24])
  sample videos = ['DATASET/robibar/p16_f_robibar.mp4', 'DATASET/golarhaar/p8_c_golarhaar.mp4', 'DATASET/valobasha/p8_c_valobasha.mp4']
[DEBUG] Model output logits shape: torch.Size([24, 90])
[DEBUG] labels: [71, 24, 20, 20, 10, 84, 29, 27]
[DEBUG] preds: [46, 86, 20, 20, 10, 16, 86, 27]
Epoch [54/100], Batch [10/90], Loss: 2.1112, Accuracy: 54.17%
Epoch [54/100], Batch [20/90], Loss: 2.1837, Accuracy: 37.50%
Epoch [54/100], Batch [30/90], Loss: 2.2620, Accuracy: 41.67%
Epoch [54/100], Batch [40/90], Loss: 2.1715, Accuracy: 54.17%
Epoch [54/100], Batch [50/90], Loss: 2.0773, Accuracy: 45.83%
Epoch [54/100], Batch [60/90], Loss: 1.8266, Accuracy: 54.17%
Epoch [54/100], Batch [70/90], Loss: 2.2429, Accuracy: 37.50%
Epoch [54/100], Batch [80/90], Loss: 2.3682, Accuracy: 41.67%
Epoch [54/100], Batch [90/90], Loss: 2.1081, Accuracy: 50.00%
Epoch [54] Training Loss: 2.1787, Training Accuracy: 41.85%
Epoch [54] Validation Loss: 3.9518, Validation Accuracy: 11.96%

No improvement for 39 epoch(s).


[DEBUG] One training batch loaded:
  inputs.shape = torch.Size([24, 3, 30, 224, 224])
  labels.shape = torch.Size([24])
  sample videos = ['DATASET/boi/p12_c_boi.mp4', 'DATASET/sroddha/p7_c_sroddha.mp4', 'DATASET/table/p4_f_table.mp4']
[DEBUG] Model output logits shape: torch.Size([24, 90])
[DEBUG] labels: [45, 21, 63, 40, 37, 19, 18, 22]
[DEBUG] preds: [45, 21, 63, 87, 72, 9, 18, 64]
Epoch [55/100], Batch [10/90], Loss: 2.3800, Accuracy: 45.83%
Epoch [55/100], Batch [20/90], Loss: 2.0759, Accuracy: 37.50%
Epoch [55/100], Batch [30/90], Loss: 1.7891, Accuracy: 45.83%
Epoch [55/100], Batch [40/90], Loss: 2.0036, Accuracy: 41.67%
Epoch [55/100], Batch [50/90], Loss: 2.3312, Accuracy: 25.00%
Epoch [55/100], Batch [60/90], Loss: 1.8251, Accuracy: 62.50%
Epoch [55/100], Batch [70/90], Loss: 1.8103, Accuracy: 58.33%
Epoch [55/100], Batch [80/90], Loss: 2.0176, Accuracy: 37.50%
Epoch [55/100], Batch [90/90], Loss: 2.3803, Accuracy: 33.33%
Epoch [55] Training Loss: 2.1391, Training Accuracy: 42.18%
Epoch [55] Validation Loss: 3.9470, Validation Accuracy: 12.50%

No improvement for 40 epoch(s).


[DEBUG] One training batch loaded:
  inputs.shape = torch.Size([24, 3, 30, 224, 224])
  labels.shape = torch.Size([24])
  sample videos = ['DATASET/somporko/p1_c_somporko.mp4', 'DATASET/bichana/p8_f_bichana.mp4', 'DATASET/nurse/p4_f_nurse.mp4']
[DEBUG] Model output logits shape: torch.Size([24, 90])
[DEBUG] labels: [75, 10, 86, 9, 45, 1, 26, 60]
[DEBUG] preds: [75, 88, 86, 84, 71, 15, 26, 60]
Epoch [56/100], Batch [10/90], Loss: 2.1809, Accuracy: 45.83%
Epoch [56/100], Batch [20/90], Loss: 1.8137, Accuracy: 50.00%
Epoch [56/100], Batch [30/90], Loss: 2.2667, Accuracy: 37.50%
Epoch [56/100], Batch [40/90], Loss: 1.7279, Accuracy: 54.17%
Epoch [56/100], Batch [50/90], Loss: 2.2741, Accuracy: 45.83%
Epoch [56/100], Batch [60/90], Loss: 1.8167, Accuracy: 62.50%
Epoch [56/100], Batch [70/90], Loss: 2.2610, Accuracy: 33.33%
Epoch [56/100], Batch [80/90], Loss: 2.0255, Accuracy: 50.00%
Epoch [56/100], Batch [90/90], Loss: 2.0523, Accuracy: 50.00%
Epoch [56] Training Loss: 2.0843, Training Accuracy: 45.65%
Epoch [56] Validation Loss: 3.9399, Validation Accuracy: 11.78%

No improvement for 41 epoch(s).


[DEBUG] One training batch loaded:
  inputs.shape = torch.Size([24, 3, 30, 224, 224])
  labels.shape = torch.Size([24])
  sample videos = ['DATASET/protibondhi/p12_f_protibondhi.mp4', 'DATASET/protijogita/p8_f_protijogita.mp4', 'DATASET/sandal/p13_f_sandal.mp4']
[DEBUG] Model output logits shape: torch.Size([24, 90])
[DEBUG] labels: [58, 64, 49, 67, 13, 27, 50, 8]
[DEBUG] preds: [58, 9, 48, 46, 13, 77, 68, 8]
Epoch [57/100], Batch [10/90], Loss: 2.2677, Accuracy: 45.83%
Epoch [57/100], Batch [20/90], Loss: 2.5936, Accuracy: 41.67%
Epoch [57/100], Batch [30/90], Loss: 1.9084, Accuracy: 50.00%
Epoch [57/100], Batch [40/90], Loss: 2.2666, Accuracy: 29.17%
Epoch [57/100], Batch [50/90], Loss: 2.5553, Accuracy: 33.33%
Epoch [57/100], Batch [60/90], Loss: 2.2531, Accuracy: 33.33%
Epoch [57/100], Batch [70/90], Loss: 2.4757, Accuracy: 33.33%
Epoch [57/100], Batch [80/90], Loss: 2.1876, Accuracy: 37.50%
Epoch [57/100], Batch [90/90], Loss: 1.9851, Accuracy: 50.00%
Epoch [57] Training Loss: 2.1675, Training Accuracy: 41.16%
Epoch [57] Validation Loss: 3.9556, Validation Accuracy: 11.96%

No improvement for 42 epoch(s).


[DEBUG] One training batch loaded:
  inputs.shape = torch.Size([24, 3, 30, 224, 224])
  labels.shape = torch.Size([24])
  sample videos = ['DATASET/chocolate/p4_f_chocolate.mp4', 'DATASET/bichana/p6_f_bichana.mp4', 'DATASET/bagan/p6_f_bagan.mp4']
[DEBUG] Model output logits shape: torch.Size([24, 90])
[DEBUG] labels: [14, 10, 13, 67, 26, 33, 75, 12]
[DEBUG] preds: [22, 65, 77, 67, 46, 48, 65, 12]
Epoch [58/100], Batch [10/90], Loss: 1.8606, Accuracy: 50.00%
Epoch [58/100], Batch [20/90], Loss: 2.0611, Accuracy: 41.67%
Epoch [58/100], Batch [30/90], Loss: 2.2371, Accuracy: 45.83%
Epoch [58/100], Batch [40/90], Loss: 2.2075, Accuracy: 50.00%
Epoch [58/100], Batch [50/90], Loss: 2.1234, Accuracy: 50.00%
Epoch [58/100], Batch [60/90], Loss: 2.1692, Accuracy: 33.33%
Epoch [58/100], Batch [70/90], Loss: 2.1654, Accuracy: 37.50%
Epoch [58/100], Batch [80/90], Loss: 2.3139, Accuracy: 45.83%
Epoch [58/100], Batch [90/90], Loss: 2.3493, Accuracy: 33.33%
Epoch [58] Training Loss: 2.1529, Training Accuracy: 42.36%
Epoch [58] Validation Loss: 3.9562, Validation Accuracy: 11.96%

No improvement for 43 epoch(s).


[DEBUG] One training batch loaded:
  inputs.shape = torch.Size([24, 3, 30, 224, 224])
  labels.shape = torch.Size([24])
  sample videos = ['DATASET/onumoti/p1_f_onumoti.mp4', 'DATASET/onumoti/p14_f_onumoti.mp4', 'DATASET/baari/p13_f_baari.mp4']
[DEBUG] Model output logits shape: torch.Size([24, 90])
[DEBUG] labels: [15, 15, 0, 30, 1, 73, 54, 31]
[DEBUG] preds: [15, 70, 69, 51, 1, 70, 77, 31]
Epoch [59/100], Batch [10/90], Loss: 2.4576, Accuracy: 33.33%
Epoch [59/100], Batch [20/90], Loss: 2.3019, Accuracy: 41.67%
Epoch [59/100], Batch [30/90], Loss: 2.0211, Accuracy: 45.83%
Epoch [59/100], Batch [40/90], Loss: 1.8538, Accuracy: 45.83%
Epoch [59/100], Batch [50/90], Loss: 1.9232, Accuracy: 54.17%
Epoch [59/100], Batch [60/90], Loss: 2.1200, Accuracy: 37.50%
Epoch [59/100], Batch [70/90], Loss: 2.5787, Accuracy: 29.17%
Epoch [59/100], Batch [80/90], Loss: 2.2957, Accuracy: 41.67%
Epoch [59/100], Batch [90/90], Loss: 1.8022, Accuracy: 45.83%
Epoch [59] Training Loss: 2.1165, Training Accuracy: 44.86%
Epoch [59] Validation Loss: 3.9508, Validation Accuracy: 11.78%

No improvement for 44 epoch(s).


[DEBUG] One training batch loaded:
  inputs.shape = torch.Size([24, 3, 30, 224, 224])
  labels.shape = torch.Size([24])
  sample videos = ['DATASET/tv/p15_f_tv.mp4', 'DATASET/khela/p4_c_khela.mp4', 'DATASET/dengue/p15_c_dengue.mp4']
[DEBUG] Model output logits shape: torch.Size([24, 90])
[DEBUG] labels: [88, 61, 9, 77, 18, 60, 86, 34]
[DEBUG] preds: [88, 61, 89, 4, 18, 60, 29, 79]
Epoch [60/100], Batch [10/90], Loss: 2.0121, Accuracy: 45.83%
Epoch [60/100], Batch [20/90], Loss: 2.4666, Accuracy: 29.17%
Epoch [60/100], Batch [30/90], Loss: 2.8396, Accuracy: 16.67%
Epoch [60/100], Batch [40/90], Loss: 2.3207, Accuracy: 33.33%
Epoch [60/100], Batch [50/90], Loss: 1.9338, Accuracy: 41.67%
Epoch [60/100], Batch [60/90], Loss: 2.0267, Accuracy: 50.00%
Epoch [60/100], Batch [70/90], Loss: 2.5514, Accuracy: 33.33%
Epoch [60/100], Batch [80/90], Loss: 1.9061, Accuracy: 50.00%
Epoch [60/100], Batch [90/90], Loss: 2.1060, Accuracy: 50.00%
Epoch [60] Training Loss: 2.1314, Training Accuracy: 42.96%
Epoch [60] Validation Loss: 3.9378, Validation Accuracy: 11.96%

No improvement for 45 epoch(s).


[DEBUG] One training batch loaded:
  inputs.shape = torch.Size([24, 3, 30, 224, 224])
  labels.shape = torch.Size([24])
  sample videos = ['DATASET/nurse/p11_f_nurse.mp4', 'DATASET/shanti/p13_c_shanti.mp4', 'DATASET/gach/p15_f_gach.mp4']
[DEBUG] Model output logits shape: torch.Size([24, 90])
[DEBUG] labels: [86, 8, 59, 9, 76, 30, 20, 68]
[DEBUG] preds: [29, 8, 59, 28, 10, 40, 20, 53]
Epoch [61/100], Batch [10/90], Loss: 1.8415, Accuracy: 58.33%
Epoch [61/100], Batch [20/90], Loss: 1.8583, Accuracy: 41.67%
Epoch [61/100], Batch [30/90], Loss: 2.0350, Accuracy: 54.17%
Epoch [61/100], Batch [40/90], Loss: 2.4852, Accuracy: 29.17%
Epoch [61/100], Batch [50/90], Loss: 1.5486, Accuracy: 70.83%
Epoch [61/100], Batch [60/90], Loss: 1.7546, Accuracy: 54.17%
Epoch [61/100], Batch [70/90], Loss: 2.0823, Accuracy: 45.83%
Epoch [61/100], Batch [80/90], Loss: 2.1720, Accuracy: 37.50%
Epoch [61/100], Batch [90/90], Loss: 2.3789, Accuracy: 37.50%
Epoch [61] Training Loss: 2.1306, Training Accuracy: 42.45%
Epoch [61] Validation Loss: 3.9388, Validation Accuracy: 11.96%

No improvement for 46 epoch(s).


[DEBUG] One training batch loaded:
  inputs.shape = torch.Size([24, 3, 30, 224, 224])
  labels.shape = torch.Size([24])
  sample videos = ['DATASET/somoy/p7_f_somoy.mp4', 'DATASET/nurse/p13_f_nurse.mp4', 'DATASET/agun/p11_f_agun.mp4']
[DEBUG] Model output logits shape: torch.Size([24, 90])
[DEBUG] labels: [37, 86, 7, 82, 18, 51, 31, 2]
[DEBUG] preds: [37, 70, 7, 1, 81, 51, 86, 42]
Epoch [62/100], Batch [10/90], Loss: 2.2328, Accuracy: 41.67%
Epoch [62/100], Batch [20/90], Loss: 2.3894, Accuracy: 45.83%
Epoch [62/100], Batch [30/90], Loss: 1.8766, Accuracy: 54.17%
Epoch [62/100], Batch [40/90], Loss: 2.2128, Accuracy: 37.50%
Epoch [62/100], Batch [50/90], Loss: 2.5430, Accuracy: 37.50%
Epoch [62/100], Batch [60/90], Loss: 2.3118, Accuracy: 37.50%
Epoch [62/100], Batch [70/90], Loss: 1.9315, Accuracy: 54.17%
Epoch [62/100], Batch [80/90], Loss: 1.9977, Accuracy: 54.17%
Epoch [62/100], Batch [90/90], Loss: 2.1806, Accuracy: 41.67%
Epoch [62] Training Loss: 2.1366, Training Accuracy: 42.18%
Epoch [62] Validation Loss: 3.9456, Validation Accuracy: 11.96%

No improvement for 47 epoch(s).


[DEBUG] One training batch loaded:
  inputs.shape = torch.Size([24, 3, 30, 224, 224])
  labels.shape = torch.Size([24])
  sample videos = ['DATASET/boi/p6_c_boi.mp4', 'DATASET/khoj/p4_c_khoj.mp4', 'DATASET/shikkhok/p7_f_shikkhok.mp4']
[DEBUG] Model output logits shape: torch.Size([24, 90])
[DEBUG] labels: [45, 76, 27, 80, 18, 56, 1, 9]
[DEBUG] preds: [4, 32, 8, 53, 18, 56, 1, 9]
Epoch [63/100], Batch [10/90], Loss: 2.0412, Accuracy: 41.67%
Epoch [63/100], Batch [20/90], Loss: 2.2073, Accuracy: 37.50%
Epoch [63/100], Batch [30/90], Loss: 2.0729, Accuracy: 41.67%
Epoch [63/100], Batch [40/90], Loss: 2.4019, Accuracy: 29.17%
Epoch [63/100], Batch [50/90], Loss: 2.9597, Accuracy: 16.67%
Epoch [63/100], Batch [60/90], Loss: 1.7745, Accuracy: 45.83%
Epoch [63/100], Batch [70/90], Loss: 2.3205, Accuracy: 41.67%
Epoch [63/100], Batch [80/90], Loss: 2.0094, Accuracy: 50.00%
Epoch [63/100], Batch [90/90], Loss: 2.0479, Accuracy: 41.67%
Epoch [63] Training Loss: 2.0945, Training Accuracy: 42.78%
Epoch [63] Validation Loss: 3.9382, Validation Accuracy: 12.14%

No improvement for 48 epoch(s).


[DEBUG] One training batch loaded:
  inputs.shape = torch.Size([24, 3, 30, 224, 224])
  labels.shape = torch.Size([24])
  sample videos = ['DATASET/protibondhi/p3_f_protibondhi.mp4', 'DATASET/ador/p13_c_ador.mp4', 'DATASET/uvoy/p3_f_uvoy.mp4']
[DEBUG] Model output logits shape: torch.Size([24, 90])
[DEBUG] labels: [58, 48, 42, 84, 81, 86, 8, 7]
[DEBUG] preds: [35, 20, 63, 56, 81, 86, 88, 7]
Epoch [64/100], Batch [10/90], Loss: 2.2188, Accuracy: 45.83%
Epoch [64/100], Batch [20/90], Loss: 2.1358, Accuracy: 37.50%
Epoch [64/100], Batch [30/90], Loss: 1.9487, Accuracy: 50.00%
Epoch [64/100], Batch [40/90], Loss: 1.7936, Accuracy: 54.17%
Epoch [64/100], Batch [50/90], Loss: 2.1068, Accuracy: 50.00%
Epoch [64/100], Batch [60/90], Loss: 2.3415, Accuracy: 54.17%
Epoch [64/100], Batch [70/90], Loss: 2.2182, Accuracy: 41.67%
Epoch [64/100], Batch [80/90], Loss: 1.8934, Accuracy: 45.83%
Epoch [64/100], Batch [90/90], Loss: 2.0006, Accuracy: 41.67%
Epoch [64] Training Loss: 2.1201, Training Accuracy: 44.58%
Epoch [64] Validation Loss: 3.9431, Validation Accuracy: 12.32%

No improvement for 49 epoch(s).


[DEBUG] One training batch loaded:
  inputs.shape = torch.Size([24, 3, 30, 224, 224])
  labels.shape = torch.Size([24])
  sample videos = ['DATASET/tokhon/p7_f_tokhon.mp4', 'DATASET/mehman/p16_c_mehman.mp4', 'DATASET/raat/p11_c_raat.mp4']
[DEBUG] Model output logits shape: torch.Size([24, 90])
[DEBUG] labels: [19, 26, 11, 46, 16, 0, 49, 81]
[DEBUG] preds: [21, 26, 11, 85, 16, 29, 49, 81]
Epoch [65/100], Batch [10/90], Loss: 2.1884, Accuracy: 37.50%
Epoch [65/100], Batch [20/90], Loss: 2.2366, Accuracy: 33.33%
Epoch [65/100], Batch [30/90], Loss: 1.9272, Accuracy: 54.17%
Epoch [65/100], Batch [40/90], Loss: 2.0250, Accuracy: 41.67%
Epoch [65/100], Batch [50/90], Loss: 1.6620, Accuracy: 54.17%
Epoch [65/100], Batch [60/90], Loss: 1.9706, Accuracy: 45.83%
Epoch [65/100], Batch [70/90], Loss: 2.4438, Accuracy: 45.83%
Epoch [65/100], Batch [80/90], Loss: 2.2999, Accuracy: 37.50%
Epoch [65/100], Batch [90/90], Loss: 1.9486, Accuracy: 45.83%
Epoch [65] Training Loss: 2.1565, Training Accuracy: 42.13%
Epoch [65] Validation Loss: 3.9470, Validation Accuracy: 11.78%

No improvement for 50 epoch(s).


[DEBUG] One training batch loaded:
  inputs.shape = torch.Size([24, 3, 30, 224, 224])
  labels.shape = torch.Size([24])
  sample videos = ['DATASET/bagan/p6_c_bagan.mp4', 'DATASET/somoy/p13_c_somoy.mp4', 'DATASET/cricket/p14_c_cricket.mp4']
[DEBUG] Model output logits shape: torch.Size([24, 90])
[DEBUG] labels: [13, 37, 89, 14, 21, 67, 71, 74]
[DEBUG] preds: [13, 30, 89, 54, 12, 70, 36, 23]
Epoch [66/100], Batch [10/90], Loss: 2.2938, Accuracy: 37.50%
Epoch [66/100], Batch [20/90], Loss: 1.7146, Accuracy: 50.00%
Epoch [66/100], Batch [30/90], Loss: 2.2198, Accuracy: 41.67%
Epoch [66/100], Batch [40/90], Loss: 2.1652, Accuracy: 45.83%
Epoch [66/100], Batch [50/90], Loss: 2.8364, Accuracy: 29.17%
Epoch [66/100], Batch [60/90], Loss: 1.9850, Accuracy: 37.50%
Epoch [66/100], Batch [70/90], Loss: 2.3053, Accuracy: 41.67%
Epoch [66/100], Batch [80/90], Loss: 1.9286, Accuracy: 50.00%
Epoch [66/100], Batch [90/90], Loss: 1.8331, Accuracy: 58.33%
Epoch [66] Training Loss: 2.1563, Training Accuracy: 41.67%
Epoch [66] Validation Loss: 3.9428, Validation Accuracy: 11.59%

No improvement for 51 epoch(s).


[DEBUG] One training batch loaded:
  inputs.shape = torch.Size([24, 3, 30, 224, 224])
  labels.shape = torch.Size([24])
  sample videos = ['DATASET/shirt/p4_f_shirt.mp4', 'DATASET/sharee/p6_c_sharee.mp4', 'DATASET/poriskar/p8_c_poriskar.mp4']
[DEBUG] Model output logits shape: torch.Size([24, 90])
[DEBUG] labels: [16, 28, 54, 35, 19, 62, 9, 32]
[DEBUG] preds: [16, 28, 54, 39, 37, 70, 9, 28]
Epoch [67/100], Batch [10/90], Loss: 2.4522, Accuracy: 37.50%
Epoch [67/100], Batch [20/90], Loss: 2.1561, Accuracy: 33.33%
Epoch [67/100], Batch [30/90], Loss: 1.7915, Accuracy: 45.83%
Epoch [67/100], Batch [40/90], Loss: 2.1222, Accuracy: 37.50%
Epoch [67/100], Batch [50/90], Loss: 2.0765, Accuracy: 45.83%
Epoch [67/100], Batch [60/90], Loss: 1.7920, Accuracy: 50.00%
Epoch [67/100], Batch [70/90], Loss: 1.9742, Accuracy: 54.17%
Epoch [67/100], Batch [80/90], Loss: 2.4712, Accuracy: 37.50%
Epoch [67/100], Batch [90/90], Loss: 2.3295, Accuracy: 37.50%
Epoch [67] Training Loss: 2.1040, Training Accuracy: 42.08%
Epoch [67] Validation Loss: 3.9480, Validation Accuracy: 11.96%

No improvement for 52 epoch(s).


[DEBUG] One training batch loaded:
  inputs.shape = torch.Size([24, 3, 30, 224, 224])
  labels.shape = torch.Size([24])
  sample videos = ['DATASET/shikkhok/p8_c_shikkhok.mp4', 'DATASET/baari/p16_f_baari.mp4', 'DATASET/jokhon/p12_f_jokhon.mp4']
[DEBUG] Model output logits shape: torch.Size([24, 90])
[DEBUG] labels: [27, 0, 1, 25, 80, 60, 56, 2]
[DEBUG] preds: [61, 0, 48, 25, 71, 12, 55, 63]
Epoch [68/100], Batch [10/90], Loss: 2.7819, Accuracy: 29.17%
Epoch [68/100], Batch [20/90], Loss: 2.1051, Accuracy: 37.50%
Epoch [68/100], Batch [30/90], Loss: 1.9526, Accuracy: 45.83%
Epoch [68/100], Batch [40/90], Loss: 2.1184, Accuracy: 41.67%
Epoch [68/100], Batch [50/90], Loss: 2.1433, Accuracy: 37.50%
Epoch [68/100], Batch [60/90], Loss: 2.0213, Accuracy: 29.17%
Epoch [68/100], Batch [70/90], Loss: 2.1983, Accuracy: 50.00%
Epoch [68/100], Batch [80/90], Loss: 1.6258, Accuracy: 62.50%
Epoch [68/100], Batch [90/90], Loss: 2.0520, Accuracy: 50.00%
Epoch [68] Training Loss: 2.1541, Training Accuracy: 41.90%
Epoch [68] Validation Loss: 3.9415, Validation Accuracy: 12.32%

No improvement for 53 epoch(s).


[DEBUG] One training batch loaded:
  inputs.shape = torch.Size([24, 3, 30, 224, 224])
  labels.shape = torch.Size([24])
  sample videos = ['DATASET/upodesh/p6_c_upodesh.mp4', 'DATASET/kothay/p2_f_kothay.mp4', 'DATASET/somoy/p11_c_somoy.mp4']
[DEBUG] Model output logits shape: torch.Size([24, 90])
[DEBUG] labels: [5, 41, 37, 3, 41, 45, 83, 10]
[DEBUG] preds: [5, 87, 37, 83, 13, 45, 2, 10]
Epoch [69/100], Batch [10/90], Loss: 1.9120, Accuracy: 45.83%
Epoch [69/100], Batch [20/90], Loss: 1.6646, Accuracy: 58.33%
Epoch [69/100], Batch [30/90], Loss: 1.9323, Accuracy: 41.67%
Epoch [69/100], Batch [40/90], Loss: 1.6802, Accuracy: 62.50%
Epoch [69/100], Batch [50/90], Loss: 2.2075, Accuracy: 54.17%
Epoch [69/100], Batch [60/90], Loss: 1.8392, Accuracy: 54.17%
Epoch [69/100], Batch [70/90], Loss: 2.3072, Accuracy: 33.33%
Epoch [69/100], Batch [80/90], Loss: 1.9569, Accuracy: 50.00%
Epoch [69/100], Batch [90/90], Loss: 1.5535, Accuracy: 50.00%
Epoch [69] Training Loss: 2.0848, Training Accuracy: 44.54%
Epoch [69] Validation Loss: 3.9424, Validation Accuracy: 12.14%

No improvement for 54 epoch(s).


[DEBUG] One training batch loaded:
  inputs.shape = torch.Size([24, 3, 30, 224, 224])
  labels.shape = torch.Size([24])
  sample videos = ['DATASET/attio/p16_f_attio.mp4', 'DATASET/upodesh/p6_f_upodesh.mp4', 'DATASET/boi/p15_c_boi.mp4']
[DEBUG] Model output logits shape: torch.Size([24, 90])
[DEBUG] labels: [81, 5, 45, 10, 43, 20, 52, 67]
[DEBUG] preds: [63, 45, 43, 10, 88, 20, 52, 88]
Epoch [70/100], Batch [10/90], Loss: 1.8590, Accuracy: 41.67%
Epoch [70/100], Batch [20/90], Loss: 1.9674, Accuracy: 50.00%
Epoch [70/100], Batch [30/90], Loss: 2.0557, Accuracy: 41.67%
Epoch [70/100], Batch [40/90], Loss: 1.9711, Accuracy: 37.50%
Epoch [70/100], Batch [50/90], Loss: 2.0267, Accuracy: 50.00%
Epoch [70/100], Batch [60/90], Loss: 2.6726, Accuracy: 37.50%
Epoch [70/100], Batch [70/90], Loss: 2.2516, Accuracy: 37.50%
Epoch [70/100], Batch [80/90], Loss: 1.9471, Accuracy: 50.00%
Epoch [70/100], Batch [90/90], Loss: 1.9138, Accuracy: 45.83%
Epoch [70] Training Loss: 2.1056, Training Accuracy: 44.54%
Epoch [70] Validation Loss: 3.9362, Validation Accuracy: 12.32%

No improvement for 55 epoch(s).


[DEBUG] One training batch loaded:
  inputs.shape = torch.Size([24, 3, 30, 224, 224])
  labels.shape = torch.Size([24])
  sample videos = ['DATASET/sotto/p16_c_sotto.mp4', 'DATASET/sandal/p8_c_sandal.mp4', 'DATASET/chad/p8_f_chad.mp4']
[DEBUG] Model output logits shape: torch.Size([24, 90])
[DEBUG] labels: [72, 49, 31, 46, 84, 22, 38, 57]
[DEBUG] preds: [72, 37, 23, 41, 51, 22, 38, 20]
Epoch [71/100], Batch [10/90], Loss: 2.3326, Accuracy: 41.67%
Epoch [71/100], Batch [20/90], Loss: 2.5200, Accuracy: 45.83%
Epoch [71/100], Batch [30/90], Loss: 2.4354, Accuracy: 20.83%
Epoch [71/100], Batch [40/90], Loss: 1.8087, Accuracy: 50.00%
Epoch [71/100], Batch [50/90], Loss: 2.1100, Accuracy: 37.50%
Epoch [71/100], Batch [60/90], Loss: 2.1958, Accuracy: 37.50%
Epoch [71/100], Batch [70/90], Loss: 2.5159, Accuracy: 37.50%
Epoch [71/100], Batch [80/90], Loss: 1.9402, Accuracy: 62.50%
Epoch [71/100], Batch [90/90], Loss: 1.9478, Accuracy: 45.83%
Epoch [71] Training Loss: 2.1009, Training Accuracy: 44.31%
Epoch [71] Validation Loss: 3.9413, Validation Accuracy: 11.96%

No improvement for 56 epoch(s).


[DEBUG] One training batch loaded:
  inputs.shape = torch.Size([24, 3, 30, 224, 224])
  labels.shape = torch.Size([24])
  sample videos = ['DATASET/baari/p14_c_baari.mp4', 'DATASET/virus/p8_c_virus.mp4', 'DATASET/chih/p15_c_chih.mp4']
[DEBUG] Model output logits shape: torch.Size([24, 90])
[DEBUG] labels: [0, 39, 74, 25, 49, 17, 10, 75]
[DEBUG] preds: [0, 69, 87, 69, 63, 17, 10, 75]
Epoch [72/100], Batch [10/90], Loss: 2.0163, Accuracy: 54.17%
Epoch [72/100], Batch [20/90], Loss: 1.9568, Accuracy: 33.33%
Epoch [72/100], Batch [30/90], Loss: 2.5096, Accuracy: 25.00%
Epoch [72/100], Batch [40/90], Loss: 2.5948, Accuracy: 20.83%
Epoch [72/100], Batch [50/90], Loss: 2.4508, Accuracy: 37.50%
Epoch [72/100], Batch [60/90], Loss: 1.9944, Accuracy: 50.00%
Epoch [72/100], Batch [70/90], Loss: 2.2924, Accuracy: 45.83%
Epoch [72/100], Batch [80/90], Loss: 2.1037, Accuracy: 37.50%
Epoch [72/100], Batch [90/90], Loss: 1.9997, Accuracy: 45.83%
Epoch [72] Training Loss: 2.1531, Training Accuracy: 41.30%
Epoch [72] Validation Loss: 3.9480, Validation Accuracy: 12.50%

No improvement for 57 epoch(s).


[DEBUG] One training batch loaded:
  inputs.shape = torch.Size([24, 3, 30, 224, 224])
  labels.shape = torch.Size([24])
  sample videos = ['DATASET/ovivabok/p13_f_ovivabok.mp4', 'DATASET/subidha/p4_f_subidha.mp4', 'DATASET/sombar/p4_c_sombar.mp4']
[DEBUG] Model output logits shape: torch.Size([24, 90])
[DEBUG] labels: [65, 50, 80, 33, 12, 83, 54, 32]
[DEBUG] preds: [76, 50, 53, 33, 12, 89, 47, 2]
Epoch [73/100], Batch [10/90], Loss: 1.9503, Accuracy: 45.83%
Epoch [73/100], Batch [20/90], Loss: 2.3076, Accuracy: 45.83%
Epoch [73/100], Batch [30/90], Loss: 2.2808, Accuracy: 29.17%
Epoch [73/100], Batch [40/90], Loss: 2.4685, Accuracy: 37.50%
Epoch [73/100], Batch [50/90], Loss: 2.3343, Accuracy: 33.33%
Epoch [73/100], Batch [60/90], Loss: 2.0034, Accuracy: 45.83%
Epoch [73/100], Batch [70/90], Loss: 1.8372, Accuracy: 45.83%
Epoch [73/100], Batch [80/90], Loss: 1.9105, Accuracy: 45.83%
Epoch [73/100], Batch [90/90], Loss: 2.0978, Accuracy: 45.83%
Epoch [73] Training Loss: 2.0805, Training Accuracy: 44.91%
Epoch [73] Validation Loss: 3.9566, Validation Accuracy: 11.96%

No improvement for 58 epoch(s).


[DEBUG] One training batch loaded:
  inputs.shape = torch.Size([24, 3, 30, 224, 224])
  labels.shape = torch.Size([24])
  sample videos = ['DATASET/ki/p11_f_ki.mp4', 'DATASET/sharee/p2_f_sharee.mp4', 'DATASET/raat/p7_f_raat.mp4']
[DEBUG] Model output logits shape: torch.Size([24, 90])
[DEBUG] labels: [87, 28, 11, 0, 27, 74, 60, 69]
[DEBUG] preds: [50, 28, 88, 0, 7, 74, 42, 69]
Epoch [74/100], Batch [10/90], Loss: 2.0224, Accuracy: 41.67%
Epoch [74/100], Batch [20/90], Loss: 1.9091, Accuracy: 54.17%
Epoch [74/100], Batch [30/90], Loss: 2.8585, Accuracy: 25.00%
Epoch [74/100], Batch [40/90], Loss: 2.0816, Accuracy: 41.67%
Epoch [74/100], Batch [50/90], Loss: 2.0579, Accuracy: 37.50%
Epoch [74/100], Batch [60/90], Loss: 2.1199, Accuracy: 33.33%
Epoch [74/100], Batch [70/90], Loss: 2.2165, Accuracy: 29.17%
Epoch [74/100], Batch [80/90], Loss: 2.2275, Accuracy: 45.83%
Epoch [74/100], Batch [90/90], Loss: 1.9487, Accuracy: 50.00%
Epoch [74] Training Loss: 2.1184, Training Accuracy: 43.19%
Epoch [74] Validation Loss: 3.9598, Validation Accuracy: 12.14%

No improvement for 59 epoch(s).


[DEBUG] One training batch loaded:
  inputs.shape = torch.Size([24, 3, 30, 224, 224])
  labels.shape = torch.Size([24])
  sample videos = ['DATASET/chata/p1_c_chata.mp4', 'DATASET/sandal/p15_f_sandal.mp4', 'DATASET/plastic/p15_f_plastic.mp4']
[DEBUG] Model output logits shape: torch.Size([24, 90])
[DEBUG] labels: [18, 49, 83, 67, 74, 27, 0, 57]
[DEBUG] preds: [18, 49, 79, 67, 74, 11, 0, 57]
Epoch [75/100], Batch [10/90], Loss: 1.9742, Accuracy: 33.33%
Epoch [75/100], Batch [20/90], Loss: 2.4519, Accuracy: 33.33%
Epoch [75/100], Batch [30/90], Loss: 2.1416, Accuracy: 45.83%
Epoch [75/100], Batch [40/90], Loss: 1.9393, Accuracy: 50.00%
Epoch [75/100], Batch [50/90], Loss: 2.2184, Accuracy: 41.67%
Epoch [75/100], Batch [60/90], Loss: 1.9016, Accuracy: 54.17%
Epoch [75/100], Batch [70/90], Loss: 2.1817, Accuracy: 54.17%
Epoch [75/100], Batch [80/90], Loss: 2.3260, Accuracy: 33.33%
Epoch [75/100], Batch [90/90], Loss: 1.9751, Accuracy: 45.83%
Epoch [75] Training Loss: 2.1502, Training Accuracy: 41.25%
Epoch [75] Validation Loss: 3.9564, Validation Accuracy: 12.14%

No improvement for 60 epoch(s).


[DEBUG] One training batch loaded:
  inputs.shape = torch.Size([24, 3, 30, 224, 224])
  labels.shape = torch.Size([24])
  sample videos = ['DATASET/sotto/p7_f_sotto.mp4', 'DATASET/khela/p8_c_khela.mp4', 'DATASET/choto/p4_c_choto.mp4']
[DEBUG] Model output logits shape: torch.Size([24, 90])
[DEBUG] labels: [72, 61, 60, 50, 2, 19, 75, 75]
[DEBUG] preds: [19, 61, 45, 21, 61, 82, 75, 29]
Epoch [76/100], Batch [10/90], Loss: 2.1015, Accuracy: 41.67%
Epoch [76/100], Batch [20/90], Loss: 2.2225, Accuracy: 45.83%
Epoch [76/100], Batch [30/90], Loss: 2.4497, Accuracy: 33.33%
Epoch [76/100], Batch [40/90], Loss: 1.9737, Accuracy: 45.83%
Epoch [76/100], Batch [50/90], Loss: 2.1170, Accuracy: 41.67%
Epoch [76/100], Batch [60/90], Loss: 1.7225, Accuracy: 58.33%
Epoch [76/100], Batch [70/90], Loss: 2.1638, Accuracy: 58.33%
Epoch [76/100], Batch [80/90], Loss: 1.9632, Accuracy: 33.33%
Epoch [76/100], Batch [90/90], Loss: 1.7119, Accuracy: 62.50%
Epoch [76] Training Loss: 2.0928, Training Accuracy: 43.75%
Epoch [76] Validation Loss: 3.9548, Validation Accuracy: 11.96%

No improvement for 61 epoch(s).


[DEBUG] One training batch loaded:
  inputs.shape = torch.Size([24, 3, 30, 224, 224])
  labels.shape = torch.Size([24])
  sample videos = ['DATASET/chikitsha/p3_f_chikitsha.mp4', 'DATASET/pant/p14_c_pant.mp4', 'DATASET/aangti/p4_c_aangti.mp4']
[DEBUG] Model output logits shape: torch.Size([24, 90])
[DEBUG] labels: [32, 38, 51, 83, 30, 85, 45, 76]
[DEBUG] preds: [12, 15, 11, 81, 45, 8, 45, 44]
Epoch [77/100], Batch [10/90], Loss: 2.0617, Accuracy: 54.17%
Epoch [77/100], Batch [20/90], Loss: 2.1072, Accuracy: 50.00%
Epoch [77/100], Batch [30/90], Loss: 2.5063, Accuracy: 33.33%
Epoch [77/100], Batch [40/90], Loss: 2.0177, Accuracy: 50.00%
Epoch [77/100], Batch [50/90], Loss: 1.7648, Accuracy: 54.17%
Epoch [77/100], Batch [60/90], Loss: 2.4082, Accuracy: 41.67%
Epoch [77/100], Batch [70/90], Loss: 2.0403, Accuracy: 41.67%
Epoch [77/100], Batch [80/90], Loss: 2.1236, Accuracy: 45.83%
Epoch [77/100], Batch [90/90], Loss: 2.2760, Accuracy: 16.67%
Epoch [77] Training Loss: 2.1270, Training Accuracy: 42.92%
Epoch [77] Validation Loss: 3.9472, Validation Accuracy: 11.23%

No improvement for 62 epoch(s).


[DEBUG] One training batch loaded:
  inputs.shape = torch.Size([24, 3, 30, 224, 224])
  labels.shape = torch.Size([24])
  sample videos = ['DATASET/chata/p13_f_chata.mp4', 'DATASET/shanti/p13_f_shanti.mp4', 'DATASET/plate/p13_c_plate.mp4']
[DEBUG] Model output logits shape: torch.Size([24, 90])
[DEBUG] labels: [18, 8, 4, 76, 25, 41, 13, 14]
[DEBUG] preds: [38, 8, 4, 76, 82, 41, 43, 83]
Epoch [78/100], Batch [10/90], Loss: 2.8027, Accuracy: 25.00%
Epoch [78/100], Batch [20/90], Loss: 2.1215, Accuracy: 33.33%
Epoch [78/100], Batch [30/90], Loss: 2.1881, Accuracy: 37.50%
Epoch [78/100], Batch [40/90], Loss: 2.1118, Accuracy: 50.00%
Epoch [78/100], Batch [50/90], Loss: 1.9713, Accuracy: 45.83%
Epoch [78/100], Batch [60/90], Loss: 1.7144, Accuracy: 58.33%
Epoch [78/100], Batch [70/90], Loss: 2.3577, Accuracy: 41.67%
Epoch [78/100], Batch [80/90], Loss: 2.3769, Accuracy: 25.00%
Epoch [78/100], Batch [90/90], Loss: 2.1130, Accuracy: 41.67%
Epoch [78] Training Loss: 2.1266, Training Accuracy: 42.92%
Epoch [78] Validation Loss: 3.9526, Validation Accuracy: 11.41%

No improvement for 63 epoch(s).


[DEBUG] One training batch loaded:
  inputs.shape = torch.Size([24, 3, 30, 224, 224])
  labels.shape = torch.Size([24])
  sample videos = ['DATASET/khelowar/p13_f_khelowar.mp4', 'DATASET/tokhon/p7_f_tokhon.mp4', 'DATASET/mask/p6_c_mask.mp4']
[DEBUG] Model output logits shape: torch.Size([24, 90])
[DEBUG] labels: [22, 19, 70, 28, 16, 86, 5, 6]
[DEBUG] preds: [89, 56, 70, 28, 16, 59, 60, 12]
Epoch [79/100], Batch [10/90], Loss: 2.3486, Accuracy: 41.67%
Epoch [79/100], Batch [20/90], Loss: 1.8708, Accuracy: 45.83%
Epoch [79/100], Batch [30/90], Loss: 2.5257, Accuracy: 33.33%
Epoch [79/100], Batch [40/90], Loss: 2.0973, Accuracy: 45.83%
Epoch [79/100], Batch [50/90], Loss: 2.1799, Accuracy: 41.67%
Epoch [79/100], Batch [60/90], Loss: 1.9434, Accuracy: 45.83%
Epoch [79/100], Batch [70/90], Loss: 1.9408, Accuracy: 45.83%
Epoch [79/100], Batch [80/90], Loss: 2.3784, Accuracy: 50.00%
Epoch [79/100], Batch [90/90], Loss: 2.0740, Accuracy: 45.83%
Epoch [79] Training Loss: 2.1235, Training Accuracy: 42.92%
Epoch [79] Validation Loss: 3.9569, Validation Accuracy: 12.14%

No improvement for 64 epoch(s).


[DEBUG] One training batch loaded:
  inputs.shape = torch.Size([24, 3, 30, 224, 224])
  labels.shape = torch.Size([24])
  sample videos = ['DATASET/janala/p4_c_janala.mp4', 'DATASET/lekha/p4_c_lekha.mp4', 'DATASET/chikitsha/p11_f_chikitsha.mp4']
[DEBUG] Model output logits shape: torch.Size([24, 90])
[DEBUG] labels: [68, 84, 32, 6, 7, 29, 11, 6]
[DEBUG] preds: [27, 39, 88, 85, 35, 29, 22, 6]
Epoch [80/100], Batch [10/90], Loss: 1.9401, Accuracy: 45.83%
Epoch [80/100], Batch [20/90], Loss: 1.9033, Accuracy: 45.83%
Epoch [80/100], Batch [30/90], Loss: 1.9779, Accuracy: 41.67%
Epoch [80/100], Batch [40/90], Loss: 2.0032, Accuracy: 50.00%
Epoch [80/100], Batch [50/90], Loss: 2.2093, Accuracy: 41.67%
Epoch [80/100], Batch [60/90], Loss: 2.4244, Accuracy: 33.33%
Epoch [80/100], Batch [70/90], Loss: 2.5026, Accuracy: 25.00%
Epoch [80/100], Batch [80/90], Loss: 2.0053, Accuracy: 41.67%
Epoch [80/100], Batch [90/90], Loss: 1.9825, Accuracy: 45.83%
Epoch [80] Training Loss: 2.0710, Training Accuracy: 44.07%
Epoch [80] Validation Loss: 3.9662, Validation Accuracy: 12.14%

No improvement for 65 epoch(s).


[DEBUG] One training batch loaded:
  inputs.shape = torch.Size([24, 3, 30, 224, 224])
  labels.shape = torch.Size([24])
  sample videos = ['DATASET/prosno/p8_c_prosno.mp4', 'DATASET/mask/p7_c_mask.mp4', 'DATASET/baari/p13_f_baari.mp4']
[DEBUG] Model output logits shape: torch.Size([24, 90])
[DEBUG] labels: [36, 70, 0, 88, 35, 17, 69, 85]
[DEBUG] preds: [25, 70, 0, 32, 7, 60, 69, 85]
Epoch [81/100], Batch [10/90], Loss: 1.9246, Accuracy: 54.17%
Epoch [81/100], Batch [20/90], Loss: 2.1529, Accuracy: 33.33%
Epoch [81/100], Batch [30/90], Loss: 1.8799, Accuracy: 58.33%
Epoch [81/100], Batch [40/90], Loss: 2.1458, Accuracy: 33.33%
Epoch [81/100], Batch [50/90], Loss: 1.8262, Accuracy: 54.17%
Epoch [81/100], Batch [60/90], Loss: 1.9426, Accuracy: 50.00%
Epoch [81/100], Batch [70/90], Loss: 2.3748, Accuracy: 37.50%
Epoch [81/100], Batch [80/90], Loss: 1.7041, Accuracy: 45.83%
Epoch [81/100], Batch [90/90], Loss: 2.1922, Accuracy: 29.17%
Epoch [81] Training Loss: 2.0950, Training Accuracy: 42.73%
Epoch [81] Validation Loss: 3.9584, Validation Accuracy: 11.59%

No improvement for 66 epoch(s).


[DEBUG] One training batch loaded:
  inputs.shape = torch.Size([24, 3, 30, 224, 224])
  labels.shape = torch.Size([24])
  sample videos = ['DATASET/somoy/p15_c_somoy.mp4', 'DATASET/protijogita/p13_c_protijogita.mp4', 'DATASET/sharee/p14_c_sharee.mp4']
[DEBUG] Model output logits shape: torch.Size([24, 90])
[DEBUG] labels: [37, 64, 28, 71, 25, 60, 19, 11]
[DEBUG] preds: [37, 64, 28, 71, 39, 8, 35, 11]
Epoch [82/100], Batch [10/90], Loss: 1.9568, Accuracy: 37.50%
Epoch [82/100], Batch [20/90], Loss: 1.8064, Accuracy: 50.00%
Epoch [82/100], Batch [30/90], Loss: 2.3631, Accuracy: 37.50%
Epoch [82/100], Batch [40/90], Loss: 1.8285, Accuracy: 54.17%
Epoch [82/100], Batch [50/90], Loss: 2.4106, Accuracy: 41.67%
Epoch [82/100], Batch [60/90], Loss: 1.9249, Accuracy: 37.50%
Epoch [82/100], Batch [70/90], Loss: 2.3836, Accuracy: 25.00%
Epoch [82/100], Batch [80/90], Loss: 2.3090, Accuracy: 37.50%
Epoch [82/100], Batch [90/90], Loss: 2.1445, Accuracy: 41.67%
Epoch [82] Training Loss: 2.1440, Training Accuracy: 41.39%
Epoch [82] Validation Loss: 3.9422, Validation Accuracy: 11.78%

No improvement for 67 epoch(s).


[DEBUG] One training batch loaded:
  inputs.shape = torch.Size([24, 3, 30, 224, 224])
  labels.shape = torch.Size([24])
  sample videos = ['DATASET/protigga/p1_c_protigga.mp4', 'DATASET/sotto/p16_f_sotto.mp4', 'DATASET/gach/p4_c_gach.mp4']
[DEBUG] Model output logits shape: torch.Size([24, 90])
[DEBUG] labels: [56, 72, 59, 2, 64, 67, 36, 74]
[DEBUG] preds: [56, 39, 59, 2, 85, 70, 37, 64]
Epoch [83/100], Batch [10/90], Loss: 2.0324, Accuracy: 41.67%
Epoch [83/100], Batch [20/90], Loss: 2.4044, Accuracy: 29.17%
Epoch [83/100], Batch [30/90], Loss: 2.0687, Accuracy: 45.83%
Epoch [83/100], Batch [40/90], Loss: 2.1532, Accuracy: 45.83%
Epoch [83/100], Batch [50/90], Loss: 1.4797, Accuracy: 66.67%
Epoch [83/100], Batch [60/90], Loss: 1.9074, Accuracy: 50.00%
Epoch [83/100], Batch [70/90], Loss: 2.3715, Accuracy: 29.17%
Epoch [83/100], Batch [80/90], Loss: 2.0848, Accuracy: 37.50%
Epoch [83/100], Batch [90/90], Loss: 2.1934, Accuracy: 37.50%
Epoch [83] Training Loss: 2.1422, Training Accuracy: 41.34%
Epoch [83] Validation Loss: 3.9393, Validation Accuracy: 12.14%

No improvement for 68 epoch(s).


[DEBUG] One training batch loaded:
  inputs.shape = torch.Size([24, 3, 30, 224, 224])
  labels.shape = torch.Size([24])
  sample videos = ['DATASET/tokhon/p6_f_tokhon.mp4', 'DATASET/chad/p6_f_chad.mp4', 'DATASET/sotru/p6_f_sotru.mp4']
[DEBUG] Model output logits shape: torch.Size([24, 90])
[DEBUG] labels: [19, 31, 73, 64, 12, 85, 8, 81]
[DEBUG] preds: [3, 54, 73, 55, 12, 89, 88, 7]
Epoch [84/100], Batch [10/90], Loss: 2.1687, Accuracy: 37.50%
Epoch [84/100], Batch [20/90], Loss: 2.1034, Accuracy: 41.67%
Epoch [84/100], Batch [30/90], Loss: 2.2082, Accuracy: 41.67%
Epoch [84/100], Batch [40/90], Loss: 2.2038, Accuracy: 45.83%
Epoch [84/100], Batch [50/90], Loss: 1.8999, Accuracy: 41.67%
Epoch [84/100], Batch [60/90], Loss: 1.9339, Accuracy: 45.83%
Epoch [84/100], Batch [70/90], Loss: 1.8041, Accuracy: 54.17%
Epoch [84/100], Batch [80/90], Loss: 2.1639, Accuracy: 41.67%
Epoch [84/100], Batch [90/90], Loss: 2.0928, Accuracy: 37.50%
Epoch [84] Training Loss: 2.1614, Training Accuracy: 40.79%
Epoch [84] Validation Loss: 3.9505, Validation Accuracy: 12.14%

No improvement for 69 epoch(s).


[DEBUG] One training batch loaded:
  inputs.shape = torch.Size([24, 3, 30, 224, 224])
  labels.shape = torch.Size([24])
  sample videos = ['DATASET/ador/p2_f_ador.mp4', 'DATASET/jokhon/p16_f_jokhon.mp4', 'DATASET/dengue/p1_f_dengue.mp4']
[DEBUG] Model output logits shape: torch.Size([24, 90])
[DEBUG] labels: [48, 1, 9, 65, 35, 58, 89, 33]
[DEBUG] preds: [48, 1, 87, 88, 86, 0, 85, 33]
Epoch [85/100], Batch [10/90], Loss: 2.2313, Accuracy: 33.33%
Epoch [85/100], Batch [20/90], Loss: 2.0789, Accuracy: 45.83%
Epoch [85/100], Batch [30/90], Loss: 1.7699, Accuracy: 50.00%
Epoch [85/100], Batch [40/90], Loss: 1.9374, Accuracy: 41.67%
Epoch [85/100], Batch [50/90], Loss: 2.2544, Accuracy: 33.33%
Epoch [85/100], Batch [60/90], Loss: 1.8671, Accuracy: 62.50%
Epoch [85/100], Batch [70/90], Loss: 2.1902, Accuracy: 54.17%
Epoch [85/100], Batch [80/90], Loss: 1.9021, Accuracy: 54.17%
Epoch [85/100], Batch [90/90], Loss: 2.0217, Accuracy: 50.00%
Epoch [85] Training Loss: 2.0867, Training Accuracy: 44.17%
Epoch [85] Validation Loss: 3.9489, Validation Accuracy: 12.14%

No improvement for 70 epoch(s).


[DEBUG] One training batch loaded:
  inputs.shape = torch.Size([24, 3, 30, 224, 224])
  labels.shape = torch.Size([24])
  sample videos = ['DATASET/onumoti/p2_f_onumoti.mp4', 'DATASET/ador/p15_c_ador.mp4', 'DATASET/tv/p4_f_tv.mp4']
[DEBUG] Model output logits shape: torch.Size([24, 90])
[DEBUG] labels: [15, 48, 88, 15, 23, 63, 47, 38]
[DEBUG] preds: [81, 33, 88, 20, 59, 51, 47, 79]
Epoch [86/100], Batch [10/90], Loss: 2.4585, Accuracy: 29.17%
Epoch [86/100], Batch [20/90], Loss: 2.1864, Accuracy: 45.83%
Epoch [86/100], Batch [30/90], Loss: 2.1106, Accuracy: 50.00%
Epoch [86/100], Batch [40/90], Loss: 2.2957, Accuracy: 37.50%
Epoch [86/100], Batch [50/90], Loss: 2.2246, Accuracy: 41.67%
Epoch [86/100], Batch [60/90], Loss: 1.8241, Accuracy: 50.00%
Epoch [86/100], Batch [70/90], Loss: 1.7730, Accuracy: 58.33%
Epoch [86/100], Batch [80/90], Loss: 2.2851, Accuracy: 33.33%
Epoch [86/100], Batch [90/90], Loss: 1.9929, Accuracy: 58.33%
Epoch [86] Training Loss: 2.0792, Training Accuracy: 44.35%
Epoch [86] Validation Loss: 3.9569, Validation Accuracy: 11.41%

No improvement for 71 epoch(s).


[DEBUG] One training batch loaded:
  inputs.shape = torch.Size([24, 3, 30, 224, 224])
  labels.shape = torch.Size([24])
  sample videos = ['DATASET/plate/p16_c_plate.mp4', 'DATASET/nodi/p4_f_nodi.mp4', 'DATASET/shona/p16_c_shona.mp4']
[DEBUG] Model output logits shape: torch.Size([24, 90])
[DEBUG] labels: [4, 2, 40, 62, 42, 78, 10, 75]
[DEBUG] preds: [4, 2, 51, 62, 42, 26, 76, 75]
Epoch [87/100], Batch [10/90], Loss: 1.7229, Accuracy: 54.17%
Epoch [87/100], Batch [20/90], Loss: 2.3137, Accuracy: 50.00%
Epoch [87/100], Batch [30/90], Loss: 1.8782, Accuracy: 54.17%
Epoch [87/100], Batch [40/90], Loss: 2.0586, Accuracy: 50.00%
Epoch [87/100], Batch [50/90], Loss: 2.0551, Accuracy: 50.00%
Epoch [87/100], Batch [60/90], Loss: 1.9639, Accuracy: 54.17%
Epoch [87/100], Batch [70/90], Loss: 2.4814, Accuracy: 33.33%
Epoch [87/100], Batch [80/90], Loss: 2.0604, Accuracy: 50.00%
Epoch [87/100], Batch [90/90], Loss: 1.9305, Accuracy: 50.00%
Epoch [87] Training Loss: 2.0701, Training Accuracy: 45.32%
Epoch [87] Validation Loss: 3.9478, Validation Accuracy: 11.78%

No improvement for 72 epoch(s).


[DEBUG] One training batch loaded:
  inputs.shape = torch.Size([24, 3, 30, 224, 224])
  labels.shape = torch.Size([24])
  sample videos = ['DATASET/sotru/p6_c_sotru.mp4', 'DATASET/shona/p12_c_shona.mp4', 'DATASET/robibar/p6_c_robibar.mp4']
[DEBUG] Model output logits shape: torch.Size([24, 90])
[DEBUG] labels: [73, 40, 71, 64, 47, 81, 65, 79]
[DEBUG] preds: [52, 13, 87, 46, 38, 40, 65, 79]
Epoch [88/100], Batch [10/90], Loss: 2.3651, Accuracy: 37.50%
Epoch [88/100], Batch [20/90], Loss: 2.3623, Accuracy: 33.33%
Epoch [88/100], Batch [30/90], Loss: 1.8347, Accuracy: 54.17%
Epoch [88/100], Batch [40/90], Loss: 2.7728, Accuracy: 29.17%
Epoch [88/100], Batch [50/90], Loss: 1.9318, Accuracy: 33.33%
Epoch [88/100], Batch [60/90], Loss: 2.5807, Accuracy: 29.17%
Epoch [88/100], Batch [70/90], Loss: 1.8936, Accuracy: 45.83%
Epoch [88/100], Batch [80/90], Loss: 2.4228, Accuracy: 37.50%
Epoch [88/100], Batch [90/90], Loss: 1.9963, Accuracy: 45.83%
Epoch [88] Training Loss: 2.1011, Training Accuracy: 43.19%
Epoch [88] Validation Loss: 3.9492, Validation Accuracy: 12.14%

No improvement for 73 epoch(s).


[DEBUG] One training batch loaded:
  inputs.shape = torch.Size([24, 3, 30, 224, 224])
  labels.shape = torch.Size([24])
  sample videos = ['DATASET/jodi/p7_c_jodi.mp4', 'DATASET/ovivabok/p1_f_ovivabok.mp4', 'DATASET/protigga/p6_c_protigga.mp4']
[DEBUG] Model output logits shape: torch.Size([24, 90])
[DEBUG] labels: [23, 65, 56, 38, 37, 66, 75, 2]
[DEBUG] preds: [44, 32, 48, 85, 37, 49, 75, 78]
Epoch [89/100], Batch [10/90], Loss: 2.2003, Accuracy: 37.50%
Epoch [89/100], Batch [20/90], Loss: 1.9636, Accuracy: 50.00%
Epoch [89/100], Batch [30/90], Loss: 1.6344, Accuracy: 54.17%
Epoch [89/100], Batch [40/90], Loss: 2.0657, Accuracy: 45.83%
Epoch [89/100], Batch [50/90], Loss: 1.8126, Accuracy: 45.83%
Epoch [89/100], Batch [60/90], Loss: 2.1168, Accuracy: 41.67%
Epoch [89/100], Batch [70/90], Loss: 2.1682, Accuracy: 37.50%
Epoch [89/100], Batch [80/90], Loss: 2.4964, Accuracy: 41.67%
Epoch [89/100], Batch [90/90], Loss: 1.8680, Accuracy: 54.17%
Epoch [89] Training Loss: 2.1611, Training Accuracy: 40.88%
Epoch [89] Validation Loss: 3.9607, Validation Accuracy: 12.14%

No improvement for 74 epoch(s).


[DEBUG] One training batch loaded:
  inputs.shape = torch.Size([24, 3, 30, 224, 224])
  labels.shape = torch.Size([24])
  sample videos = ['DATASET/mehman/p6_f_mehman.mp4', 'DATASET/lekha/p1_c_lekha.mp4', 'DATASET/mehman/p6_c_mehman.mp4']
[DEBUG] Model output logits shape: torch.Size([24, 90])
[DEBUG] labels: [26, 84, 26, 31, 86, 72, 8, 8]
[DEBUG] preds: [52, 82, 89, 23, 60, 11, 67, 8]
Epoch [90/100], Batch [10/90], Loss: 2.2333, Accuracy: 33.33%
Epoch [90/100], Batch [20/90], Loss: 2.0782, Accuracy: 50.00%
Epoch [90/100], Batch [30/90], Loss: 2.0436, Accuracy: 41.67%
Epoch [90/100], Batch [40/90], Loss: 2.5471, Accuracy: 29.17%
Epoch [90/100], Batch [50/90], Loss: 2.2404, Accuracy: 41.67%
Epoch [90/100], Batch [60/90], Loss: 2.1870, Accuracy: 41.67%
Epoch [90/100], Batch [70/90], Loss: 1.7600, Accuracy: 54.17%
Epoch [90/100], Batch [80/90], Loss: 2.1527, Accuracy: 33.33%
Epoch [90/100], Batch [90/90], Loss: 2.1270, Accuracy: 37.50%
Epoch [90] Training Loss: 2.1722, Training Accuracy: 41.11%
Epoch [90] Validation Loss: 3.9669, Validation Accuracy: 11.59%

No improvement for 75 epoch(s).


[DEBUG] One training batch loaded:
  inputs.shape = torch.Size([24, 3, 30, 224, 224])
  labels.shape = torch.Size([24])
  sample videos = ['DATASET/chabi/p12_f_chabi.mp4', 'DATASET/chair/p13_f_chair.mp4', 'DATASET/nodi/p7_f_nodi.mp4']
[DEBUG] Model output logits shape: torch.Size([24, 90])
[DEBUG] labels: [3, 85, 2, 19, 4, 59, 63, 9]
[DEBUG] preds: [51, 85, 2, 1, 52, 59, 4, 9]
Epoch [91/100], Batch [10/90], Loss: 2.1634, Accuracy: 58.33%
Epoch [91/100], Batch [20/90], Loss: 2.2550, Accuracy: 33.33%
Epoch [91/100], Batch [30/90], Loss: 1.9555, Accuracy: 29.17%
Epoch [91/100], Batch [40/90], Loss: 2.1984, Accuracy: 50.00%
Epoch [91/100], Batch [50/90], Loss: 2.6413, Accuracy: 33.33%
Epoch [91/100], Batch [60/90], Loss: 2.4100, Accuracy: 50.00%
Epoch [91/100], Batch [70/90], Loss: 2.3590, Accuracy: 33.33%
Epoch [91/100], Batch [80/90], Loss: 1.7740, Accuracy: 58.33%
Epoch [91/100], Batch [90/90], Loss: 2.0466, Accuracy: 45.83%
Epoch [91] Training Loss: 2.1410, Training Accuracy: 43.33%
Epoch [91] Validation Loss: 3.9468, Validation Accuracy: 12.68%

No improvement for 76 epoch(s).


[DEBUG] One training batch loaded:
  inputs.shape = torch.Size([24, 3, 30, 224, 224])
  labels.shape = torch.Size([24])
  sample videos = ['DATASET/nurse/p7_c_nurse.mp4', 'DATASET/plate/p12_f_plate.mp4', 'DATASET/shona/p7_c_shona.mp4']
[DEBUG] Model output logits shape: torch.Size([24, 90])
[DEBUG] labels: [86, 4, 40, 87, 33, 54, 24, 35]
[DEBUG] preds: [8, 52, 46, 87, 89, 54, 24, 77]
Epoch [92/100], Batch [10/90], Loss: 2.3254, Accuracy: 33.33%
Epoch [92/100], Batch [20/90], Loss: 1.8312, Accuracy: 50.00%
Epoch [92/100], Batch [30/90], Loss: 2.2795, Accuracy: 29.17%
Epoch [92/100], Batch [40/90], Loss: 2.2966, Accuracy: 41.67%
Epoch [92/100], Batch [50/90], Loss: 2.4783, Accuracy: 29.17%
Epoch [92/100], Batch [60/90], Loss: 1.9047, Accuracy: 50.00%
Epoch [92/100], Batch [70/90], Loss: 2.1952, Accuracy: 41.67%
Epoch [92/100], Batch [80/90], Loss: 1.8992, Accuracy: 45.83%
Epoch [92/100], Batch [90/90], Loss: 2.0311, Accuracy: 50.00%
Epoch [92] Training Loss: 2.1110, Training Accuracy: 43.19%
Epoch [92] Validation Loss: 3.9428, Validation Accuracy: 11.96%

No improvement for 77 epoch(s).


[DEBUG] One training batch loaded:
  inputs.shape = torch.Size([24, 3, 30, 224, 224])
  labels.shape = torch.Size([24])
  sample videos = ['DATASET/protibeshi/p15_f_protibeshi.mp4', 'DATASET/kintu/p6_f_kintu.mp4', 'DATASET/jodi/p8_f_jodi.mp4']
[DEBUG] Model output logits shape: torch.Size([24, 90])
[DEBUG] labels: [34, 53, 23, 69, 53, 28, 72, 11]
[DEBUG] preds: [14, 53, 31, 69, 8, 28, 35, 88]
Epoch [93/100], Batch [10/90], Loss: 2.6473, Accuracy: 29.17%
Epoch [93/100], Batch [20/90], Loss: 2.3832, Accuracy: 37.50%
Epoch [93/100], Batch [30/90], Loss: 1.9783, Accuracy: 41.67%
Epoch [93/100], Batch [40/90], Loss: 2.1729, Accuracy: 37.50%
Epoch [93/100], Batch [50/90], Loss: 1.7614, Accuracy: 41.67%
Epoch [93/100], Batch [60/90], Loss: 1.7089, Accuracy: 58.33%
Epoch [93/100], Batch [70/90], Loss: 1.9905, Accuracy: 41.67%
Epoch [93/100], Batch [80/90], Loss: 1.7470, Accuracy: 54.17%
Epoch [93/100], Batch [90/90], Loss: 2.0796, Accuracy: 41.67%
Epoch [93] Training Loss: 2.1488, Training Accuracy: 41.71%
Epoch [93] Validation Loss: 3.9386, Validation Accuracy: 11.96%

No improvement for 78 epoch(s).


[DEBUG] One training batch loaded:
  inputs.shape = torch.Size([24, 3, 30, 224, 224])
  labels.shape = torch.Size([24])
  sample videos = ['DATASET/chad/p15_f_chad.mp4', 'DATASET/bondhu/p16_c_bondhu.mp4', 'DATASET/dudh/p15_c_dudh.mp4']
[DEBUG] Model output logits shape: torch.Size([24, 90])
[DEBUG] labels: [31, 25, 46, 65, 32, 80, 84, 36]
[DEBUG] preds: [31, 69, 38, 65, 9, 80, 84, 76]
Epoch [94/100], Batch [10/90], Loss: 2.3157, Accuracy: 41.67%
Epoch [94/100], Batch [20/90], Loss: 2.4776, Accuracy: 37.50%
Epoch [94/100], Batch [30/90], Loss: 2.5120, Accuracy: 20.83%
Epoch [94/100], Batch [40/90], Loss: 2.0503, Accuracy: 41.67%
Epoch [94/100], Batch [50/90], Loss: 2.4268, Accuracy: 33.33%
Epoch [94/100], Batch [60/90], Loss: 2.2323, Accuracy: 37.50%
Epoch [94/100], Batch [70/90], Loss: 2.3596, Accuracy: 33.33%
Epoch [94/100], Batch [80/90], Loss: 2.3413, Accuracy: 41.67%
Epoch [94/100], Batch [90/90], Loss: 1.6274, Accuracy: 58.33%
Epoch [94] Training Loss: 2.1322, Training Accuracy: 42.69%
Epoch [94] Validation Loss: 3.9368, Validation Accuracy: 12.32%

No improvement for 79 epoch(s).


[DEBUG] One training batch loaded:
  inputs.shape = torch.Size([24, 3, 30, 224, 224])
  labels.shape = torch.Size([24])
  sample videos = ['DATASET/pant/p12_c_pant.mp4', 'DATASET/sotto/p2_f_sotto.mp4', 'DATASET/protibondhi/p15_f_protibondhi.mp4']
[DEBUG] Model output logits shape: torch.Size([24, 90])
[DEBUG] labels: [38, 72, 58, 61, 74, 46, 62, 5]
[DEBUG] preds: [38, 27, 86, 61, 42, 75, 70, 71]
Epoch [95/100], Batch [10/90], Loss: 2.3423, Accuracy: 41.67%
Epoch [95/100], Batch [20/90], Loss: 2.0086, Accuracy: 58.33%
Epoch [95/100], Batch [30/90], Loss: 1.8393, Accuracy: 50.00%
Epoch [95/100], Batch [40/90], Loss: 2.2822, Accuracy: 41.67%
Epoch [95/100], Batch [50/90], Loss: 2.1189, Accuracy: 50.00%
Epoch [95/100], Batch [60/90], Loss: 2.0709, Accuracy: 50.00%
Epoch [95/100], Batch [70/90], Loss: 2.2122, Accuracy: 37.50%
Epoch [95/100], Batch [80/90], Loss: 2.4814, Accuracy: 29.17%
Epoch [95/100], Batch [90/90], Loss: 2.1258, Accuracy: 33.33%
Epoch [95] Training Loss: 2.1204, Training Accuracy: 43.75%
Epoch [95] Validation Loss: 3.9458, Validation Accuracy: 12.32%

No improvement for 80 epoch(s).


[DEBUG] One training batch loaded:
  inputs.shape = torch.Size([24, 3, 30, 224, 224])
  labels.shape = torch.Size([24])
  sample videos = ['DATASET/protigga/p7_f_protigga.mp4', 'DATASET/jokhon/p7_f_jokhon.mp4', 'DATASET/aangti/p11_f_aangti.mp4']
[DEBUG] Model output logits shape: torch.Size([24, 90])
[DEBUG] labels: [56, 1, 51, 46, 60, 44, 25, 39]
[DEBUG] preds: [56, 23, 0, 46, 45, 44, 25, 39]
Epoch [96/100], Batch [10/90], Loss: 2.3008, Accuracy: 37.50%
Epoch [96/100], Batch [20/90], Loss: 1.9719, Accuracy: 41.67%
Epoch [96/100], Batch [30/90], Loss: 2.5210, Accuracy: 29.17%
Epoch [96/100], Batch [40/90], Loss: 2.5021, Accuracy: 33.33%
Epoch [96/100], Batch [50/90], Loss: 2.4670, Accuracy: 33.33%
Epoch [96/100], Batch [60/90], Loss: 1.9798, Accuracy: 45.83%
Epoch [96/100], Batch [70/90], Loss: 1.8640, Accuracy: 58.33%
Epoch [96/100], Batch [80/90], Loss: 2.0483, Accuracy: 50.00%
Epoch [96/100], Batch [90/90], Loss: 2.0398, Accuracy: 37.50%
Epoch [96] Training Loss: 2.1110, Training Accuracy: 44.07%
Epoch [96] Validation Loss: 3.9375, Validation Accuracy: 11.96%

No improvement for 81 epoch(s).


[DEBUG] One training batch loaded:
  inputs.shape = torch.Size([24, 3, 30, 224, 224])
  labels.shape = torch.Size([24])
  sample videos = ['DATASET/valobasha/p1_f_valobasha.mp4', 'DATASET/shona/p16_f_shona.mp4', 'DATASET/chabi/p4_c_chabi.mp4']
[DEBUG] Model output logits shape: torch.Size([24, 90])
[DEBUG] labels: [20, 40, 3, 50, 2, 86, 46, 14]
[DEBUG] preds: [66, 26, 73, 68, 2, 86, 41, 14]
Epoch [97/100], Batch [10/90], Loss: 2.0443, Accuracy: 45.83%
Epoch [97/100], Batch [20/90], Loss: 2.0598, Accuracy: 54.17%
Epoch [97/100], Batch [30/90], Loss: 1.8745, Accuracy: 50.00%
Epoch [97/100], Batch [40/90], Loss: 2.3281, Accuracy: 41.67%
Epoch [97/100], Batch [50/90], Loss: 2.1689, Accuracy: 33.33%
Epoch [97/100], Batch [60/90], Loss: 1.9757, Accuracy: 37.50%
Epoch [97/100], Batch [70/90], Loss: 2.1339, Accuracy: 37.50%
Epoch [97/100], Batch [80/90], Loss: 1.8599, Accuracy: 54.17%
Epoch [97/100], Batch [90/90], Loss: 2.0948, Accuracy: 37.50%
Epoch [97] Training Loss: 2.1386, Training Accuracy: 43.01%
Epoch [97] Validation Loss: 3.9391, Validation Accuracy: 12.50%

No improvement for 82 epoch(s).


[DEBUG] One training batch loaded:
  inputs.shape = torch.Size([24, 3, 30, 224, 224])
  labels.shape = torch.Size([24])
  sample videos = ['DATASET/chabi/p14_c_chabi.mp4', 'DATASET/cricket/p6_c_cricket.mp4', 'DATASET/upodesh/p16_f_upodesh.mp4']
[DEBUG] Model output logits shape: torch.Size([24, 90])
[DEBUG] labels: [3, 89, 5, 48, 26, 33, 56, 88]
[DEBUG] preds: [84, 41, 5, 48, 26, 32, 50, 88]
Epoch [98/100], Batch [10/90], Loss: 2.3758, Accuracy: 33.33%
Epoch [98/100], Batch [20/90], Loss: 2.1615, Accuracy: 50.00%
Epoch [98/100], Batch [30/90], Loss: 2.3473, Accuracy: 29.17%
Epoch [98/100], Batch [40/90], Loss: 2.2297, Accuracy: 45.83%
Epoch [98/100], Batch [50/90], Loss: 1.7369, Accuracy: 50.00%
Epoch [98/100], Batch [60/90], Loss: 1.6341, Accuracy: 54.17%
Epoch [98/100], Batch [70/90], Loss: 2.2598, Accuracy: 29.17%
Epoch [98/100], Batch [80/90], Loss: 1.8425, Accuracy: 62.50%
Epoch [98/100], Batch [90/90], Loss: 1.7497, Accuracy: 50.00%
Epoch [98] Training Loss: 2.0828, Training Accuracy: 43.29%
Epoch [98] Validation Loss: 3.9456, Validation Accuracy: 11.96%

No improvement for 83 epoch(s).


[DEBUG] One training batch loaded:
  inputs.shape = torch.Size([24, 3, 30, 224, 224])
  labels.shape = torch.Size([24])
  sample videos = ['DATASET/ghori/p4_c_ghori.mp4', 'DATASET/chad/p8_c_chad.mp4', 'DATASET/pora/p12_f_pora.mp4']
[DEBUG] Model output logits shape: torch.Size([24, 90])
[DEBUG] labels: [30, 31, 43, 66, 80, 58, 57, 18]
[DEBUG] preds: [30, 83, 39, 66, 87, 86, 66, 18]
Epoch [99/100], Batch [10/90], Loss: 2.2896, Accuracy: 33.33%
Epoch [99/100], Batch [20/90], Loss: 2.3263, Accuracy: 50.00%
Epoch [99/100], Batch [30/90], Loss: 1.2004, Accuracy: 75.00%
Epoch [99/100], Batch [40/90], Loss: 1.9912, Accuracy: 50.00%
Epoch [99/100], Batch [50/90], Loss: 2.5608, Accuracy: 45.83%
Epoch [99/100], Batch [60/90], Loss: 2.2769, Accuracy: 50.00%
Epoch [99/100], Batch [70/90], Loss: 2.1053, Accuracy: 33.33%
Epoch [99/100], Batch [80/90], Loss: 2.1404, Accuracy: 41.67%
Epoch [99/100], Batch [90/90], Loss: 2.1226, Accuracy: 37.50%
Epoch [99] Training Loss: 2.1424, Training Accuracy: 42.73%
Epoch [99] Validation Loss: 3.9456, Validation Accuracy: 11.41%

No improvement for 84 epoch(s).


[DEBUG] One training batch loaded:
  inputs.shape = torch.Size([24, 3, 30, 224, 224])
  labels.shape = torch.Size([24])
  sample videos = ['DATASET/khoj/p14_f_khoj.mp4', 'DATASET/boi/p1_c_boi.mp4', 'DATASET/sajano/p4_c_sajano.mp4']
[DEBUG] Model output logits shape: torch.Size([24, 90])
[DEBUG] labels: [76, 45, 78, 9, 30, 14, 71, 48]
[DEBUG] preds: [18, 43, 78, 75, 30, 14, 84, 48]
Epoch [100/100], Batch [10/90], Loss: 2.0328, Accuracy: 50.00%
Epoch [100/100], Batch [20/90], Loss: 1.8565, Accuracy: 50.00%
Epoch [100/100], Batch [30/90], Loss: 2.0740, Accuracy: 45.83%
Epoch [100/100], Batch [40/90], Loss: 2.0214, Accuracy: 50.00%
Epoch [100/100], Batch [50/90], Loss: 2.4894, Accuracy: 29.17%
Epoch [100/100], Batch [60/90], Loss: 2.0021, Accuracy: 54.17%
Epoch [100/100], Batch [70/90], Loss: 1.7658, Accuracy: 54.17%
Epoch [100/100], Batch [80/90], Loss: 2.4789, Accuracy: 37.50%
Epoch [100/100], Batch [90/90], Loss: 1.9333, Accuracy: 54.17%
Epoch [100] Training Loss: 2.1034, Training Accuracy: 43.75%
Epoch [100] Validation Loss: 3.9673, Validation Accuracy: 11.41%

No improvement for 85 epoch(s).

Training completed. Final model saved to ./checkpoints/final_model.pth
