-4.785319566726684570e-01,-6.290246844291687012e-01,4.673148989677429199e-01,2.848647594451904297e+00,-1.262594819068908691e+00,-1.385097146034240723e+00,4.140830039978027344e+00,-4.012528419494628906e+00,-2.158306837081909180e+00,1.105418777465820312e+01,-2.033111810684204102e+00,3.335286617279052734e+00,1.958532929420471191e-01,-1.169154167175292969e+00,-1.614011824131011963e-01,-3.100769996643066406e+00,-1.257709860801696777e+00,-9.224861860275268555e-01,-1.625627517700195312e+00,-1.900670289993286133e+00,-8.234896063804626465e-01,-1.688664257526397705e-01,-1.899062156677246094e+00,6.694652438163757324e-01,-1.841574788093566895e+00,4.339790821075439453e+00,4.999896287918090820e-01,1.046593546867370605e+00,8.552166223526000977e-01,-3.110625028610229492e+00,1.156237483024597168e+00,8.382273674011230469e+00,-2.321835517883300781e+00,1.103995680809020996e+00,-8.414338529109954834e-02,-1.541455507278442383e+00,-9.811922162771224976e-02,1.060776948928833008e+00,2.299754619598388672e+00,-2.082931697368621826e-01,1.185571670532226562e+00,-1.491559505462646484e+00,-2.591264434158802032e-02,-2.477610349655151367e+00,-1.423410773277282715e+00,1.601044774055480957e+00,4.757469654083251953e+00,4.439114093780517578e+00,1.618308544158935547e+00,-1.018476724624633789e+00,-1.431112408638000488e+00,-1.057336926460266113e+00,-2.156109571456909180e+00,-1.496579591184854507e-02,-2.334477663040161133e+00,-7.838798761367797852e-01,-3.712794780731201172e-01,-8.130173087120056152e-01,-1.069442629814147949e+00,-1.118797063827514648e+00,-2.682337999343872070e+00,9.503129124641418457e-01,2.087306737899780273e+00,-2.148162603378295898e+00,1.755359053611755371e+00,4.367294311523437500e+00,1.287203073501586914e+00,-1.926710486412048340e+00,-1.381324052810668945e+00,1.284062743186950684e+00,5.631130337715148926e-01,-3.211528539657592773e+00,9.907909035682678223e-01,-1.449478149414062500e+00,8.989966511726379395e-01,7.167735099792480469e-01,-1.063504576683044434e+00,7.277382612228393555e-01,1.862815380096435547e+00,-1.113623023033142090e+00,1.895701885223388672e+00,-4.260902881622314453e+00,-3.937577486038208008e+00,2.478965044021606445e+00,-1.549600839614868164e+00,-2.056309938430786133e+00,-1.535099267959594727e+00,-5.099116563796997070e-01,-9.430113434791564941e-01,-1.164979934692382812e+00,2.108964323997497559e-01,-1.182099342346191406e+00,-7.658830285072326660e-02,5.095034241676330566e-01,3.504118919372558594e-01,1.736479997634887695e-01,-1.115481615066528320e+00,-2.422216653823852539e+00,-1.067720055580139160e+00,6.266588687896728516e+00
-1.690394729375839233e-01,8.811780214309692383e-01,-9.292958974838256836e-01,3.012853384017944336e+00,-1.289767146110534668e+00,-1.025212526321411133e+00,2.597726106643676758e+00,-2.558445692062377930e+00,-2.976874589920043945e+00,7.368095874786376953e+00,-3.727576017379760742e+00,3.911534786224365234e+00,-8.260604143142700195e-01,-4.967420101165771484e-01,-1.060342639684677124e-01,-2.515948057174682617e+00,-2.256609439849853516e+00,-2.286508083343505859e-01,-6.673804521560668945e-01,-1.232419967651367188e+00,7.814889550209045410e-01,1.219968795776367188e+00,-1.861044764518737793e+00,1.509775161743164062e+00,-1.349709749221801758e+00,8.290127754211425781e+00,-2.092013880610466003e-02,1.101359009742736816e+00,-6.174963712692260742e-01,-4.934325218200683594e+00,-1.393934011459350586e+00,4.608100414276123047e+00,-9.842357039451599121e-01,2.314176321029663086e+00,-8.393942117691040039e-01,1.408192217350006104e-01,1.275592207908630371e+00,2.802731394767761230e-01,2.815942764282226562e+00,-1.012728452682495117e+00,2.105001211166381836e-01,-1.861213326454162598e+00,-7.411658167839050293e-01,-1.804799914360046387e+00,-1.876077771186828613e+00,5.019297003746032715e-01,6.395742416381835938e+00,5.131175041198730469e+00,1.722254231572151184e-02,-9.752763509750366211e-01,5.075108408927917480e-01,9.688307046890258789e-01,-3.544968366622924805e+00,-4.088531434535980225e-01,-2.888541460037231445e+00,1.791808843612670898e+00,-1.030997753143310547e+00,5.027191042900085449e-01,-1.006318330764770508e+00,-6.198865771293640137e-01,-2.461809873580932617e+00,2.571424007415771484e+00,1.204264283180236816e+00,4.290708899497985840e-01,3.270164966583251953e+00,2.924317121505737305e+00,-6.998875737190246582e-01,-5.420546531677246094e-01,9.808021783828735352e-02,-5.388081669807434082e-01,-1.012878045439720154e-01,-2.853734254837036133e+00,5.946785807609558105e-01,-2.113524436950683594e+00,1.300739049911499023e+00,1.702330589294433594e+00,5.714742541313171387e-01,3.082641661167144775e-01,2.385100126266479492e-01,-6.189735531806945801e-01,2.139586210250854492e+00,-5.527411460876464844e+00,-5.328752994537353516e+00,1.577310204505920410e+00,-2.044929027557373047e+00,-2.089420557022094727e+00,-1.762998476624488831e-02,2.748710513114929199e-01,-1.131871700286865234e+00,-3.069115161895751953e+00,5.268083214759826660e-01,-6.269963979721069336e-01,-6.268352270126342773e-01,2.489101141691207886e-01,-6.791226267814636230e-01,-4.135545492172241211e-01,1.976874470710754395e-01,-2.533652544021606445e+00,-1.718850970268249512e+00,3.300137758255004883e+00
3.728318929672241211e+00,-6.460596919059753418e-01,-1.825418114662170410e+00,2.501222372055053711e+00,-1.197336673736572266e+00,-1.232715725898742676e+00,1.294363498687744141e+00,-2.372552394866943359e+00,-1.292498350143432617e+00,2.000147342681884766e+00,-3.330234289169311523e+00,3.316891193389892578e+00,4.600297927856445312e+00,-3.320690870285034180e+00,-9.250199794769287109e-01,-2.828449010848999023e+00,-2.699496410787105560e-02,4.045986533164978027e-01,-1.223039627075195312e+00,2.370010137557983398e+00,-1.650021910667419434e+00,-9.244520664215087891e-01,-3.165754675865173340e-01,5.151069760322570801e-01,-1.253586173057556152e+00,1.930954933166503906e+00,-1.810424089431762695e+00,9.630631208419799805e-01,3.289245963096618652e-01,-3.914277076721191406e+00,4.510938644409179688e+00,1.493802070617675781e+00,1.015516221523284912e-01,-5.170775949954986572e-02,-2.249219119548797607e-01,1.315100491046905518e-01,2.049770355224609375e+00,1.310891032218933105e+00,1.130272102355957031e+01,-2.023490905761718750e+00,-2.133514881134033203e+00,-2.211618661880493164e+00,-1.826742649078369141e+00,-3.082811355590820312e+00,-1.005577564239501953e+00,1.129639521241188049e-02,-2.270541429519653320e+00,-2.082462459802627563e-01,-1.356749892234802246e+00,7.336024641990661621e-01,-1.520375490188598633e+00,-3.285706937313079834e-01,-3.458747386932373047e+00,-1.469815254211425781e+00,-2.542498588562011719e+00,7.987067699432373047e-01,-3.364160299301147461e+00,-6.863503456115722656e-01,-5.566143989562988281e-01,-4.542447328567504883e-01,-2.612893581390380859e+00,1.344824552536010742e+00,-8.586594462394714355e-01,2.788701772689819336e+00,-4.847698807716369629e-01,2.446844100952148438e+00,3.062416553497314453e+00,-8.908049464225769043e-01,-1.919538825750350952e-01,7.209801673889160156e-01,-3.411360681056976318e-01,-1.524448871612548828e+00,2.654783129692077637e-01,3.077381372451782227e+00,-2.788914144039154053e-01,1.022489815950393677e-01,-2.191200256347656250e+00,-2.326088026165962219e-03,4.032289981842041016e+00,6.077559590339660645e-01,-2.675572395324707031e+00,-3.290869712829589844e+00,-5.801777362823486328e+00,6.287022113800048828e+00,-3.349532127380371094e+00,-1.182776212692260742e+00,2.364412546157836914e+00,-2.651104927062988281e-01,-7.178997397422790527e-01,-3.276265263557434082e-01,9.862439036369323730e-01,-1.889431595802307129e+00,-3.732620000839233398e+00,-1.326122164726257324e+00,1.197652146220207214e-02,1.878742933273315430e+00,-5.678641200065612793e-01,3.051907300949096680e+00,-1.391571164131164551e+00,1.195201754570007324e+00
-1.106546044349670410e+00,-2.734341472387313843e-02,3.230937242507934570e+00,1.878884077072143555e+00,-1.247938394546508789e+00,2.120841979980468750e+00,1.336318999528884888e-01,-6.612528562545776367e-01,-8.612429499626159668e-01,7.821617126464843750e+00,-1.801244735717773438e+00,-1.727375984191894531e-01,2.573498249053955078e+00,-1.832962393760681152e+00,-1.738813281059265137e+00,-4.568331718444824219e+00,1.361440062522888184e+00,-1.155850768089294434e+00,-1.936661958694458008e+00,1.403329372406005859e+00,-1.101258754730224609e+00,-5.443739295005798340e-01,4.449793696403503418e-02,-1.444744944572448730e+00,-3.194120645523071289e+00,1.307480096817016602e+00,1.315347403287887573e-01,-8.431472778320312500e-01,2.627670764923095703e+00,-3.065173625946044922e+00,-4.540234804153442383e-01,4.656298637390136719e+00,-9.393524527549743652e-01,-4.285120964050292969e-01,-7.316175699234008789e-01,-1.669886827468872070e+00,8.089343309402465820e-01,1.553812026977539062e+00,2.423206567764282227e+00,-1.403116226196289062e+00,6.930484771728515625e-01,3.830016255378723145e-01,6.615410447120666504e-01,-2.177771091461181641e+00,1.410173296928405762e+00,8.715322613716125488e-02,-1.071956992149353027e+00,-3.005480952560901642e-02,1.216731643676757812e+01,-2.131263494491577148e+00,-4.352510452270507812e+00,-3.715780735015869141e+00,-2.308395624160766602e+00,1.457519650459289551e+00,5.954430699348449707e-01,-3.243311405181884766e+00,1.575641036033630371e+00,2.583055973052978516e+00,-1.580083966255187988e+00,2.957791328430175781e+00,-3.347259163856506348e-01,2.715032339096069336e+00,7.812778353691101074e-01,2.982751131057739258e-01,-2.076561212539672852e+00,2.401746988296508789e+00,4.454912185668945312e+00,-6.559145450592041016e-01,-3.643019199371337891e+00,2.184066623449325562e-01,-1.232228398323059082e+00,-1.620530843734741211e+00,2.263101100921630859e+00,1.054985523223876953e+00,-1.308354258537292480e+00,2.517254352569580078e+00,-2.814307451248168945e+00,4.429108500480651855e-01,4.355789184570312500e+00,-9.239201545715332031e-01,-1.303706645965576172e+00,-2.152683019638061523e+00,-1.785355925559997559e+00,-6.433739066123962402e-01,2.064801603555679321e-01,3.856990635395050049e-01,-3.153891563415527344e+00,-1.187953710556030273e+00,-1.133938312530517578e+00,2.222272634506225586e+00,-7.293059229850769043e-01,1.112468957901000977e+00,-3.280646800994873047e-01,-1.249866724014282227e+00,-6.083576083183288574e-01,7.913905382156372070e-01,-3.702076435089111328e+00,3.289613127708435059e-01,-1.187974691390991211e+00,1.865558266639709473e+00
-7.639793753623962402e-01,8.388363122940063477e-01,5.831837058067321777e-01,-2.798295021057128906e-01,-1.285827398300170898e+00,-2.065240144729614258e+00,-1.289650082588195801e+00,3.891213536262512207e-01,1.910133719444274902e+00,4.095048904418945312e+00,3.479254722595214844e+00,8.968791365623474121e-01,-9.160884618759155273e-01,2.665485620498657227e+00,3.497775495052337646e-01,4.222566783428192139e-01,-2.187769889831542969e+00,2.238689184188842773e+00,-3.528718948364257812e-01,-3.950362682342529297e+00,5.404447317123413086e-01,-1.265979766845703125e+00,-1.254402279853820801e+00,-1.157467126846313477e+00,-9.254457950592041016e-01,5.859469771385192871e-01,-5.351969003677368164e-01,6.324158668518066406e+00,-2.998300075531005859e+00,-1.538442611694335938e+00,2.240141153335571289e+00,2.309179782867431641e+00,-1.101509571075439453e+00,-2.293516874313354492e+00,-9.640234112739562988e-01,3.955786228179931641e-01,2.707951664924621582e-01,1.384601235389709473e+00,-1.492970108985900879e+00,8.342623710632324219e-01,3.016793012619018555e+00,-1.078809738159179688e+00,-7.663608193397521973e-01,-3.403977155685424805e+00,2.076749086380004883e+00,-1.021503925323486328e+00,-1.456042408943176270e+00,-2.485436916351318359e+00,2.026157617568969727e+00,-2.520371913909912109e+00,-3.138213634490966797e+00,-2.874422311782836914e+00,4.464317798614501953e+00,1.099388790130615234e+01,-6.840665936470031738e-01,-1.042911767959594727e+00,1.094960570335388184e+00,4.996376991271972656e+00,-4.843617677688598633e-01,-1.396471977233886719e+00,-3.294092416763305664e+00,1.206305146217346191e+00,1.966503262519836426e+00,-2.475740671157836914e+00,-8.439640998840332031e-01,2.004484832286834717e-01,1.982266426086425781e+00,-1.382140994071960449e+00,-3.700883388519287109e+00,1.409458518028259277e+00,-1.251670479774475098e+00,-1.232045531272888184e+00,-2.644208192825317383e+00,-1.895270124077796936e-02,3.189973354339599609e+00,-1.165807247161865234e+00,-8.826321959495544434e-01,3.586607456207275391e+00,-5.091883540153503418e-01,-2.457577466964721680e+00,1.547650098800659180e+00,-4.416613578796386719e+00,-8.173696398735046387e-01,1.464924335479736328e+00,-8.871115446090698242e-01,-2.094280958175659180e+00,-1.752671480178833008e+00,-4.276970863342285156e+00,-1.707342505455017090e+00,3.706172943115234375e+00,6.855460405349731445e-01,-5.130949020385742188e-01,-2.619690179824829102e+00,-5.687893629074096680e-01,-9.215401411056518555e-01,-9.649037718772888184e-01,-2.744714975357055664e+00,-2.297451734542846680e+00,-1.420078992843627930e+00,8.010314702987670898e-01
6.297054290771484375e-01,-1.922323554754257202e-01,-4.113592803478240967e-01,1.946576982736587524e-01,1.742387712001800537e-01,2.376671582460403442e-01,-1.006089329719543457e+00,-6.406567096710205078e-01,6.983612775802612305e-01,-5.933185815811157227e-01,-1.426238179206848145e+00,4.391231536865234375e+00,-1.325964331626892090e+00,-1.269214034080505371e+00,1.256803035736083984e+00,7.903423905372619629e-01,1.204444050788879395e+00,1.348417568206787109e+01,-1.832074046134948730e+00,3.257482945919036865e-01,1.221263855695724487e-01,-2.263380289077758789e+00,-1.287984848022460938e+00,-2.562914609909057617e+00,2.847555398941040039e+00,9.344904124736785889e-02,-1.422964215278625488e+00,2.309801101684570312e+00,-1.913676261901855469e+00,-2.158109426498413086e+00,2.678180217742919922e+00,5.681480169296264648e-01,-9.165517687797546387e-01,-2.970479615032672882e-02,-3.491415381431579590e-01,4.238095283508300781e+00,8.988958001136779785e-01,-6.009067893028259277e-01,-2.474211007356643677e-01,-2.706416606903076172e+00,-1.074602246284484863e+00,2.983442246913909912e-01,-1.050909042358398438e+00,-1.612843632698059082e+00,-1.747551262378692627e-01,1.370304226875305176e-01,-2.090698480606079102e+00,-9.139566421508789062e-01,-1.816336750984191895e+00,-4.252519607543945312e+00,-1.451050996780395508e+00,-8.605101704597473145e-02,3.547052860260009766e+00,1.883791536092758179e-01,-4.873142242431640625e+00,6.915646791458129883e-01,1.898193597793579102e+00,1.649382412433624268e-01,1.538874983787536621e+00,9.345743060111999512e-01,-6.281901001930236816e-01,3.201176881790161133e+00,3.133790254592895508e+00,-1.809247851371765137e+00,1.371054172515869141e+00,-5.887622833251953125e-01,-6.203224062919616699e-01,-1.639467477798461914e+00,-1.848046660423278809e+00,9.851298332214355469e-01,-2.351136445999145508e+00,-2.993486523628234863e-01,-6.647725701332092285e-01,2.294756650924682617e+00,4.266535043716430664e-01,2.195330619812011719e+00,-2.137980937957763672e+00,4.089709818363189697e-01,2.092643231153488159e-01,5.866637825965881348e-01,-3.907215118408203125e+00,-2.329727649688720703e+00,-1.307341217994689941e+00,2.588548325002193451e-02,-2.468091726303100586e+00,-2.045618772506713867e+00,-2.903762340545654297e+00,7.966062426567077637e-01,-1.844393253326416016e+00,1.000137448310852051e+00,7.209133625030517578e+00,-4.245336055755615234e-01,-2.568845033645629883e+00,-3.593066215515136719e+00,5.281245112419128418e-01,-3.386234760284423828e+00,-1.201019406318664551e+00,9.891119599342346191e-01,-2.106144875288009644e-01,-5.920007228851318359e-01
-2.849591672420501709e-01,3.475008159875869751e-02,-1.410499095916748047e+00,7.725008726119995117e-01,2.462992668151855469e-01,1.067364883422851562e+01,-1.419553041458129883e+00,-4.849018529057502747e-03,-1.918965876102447510e-01,1.085501462221145630e-01,-1.076070666313171387e+00,7.644048333168029785e-01,-1.143231272697448730e+00,1.110350370407104492e+00,1.062010824680328369e-01,-2.368253946304321289e+00,1.317613273859024048e-01,6.252864360809326172e+00,-3.575885891914367676e-01,5.030907630920410156e+00,-5.521927475929260254e-01,-1.498868584632873535e+00,-2.373896092176437378e-01,-3.217555284500122070e+00,1.042769312858581543e+00,-6.600468754768371582e-01,-1.732702732086181641e+00,3.268197178840637207e-01,-3.109547793865203857e-01,-1.765391111373901367e+00,2.152581453323364258e+00,5.394858717918395996e-01,-6.856423616409301758e-02,8.808858990669250488e-01,-1.089638710021972656e+00,3.068593263626098633e+00,3.656075954437255859e+00,3.881423175334930420e-01,-6.809788346290588379e-01,-2.341147899627685547e+00,-2.352343559265136719e+00,9.395868778228759766e-01,1.134701013565063477e+00,-2.005003213882446289e+00,5.404022336006164551e-01,-9.165663272142410278e-03,-2.339753389358520508e+00,-1.101455211639404297e+00,5.008706092834472656e+00,-3.534466981887817383e+00,-4.812844753265380859e+00,-2.682460784912109375e+00,-1.230895876884460449e+00,3.691091537475585938e-01,-1.834772229194641113e+00,-1.747290849685668945e+00,1.763547658920288086e+00,1.282670259475708008e+00,-1.341208934783935547e+00,5.623502731323242188e-01,3.112825155258178711e-01,1.945224285125732422e+00,-7.575575709342956543e-01,-6.175035834312438965e-01,1.322965383529663086e+00,1.651128172874450684e+00,1.517016053199768066e+00,-1.776421308517456055e+00,-3.537807703018188477e+00,-1.597975790500640869e-01,-1.184453368186950684e+00,1.463551759719848633e+00,5.604332447052001953e+00,2.644049644470214844e+00,-3.707305490970611572e-01,2.060908317565917969e+00,-3.068803548812866211e+00,-2.995117604732513428e-01,1.015118122100830078e+00,-1.350598454475402832e+00,-1.702053070068359375e+00,2.512071132659912109e-01,-3.520576000213623047e+00,3.252933323383331299e-01,-2.406370788812637329e-01,-4.427754580974578857e-01,-2.792012691497802734e+00,-7.782514691352844238e-01,-3.881459236145019531e-01,2.133069276809692383e+00,5.256105899810791016e+00,2.806255519390106201e-01,-2.560256958007812500e+00,-2.694803237915039062e+00,-2.249972820281982422e+00,-4.700706601142883301e-01,-3.933230638504028320e+00,7.060765027999877930e-01,-7.652376890182495117e-01,7.367404550313949585e-02
-9.162403941154479980e-01,-1.081477165222167969e+00,1.412396878004074097e-02,1.885312557220458984e+00,-1.935053944587707520e+00,-2.758450806140899658e-01,-2.290406703948974609e+00,8.595888018608093262e-01,3.477941989898681641e+00,1.440838217735290527e+00,-2.898563146591186523e+00,2.404980897903442383e+00,-2.656844854354858398e+00,-2.687413096427917480e-01,-1.513224363327026367e+00,-1.380097746849060059e+00,-1.640286147594451904e-01,9.119253158569335938e-01,-1.878679752349853516e+00,2.521099522709846497e-02,1.742212653160095215e+00,-1.829955577850341797e+00,-1.140505433082580566e+00,-1.321337819099426270e+00,-4.512908458709716797e-01,2.023760318756103516e+00,-8.658512830734252930e-01,3.985395431518554688e-01,-5.691088736057281494e-03,-2.527038574218750000e+00,4.549652338027954102e-01,-5.275559425354003906e-01,-1.829422831535339355e+00,4.138437747955322266e+00,-2.479070425033569336e-01,3.593581914901733398e-01,1.527199840545654297e+01,1.274430513381958008e+00,1.648583054542541504e+00,-3.803108215332031250e+00,-1.040845990180969238e+00,-2.564954042434692383e+00,-1.665908336639404297e+00,-3.559348285198211670e-01,-3.480240106582641602e-01,-6.042262911796569824e-01,-5.225659608840942383e-01,2.909577846527099609e+00,-7.940225601196289062e-01,-1.476488232612609863e+00,-1.886456131935119629e+00,-1.251187443733215332e+00,-7.202395796775817871e-01,-2.656438589096069336e+00,-2.933902025222778320e+00,2.516546487808227539e+00,7.104704976081848145e-01,2.721051871776580811e-01,-2.049724102020263672e+00,1.300159215927124023e+00,2.844336271286010742e+00,3.858713388442993164e+00,-2.743987739086151123e-01,2.436622142791748047e+00,-3.171390593051910400e-01,2.472743511199951172e+00,-9.613401889801025391e-01,2.048446416854858398e+00,-1.106299400329589844e+00,-2.988733351230621338e-03,-1.771902590990066528e-01,-1.035620331764221191e+00,3.412504196166992188e+00,-2.149609774351119995e-01,-2.148621082305908203e+00,-9.638525247573852539e-01,-1.296538949012756348e+00,1.395377755165100098e+00,-2.835510969161987305e-01,-8.471934795379638672e-01,-1.544265866279602051e+00,-1.786491632461547852e+00,-3.359739065170288086e+00,-1.027691811323165894e-01,-2.059848546981811523e+00,-3.390879392623901367e+00,-9.669916629791259766e-01,-1.583349108695983887e+00,9.885077923536300659e-02,-9.077342748641967773e-01,1.049275636672973633e+00,-7.111204862594604492e-01,-2.520231962203979492e+00,2.432380616664886475e-02,1.497418582439422607e-01,-9.063360691070556641e-01,-3.095049858093261719e-01,6.131806969642639160e-01,-2.366722583770751953e+00,2.272236824035644531e+00
-4.204036891460418701e-01,-9.565677046775817871e-01,4.610059261322021484e+00,3.355321645736694336e+00,-1.572662591934204102e-01,4.634828567504882812e-01,-7.100290060043334961e-01,-1.526085972785949707e+00,-9.866493344306945801e-01,1.076876831054687500e+01,-2.175790071487426758e+00,2.639316320419311523e+00,1.111489176750183105e+00,-2.147038459777832031e+00,2.809372544288635254e-02,-4.032945632934570312e+00,-1.619666516780853271e-01,-2.605478525161743164e+00,-2.722032666206359863e-01,-7.593429684638977051e-01,-1.944910287857055664e+00,-3.437038183212280273e+00,-1.807240247726440430e+00,-3.605963289737701416e-01,-1.370131611824035645e+00,1.046844720840454102e+00,1.864665031433105469e+00,-8.054339885711669922e-01,3.209828853607177734e+00,-6.064658164978027344e-01,1.240296244621276855e+00,5.106372833251953125e+00,-1.109724283218383789e+00,5.520252227783203125e+00,-7.021828293800354004e-01,-2.492366075515747070e+00,-1.909269571304321289e+00,7.869216799736022949e-01,1.250709533691406250e+00,1.445906996726989746e+00,1.371807098388671875e+00,-2.572112083435058594e-01,-8.076337575912475586e-01,-1.062273606657981873e-01,9.253523349761962891e-01,-7.841656208038330078e-01,-3.360998630523681641e-01,-1.219240948557853699e-01,2.789699792861938477e+00,-2.810739278793334961e+00,-2.281865119934082031e+00,-2.380499601364135742e+00,-2.553503513336181641e+00,3.754756450653076172e-01,-1.244797348976135254e+00,-2.818223237991333008e+00,-1.294703364372253418e+00,-1.880370855331420898e+00,-8.910261988639831543e-01,-2.276764392852783203e+00,-2.251206159591674805e+00,-4.487009644508361816e-01,1.715573787689208984e+00,-1.272147178649902344e+00,5.714803934097290039e-01,3.760992765426635742e+00,7.828191518783569336e-01,1.780805587768554688e+00,-2.607060670852661133e+00,9.925202131271362305e-01,-6.814566254615783691e-01,-1.011165380477905273e+00,1.317164182662963867e+00,-1.144490122795104980e+00,-8.263903856277465820e-01,-1.393749237060546875e+00,2.737689495086669922e+00,-1.965842843055725098e+00,2.616984605789184570e+00,-3.080221116542816162e-01,4.082710742950439453e-01,-2.246142625808715820e+00,-9.485740661621093750e-01,1.044602036476135254e+00,-3.450839757919311523e+00,6.200692653656005859e-01,-3.974240779876708984e+00,1.255746185779571533e-01,-1.136644482612609863e+00,2.001628875732421875e+00,-1.646624088287353516e+00,1.176357030868530273e+00,1.840200901031494141e+00,-1.423592329025268555e+00,2.563225746154785156e+00,2.152948617935180664e+00,-1.236475586891174316e+00,-2.903735637664794922e+00,-5.430985093116760254e-01,3.940336465835571289e+00
7.153460383415222168e-01,-2.795932888984680176e-01,-1.138968095183372498e-01,7.744184017181396484e+00,3.937744796276092529e-01,1.024979233741760254e+00,8.334568142890930176e-01,-2.475924968719482422e+00,-2.506840229034423828e+00,1.823174595832824707e+00,-2.667047500610351562e+00,5.483027458190917969e+00,8.430892825126647949e-01,-1.459215044975280762e+00,4.398406147956848145e-01,-8.832098841667175293e-01,-1.438376158475875854e-01,1.637426853179931641e+00,3.380118310451507568e-01,-2.645485699176788330e-01,-1.605418920516967773e-01,-1.453424811363220215e+00,-5.164961218833923340e-01,1.989148184657096863e-02,-1.643706679344177246e+00,4.705183982849121094e+00,-1.768886923789978027e+00,-9.370148777961730957e-01,2.034513950347900391e+00,-2.717549324035644531e+00,2.651724576950073242e+00,3.420621395111083984e+00,-4.820075929164886475e-01,6.695270538330078125e-01,3.516864776611328125e-01,-6.169115304946899414e-01,-6.412576436996459961e-01,2.355396270751953125e+00,3.517403841018676758e+00,-1.869050741195678711e+00,-1.805757522583007812e+00,-1.306436300277709961e+00,-1.409649968147277832e+00,-2.881111621856689453e+00,1.301141619682312012e+00,-1.474858880043029785e+00,-2.538307905197143555e+00,3.366585731506347656e+00,-1.790430307388305664e+00,-2.418405771255493164e+00,-2.210134267807006836e+00,-1.928867816925048828e+00,-3.518716812133789062e+00,1.458596438169479370e-01,-3.135092496871948242e+00,4.050262451171875000e+00,-2.587552070617675781e+00,-1.152980089187622070e+00,-7.702448368072509766e-01,-5.789817571640014648e-01,-1.556359529495239258e+00,5.830441713333129883e-01,7.591146945953369141e+00,1.218115329742431641e+00,6.692959070205688477e-01,2.812953948974609375e+00,-2.099867723882198334e-02,-7.733304500579833984e-01,-3.928132534027099609e+00,-1.992615610361099243e-01,-7.078080177307128906e-01,-1.833085298538208008e+00,-3.700228407979011536e-03,5.663422942161560059e-01,-5.316715836524963379e-01,8.409549295902252197e-02,-9.973220229148864746e-01,-1.713871657848358154e-01,4.344194889068603516e+00,-7.669606804847717285e-01,-7.844391465187072754e-01,-1.645502448081970215e+00,-4.026775836944580078e+00,4.079205513000488281e+00,-2.598135709762573242e+00,-1.580831050872802734e+00,-2.245937824249267578e+00,1.586489677429199219e-01,-1.005632996559143066e+00,1.469901084899902344e+00,-1.244028091430664062e+00,2.074451446533203125e+00,-2.035520315170288086e+00,-1.667165756225585938e+00,-6.930676102638244629e-01,-2.977566719055175781e-01,-1.656199991703033447e-01,-4.506262838840484619e-01,-2.348417282104492188e+00,2.061770439147949219e+00
9.406716823577880859e-01,-8.704632520675659180e-01,2.553929805755615234e+00,7.487663030624389648e-01,1.628501653671264648e+00,-1.428380489349365234e+00,2.032646536827087402e-01,-1.989232420921325684e+00,-9.823673367500305176e-01,1.197021245956420898e+00,-1.393808841705322266e+00,2.261231184005737305e+00,-9.065650105476379395e-01,1.364485740661621094e+00,6.803628802299499512e-01,-1.054571628570556641e+00,-3.726478338241577148e+00,1.043755531311035156e+00,-1.352197408676147461e+00,-4.675230503082275391e+00,1.449804782867431641e+00,7.983165979385375977e-02,-4.799299836158752441e-01,-2.071839809417724609e+00,3.427088022232055664e+00,-2.752267122268676758e-01,1.372272372245788574e+00,-3.797901868820190430e-01,5.515160560607910156e-01,1.356737852096557617e+00,7.994272112846374512e-01,1.211447834968566895e+00,1.253641247749328613e+00,-1.337581276893615723e+00,-1.329254388809204102e+00,-7.641015052795410156e-01,-3.041967868804931641e+00,-3.787862956523895264e-01,-3.192038297653198242e+00,3.705867052078247070e+00,1.124493479728698730e+00,-6.780657172203063965e-01,-1.046571373939514160e+00,9.391362071037292480e-01,-2.041171073913574219e+00,-6.930108666419982910e-01,-1.213312864303588867e+00,4.048851013183593750e+00,-1.527594208717346191e+00,-3.756129980087280273e+00,-1.827361345291137695e+00,-1.189942479133605957e+00,2.316789865493774414e+00,2.338373422622680664e+00,-2.334899187088012695e+00,-1.910791754722595215e+00,-4.826539754867553711e-01,4.565884470939636230e-01,1.576082134246826172e+01,2.421611696481704712e-01,1.408469438552856445e+00,-1.886009454727172852e+00,7.944601178169250488e-01,-3.325645208358764648e+00,2.609534859657287598e-01,6.181173324584960938e-01,-2.351665496826171875e+00,-3.129934787750244141e+00,-4.516818046569824219e+00,-1.451756834983825684e+00,4.705634713172912598e-01,-2.597909234464168549e-02,-3.723803281784057617e+00,1.903314113616943359e+00,1.974048614501953125e+00,-1.199396371841430664e+00,-8.459217548370361328e-01,-1.123049497604370117e+00,-1.527248024940490723e+00,2.391259931027889252e-02,-3.237385511398315430e+00,-1.920292615890502930e+00,1.782986283302307129e+00,-1.490093767642974854e-01,1.532198190689086914e+00,-1.615141749382019043e+00,-1.332175731658935547e+00,2.240262329578399658e-01,1.267276108264923096e-01,2.470397710800170898e+00,-1.360339283943176270e+00,2.546793460845947266e+00,2.279017686843872070e+00,-1.023251771926879883e+00,4.658166170120239258e-01,-3.294186115264892578e+00,5.544555783271789551e-01,2.491259813308715820e+00,-1.135658025741577148e+00,-7.226917147636413574e-01
-3.479197025299072266e-01,1.107047572731971741e-01,-4.630125761032104492e-01,-6.498131155967712402e-01,-1.204492449760437012e+00,-7.109017968177795410e-01,-3.515269279479980469e+00,-2.292147874832153320e+00,-7.539404630661010742e-01,-2.200453758239746094e+00,-3.770909070968627930e+00,2.029268026351928711e+00,1.621303439140319824e+00,-8.838940858840942383e-01,-1.191177129745483398e+00,-2.972795963287353516e+00,6.557729244232177734e-01,1.373631954193115234e+00,-7.164688706398010254e-01,2.409403398633003235e-02,1.028446555137634277e+00,1.910538554191589355e+00,-1.155996397137641907e-01,-2.592922449111938477e+00,1.298506975173950195e+00,1.945494532585144043e+00,-1.992192029953002930e+00,3.948910236358642578e-01,4.437905550003051758e-01,-4.555494338274002075e-02,-6.433088183403015137e-01,9.044936299324035645e-01,1.671931266784667969e+00,-7.028046250343322754e-01,-3.079409360885620117e+00,-6.397777199745178223e-01,7.470430135726928711e-01,4.840895831584930420e-01,4.748560786247253418e-01,-1.209171533584594727e+00,-2.857033491134643555e+00,-1.211360096931457520e+00,-2.266093254089355469e+00,2.318526245653629303e-02,-1.968941211700439453e+00,2.097066879272460938e+00,-2.308653831481933594e+00,4.878078997135162354e-01,-4.143716394901275635e-01,-3.841288566589355469e+00,1.931760787963867188e+00,1.772109866142272949e+00,5.222026109695434570e-01,-4.067077159881591797e+00,-1.568243861198425293e+00,-5.317407846450805664e-01,1.045089840888977051e+00,-1.539864301681518555e+00,-4.581660032272338867e-01,1.499998188018798828e+01,2.805497169494628906e+00,4.181023836135864258e-01,-2.248580932617187500e+00,7.471581101417541504e-01,-1.325660943984985352e+00,-9.182208776473999023e-01,2.607527732849121094e+00,-1.130040287971496582e+00,-2.332199811935424805e+00,-1.776322364807128906e+00,-1.880114197731018066e+00,3.678768634796142578e+00,-2.192149877548217773e+00,1.021384358406066895e+00,-1.246450662612915039e+00,-9.667373299598693848e-01,-2.667109489440917969e+00,3.385620415210723877e-01,2.904449701309204102e+00,6.208660602569580078e+00,-6.901171803474426270e-01,-8.339657187461853027e-01,1.270687580108642578e+00,-2.578898906707763672e+00,4.551341533660888672e-01,6.824535727500915527e-01,-9.509530663490295410e-01,2.444120645523071289e+00,-1.228850126266479492e+00,1.238569319248199463e-01,1.601948499679565430e+00,1.828901529312133789e+00,-4.496485590934753418e-01,-4.634068012237548828e-01,-1.993063807487487793e+00,-2.063826084136962891e+00,-1.313255786895751953e+00,2.516176939010620117e+00,-2.890606224536895752e-02,-2.479572057723999023e+00
1.753394007682800293e+00,-1.709486842155456543e+00,-1.745717883110046387e+00,1.399943083524703979e-01,6.177560091018676758e-01,6.256417632102966309e-01,1.543920516967773438e+00,-2.111302852630615234e+00,1.233845233917236328e+00,4.046020507812500000e-01,1.369863033294677734e+00,1.740562558174133301e+00,-1.565487742424011230e+00,-4.707602262496948242e-01,1.471489429473876953e+00,-1.510145068168640137e+00,3.611362874507904053e-01,-3.281919002532958984e+00,-2.075507938861846924e-01,9.734178185462951660e-01,-1.534867644309997559e+00,-5.707885622978210449e-01,7.370862960815429688e-01,3.052512168884277344e+00,-8.506034016609191895e-01,-3.759286165237426758e+00,1.138073563575744629e+00,-3.306186676025390625e+00,1.435026407241821289e+00,-4.204660952091217041e-01,5.778651833534240723e-01,1.177990674972534180e+00,-2.559919357299804688e+00,2.185612916946411133e-01,1.102892875671386719e+00,-7.523147463798522949e-01,1.187582254409790039e+00,-1.122547745704650879e+00,1.723208665847778320e+00,-2.273167610168457031e+00,-8.359674215316772461e-01,-2.088498830795288086e+00,-1.914938211441040039e+00,-3.018201589584350586e+00,-9.188390374183654785e-01,-1.543235301971435547e+00,-1.685166358947753906e+00,7.997886091470718384e-02,-1.334266543388366699e+00,1.208014774322509766e+01,-1.979974746704101562e+00,-8.689188957214355469e-01,-2.245096921920776367e+00,-1.275442481040954590e+00,-1.680387556552886963e-01,3.264503926038742065e-02,-1.708900094032287598e+00,-1.752821952104568481e-01,-2.412668704986572266e+00,-3.685003519058227539e+00,2.275141954421997070e+00,-1.274105668067932129e+00,5.854364037513732910e-01,1.634363412857055664e+00,3.310302793979644775e-01,1.576470613479614258e+00,1.399810552597045898e+00,-2.744626522064208984e+00,2.053606033325195312e+00,-1.081761956214904785e+00,3.825021982192993164e-01,-2.772499084472656250e+00,-8.261002302169799805e-01,1.355142354965209961e+00,-2.277644634246826172e+00,-1.188252329826354980e+00,-1.226281166076660156e+00,4.220463931560516357e-01,4.534584045410156250e+00,-3.340337872505187988e-01,3.013078868389129639e-01,9.082162380218505859e-01,-2.998734951019287109e+00,2.515831708908081055e+00,-1.925355672836303711e+00,-1.809108257293701172e+00,-8.804205656051635742e-01,-1.584874153137207031e+00,-1.545864343643188477e+00,8.934143185615539551e-01,-2.270243167877197266e+00,-1.575285196304321289e+00,-2.701893806457519531e+00,2.142642259597778320e+00,2.104445695877075195e+00,2.023398876190185547e+00,3.328798055648803711e+00,-5.572903156280517578e-01,2.308579921722412109e+00,5.037380695343017578e+00
1.472778677940368652e+00,-3.795682668685913086e+00,-4.891894459724426270e-01,2.755836248397827148e+00,-1.383964180946350098e+00,4.327822208404541016e+00,-2.781874179840087891e+00,-4.510049819946289062e-01,1.685710698366165161e-01,-1.881011843681335449e+00,-2.238009423017501831e-01,3.008003711700439453e+00,-1.203202128410339355e+00,-3.528783619403839111e-01,-6.563806533813476562e-01,2.408201694488525391e-01,-1.970866441726684570e+00,2.734277963638305664e+00,-2.740134716033935547e+00,-1.202750205993652344e+00,5.093378946185112000e-02,2.404429435729980469e+00,-3.893509864807128906e+00,-2.693523645401000977e+00,9.074081420898437500e+00,-1.274906277656555176e+00,3.671646118164062500e-01,2.331307888031005859e+00,-2.014615774154663086e+00,4.582968056201934814e-01,5.967540264129638672e+00,5.089342594146728516e-01,-9.974796175956726074e-01,2.528008222579956055e+00,-4.051866233348846436e-01,6.831003427505493164e-01,5.009944438934326172e+00,3.143784523010253906e+00,-8.436226844787597656e-01,-3.806083917617797852e+00,-1.564005017280578613e+00,-3.950228989124298096e-01,1.780451536178588867e-01,-1.629554152488708496e+00,-6.189285516738891602e-01,-1.182565808296203613e+00,-2.246018171310424805e+00,-1.258251428604125977e+00,1.826106756925582886e-01,-2.903498888015747070e+00,-2.773092985153198242e+00,-2.680464386940002441e-01,-4.791148304939270020e-01,-1.875506639480590820e+00,-3.253781557083129883e+00,-3.067261278629302979e-01,-3.280863463878631592e-01,8.064067959785461426e-01,-4.001827836036682129e-01,3.355378866195678711e+00,1.741297483444213867e+00,-9.128471016883850098e-01,-1.980841636657714844e+00,5.247118473052978516e-01,-1.185663580894470215e+00,2.803895235061645508e+00,3.291136026382446289e+00,-2.945811748504638672e+00,-4.286496639251708984e+00,3.011286497116088867e+00,-9.610435366630554199e-01,-6.133183240890502930e-01,-1.577403545379638672e+00,3.244165182113647461e+00,6.027754306793212891e+00,-2.532772779464721680e+00,-4.413266181945800781e+00,5.265610218048095703e+00,5.506790280342102051e-01,1.514279395341873169e-01,-2.981922030448913574e-01,-8.504090905189514160e-01,-2.054404258728027344e+00,1.554502129554748535e+00,-1.461797952651977539e+00,-3.135275602340698242e+00,-2.350447654724121094e+00,-3.191829204559326172e+00,-4.326261579990386963e-01,2.301806688308715820e+00,2.635527610778808594e+00,-2.473741054534912109e+00,-4.316834449768066406e+00,-1.173794507980346680e+00,-1.718343734741210938e+00,-3.925277590751647949e-01,-1.619213581085205078e+00,-3.106802143156528473e-02,1.399909615516662598e+00,-2.156676769256591797e+00
-7.181353867053985596e-02,-3.673179388046264648e+00,5.767965316772460938e-01,2.042612314224243164e+00,-7.822151780128479004e-01,7.315900325775146484e+00,-1.622922420501708984e+00,-1.663721323013305664e+00,-1.173090338706970215e+00,1.233397275209426880e-01,-1.395796537399291992e+00,3.504064559936523438e+00,8.140030503273010254e-01,1.462036848068237305e+00,-2.160192251205444336e+00,-1.122478097677230835e-01,-2.657509565353393555e+00,3.640233516693115234e+00,-8.711684346199035645e-01,-1.106811523437500000e+00,-1.353775739669799805e+00,2.605627477169036865e-02,-2.741356134414672852e+00,-8.811501860618591309e-01,6.402658462524414062e+00,1.802047610282897949e+00,-1.510245680809020996e+00,1.030938386917114258e+00,-2.005958318710327148e+00,9.021800756454467773e-01,1.767935872077941895e+00,3.323783636093139648e+00,-9.860250353813171387e-01,-1.539917230606079102e+00,-3.336941719055175781e+00,2.006071567535400391e+00,3.989503085613250732e-01,8.570330619812011719e+00,-1.816459536552429199e+00,-2.107832908630371094e+00,-2.326349973678588867e+00,-6.671591997146606445e-01,6.080360412597656250e-01,-2.930090427398681641e+00,5.289141535758972168e-01,-1.375914573669433594e+00,2.088713198900222778e-01,-1.312590837478637695e-01,7.821341753005981445e-01,-3.490795373916625977e+00,-1.888250708580017090e+00,2.658873498439788818e-01,-8.325579166412353516e-01,-9.696678519248962402e-01,-1.974687457084655762e+00,9.062658548355102539e-01,-1.352683901786804199e+00,2.279989421367645264e-02,1.891197115182876587e-01,3.031565427780151367e+00,1.620942354202270508e+00,-1.899137496948242188e+00,1.256553292274475098e+00,-1.935125589370727539e+00,7.946586608886718750e-01,-9.404024481773376465e-01,5.703473091125488281e+00,-2.085671424865722656e+00,-4.242470741271972656e+00,4.867516756057739258e-01,-1.335492491722106934e+00,-8.946691155433654785e-01,-2.605656623840332031e+00,4.317895889282226562e+00,7.565628051757812500e+00,-3.857986629009246826e-01,-4.039094448089599609e+00,1.554943472146987915e-01,1.207241892814636230e+00,-4.309281706809997559e-01,2.197663068771362305e+00,-1.322573184967041016e+00,-5.466760993003845215e-01,-5.723752379417419434e-01,-8.254473805427551270e-01,-3.096633911132812500e+00,3.635687232017517090e-01,-1.253432631492614746e-01,-1.287939548492431641e+00,-4.206173419952392578e-01,1.830126404762268066e+00,-1.027307868003845215e+00,-2.833235263824462891e+00,1.646715998649597168e-01,-3.361510038375854492e+00,-3.642545461654663086e+00,5.781046152114868164e-01,4.659911096096038818e-01,-9.369105100631713867e-01,-1.024345397949218750e+00
1.387291336059570312e+01,-2.253183603286743164e+00,-2.132157981395721436e-01,2.648726999759674072e-01,4.272145777940750122e-02,-6.334622204303741455e-02,-1.169273972511291504e+00,1.543127298355102539e-01,-9.256342798471450806e-02,-2.861596584320068359e+00,-4.722390770912170410e-01,3.163543701171875000e+00,-3.125609159469604492e+00,-1.052065849304199219e+00,1.375874042510986328e+00,-2.726362943649291992e+00,-1.055529832839965820e+00,-1.128237605094909668e+00,-1.620323896408081055e+00,-3.899952769279479980e-01,8.624085783958435059e-01,-1.924598097801208496e+00,-2.463247776031494141e+00,-6.325007081031799316e-01,1.321416139602661133e+00,-2.524980783462524414e+00,2.277478933334350586e+00,2.005686759948730469e+00,1.044458270072937012e+00,-7.348223924636840820e-01,1.282398939132690430e+00,-5.626092553138732910e-01,-2.721737146377563477e+00,2.147503197193145752e-01,-2.892771363258361816e-01,2.338199615478515625e-01,-1.054026603698730469e+00,2.295364141464233398e+00,-1.468499064445495605e+00,9.785114526748657227e-01,1.645797610282897949e+00,-6.914392113685607910e-02,4.069015383720397949e-02,1.719851732254028320e+00,-3.169501543045043945e+00,-1.702512860298156738e+00,-3.246741771697998047e+00,-7.195618748664855957e-01,-1.369612455368041992e+00,4.203846156597137451e-01,-1.376140594482421875e+00,1.640507817268371582e+00,-2.527938842773437500e+00,3.728201612830162048e-02,1.096615418791770935e-01,-1.714350700378417969e+00,1.278331518173217773e+00,-4.046753421425819397e-02,1.610371112823486328e+00,-5.631948709487915039e-01,-1.015890121459960938e+00,1.318810582160949707e+00,-1.251247644424438477e+00,1.458000183105468750e+00,4.422279298305511475e-01,1.401588082313537598e+00,6.857007145881652832e-01,-2.432403802871704102e+00,-1.152630448341369629e+00,1.266481041908264160e+00,-1.607314825057983398e+00,-4.261551797389984131e-02,1.904743015766143799e-01,1.083125710487365723e+00,-6.261149644851684570e-01,-1.867065787315368652e+00,-2.274436235427856445e+00,1.939487010240554810e-01,1.672714114189147949e+00,-9.530333876609802246e-01,-1.953253746032714844e+00,-2.000098466873168945e+00,-2.030179262161254883e+00,1.453437924385070801e+00,-1.154504179954528809e+00,4.504075348377227783e-01,-5.555140972137451172e+00,-1.477049589157104492e+00,-1.597794651985168457e+00,4.746920585632324219e+00,-3.067667186260223389e-01,-1.856253504753112793e+00,-1.281093597412109375e+00,-4.063246250152587891e+00,2.701290607452392578e+00,1.135446429252624512e+00,-4.168427586555480957e-01,-4.142228364944458008e-01,8.748492002487182617e-01,3.638284653425216675e-02
7.222254872322082520e-01,4.559232592582702637e-01,-1.171724915504455566e+00,-1.703951358795166016e+00,-5.404063463211059570e-01,-1.292522788047790527e+00,-1.349804997444152832e+00,5.321646332740783691e-01,3.507747173309326172e+00,-2.184017598628997803e-01,-5.805655568838119507e-02,2.743819475173950195e+00,-1.541562557220458984e+00,-1.017443180084228516e+00,5.476259231567382812e+00,-3.442163228988647461e+00,4.211882650852203369e-01,-5.607783198356628418e-01,-1.521184325218200684e+00,-4.205048382282257080e-01,2.520490169525146484e+00,-3.187569618225097656e+00,-2.336266756057739258e+00,-6.752385497093200684e-01,-1.527780294418334961e+00,-4.592359066009521484e+00,6.456952691078186035e-01,1.147794485092163086e+00,4.028712272644042969e+00,2.192400097846984863e-01,7.418677210807800293e-01,5.209905624389648438e+00,-1.523106932640075684e+00,-2.056996345520019531e+00,1.129508256912231445e+00,-3.587327718734741211e+00,-3.555290400981903076e-01,-3.433383941650390625e+00,1.155177831649780273e+00,-1.048987984657287598e+00,-1.478292822837829590e+00,6.207359313964843750e+00,-1.019052267074584961e+00,-2.467699050903320312e+00,-1.422166943550109863e+00,-5.851262211799621582e-01,-2.399583101272583008e+00,-6.209614276885986328e-01,-9.746850728988647461e-01,1.345445394515991211e+00,-1.854875445365905762e+00,-2.569333791732788086e+00,2.420608758926391602e+00,-1.267698526382446289e+00,-2.684323549270629883e+00,-3.758065938949584961e+00,3.272313117980957031e+00,-4.507255554199218750e-01,-3.299433469772338867e+00,-1.761991024017333984e+00,1.471487283706665039e+00,4.405429363250732422e+00,-8.456072956323623657e-02,-2.332244634628295898e+00,7.111226320266723633e-01,1.563263773918151855e+00,-1.401320457458496094e+00,-9.005121588706970215e-01,2.319279670715332031e+00,1.628152132034301758e+00,-4.831486046314239502e-01,-1.459464550018310547e+00,2.426336705684661865e-01,1.641581892967224121e+00,-2.360580444335937500e+00,-2.783908128738403320e+00,-4.431976795196533203e+00,-1.420588970184326172e+00,2.742826938629150391e+00,1.275380849838256836e+00,-9.569997787475585938e-01,-1.297087907791137695e+00,-2.450915098190307617e+00,-3.413765430450439453e-01,-3.318649053573608398e+00,3.588409662246704102e+00,-3.369233369827270508e+00,1.094317674636840820e+00,-1.735036075115203857e-01,1.481670022010803223e+00,1.724201798439025879e+00,-2.696766376495361328e+00,-2.679936170578002930e+00,-2.994171380996704102e+00,-4.153593182563781738e-01,-1.745277643203735352e+00,-1.907910704612731934e+00,-3.984337300062179565e-02,7.119569778442382812e+00,4.050189018249511719e+00
6.470822811126708984e+00,-2.288092374801635742e+00,-2.697303056716918945e+00,2.486852884292602539e+00,-7.023121118545532227e-01,3.699383139610290527e-01,5.261328220367431641e-01,-2.102039098739624023e+00,1.569030247628688812e-02,3.851366639137268066e-01,-1.555585145950317383e+00,3.703437328338623047e+00,1.480372548103332520e+00,-9.419207572937011719e-01,-1.234494566917419434e+00,-3.047963619232177734e+00,-2.586941719055175781e+00,6.171837449073791504e-02,2.789544820785522461e+00,9.995461702346801758e-01,-2.865353822708129883e-01,-7.353233098983764648e-01,-2.201965093612670898e+00,-5.614047050476074219e-01,-4.460581541061401367e-01,3.780773282051086426e-01,-1.333796977996826172e+00,2.131361007690429688e+00,-1.701463341712951660e+00,-3.118566989898681641e+00,3.024872779846191406e+00,-9.001629948616027832e-01,-3.936665952205657959e-01,-1.091846108436584473e+00,-2.179879903793334961e+00,1.338312387466430664e+00,7.462667822837829590e-01,4.921218395233154297e+00,3.586205005645751953e+00,-1.403469800949096680e+00,-8.254132866859436035e-01,-2.929553747177124023e+00,-2.373712062835693359e+00,-3.560181617736816406e+00,7.716555595397949219e-01,-5.247061252593994141e-01,-8.161026835441589355e-01,-7.286056280136108398e-01,-7.989892363548278809e-01,1.531489491462707520e+00,-3.770959079265594482e-01,3.233484983444213867e+00,6.307203173637390137e-01,-3.993542194366455078e-01,-5.876196622848510742e-01,1.205538153648376465e+00,-2.552316665649414062e+00,3.065539836883544922e+00,3.881478905677795410e-01,2.800865888595581055e+00,-2.339469671249389648e+00,-3.801527023315429688e-01,-3.432479202747344971e-01,5.812888145446777344e-01,-1.080992102622985840e+00,1.003016233444213867e+00,5.387768268585205078e+00,-3.052282810211181641e+00,1.028287768363952637e+00,-1.954736351966857910e+00,-3.142503023147583008e+00,-7.242497801780700684e-01,-3.409274816513061523e+00,4.568536281585693359e+00,8.176490068435668945e-01,-2.280607223510742188e+00,-4.356288909912109375e+00,7.225977778434753418e-01,2.352205753326416016e+00,-1.280825257301330566e+00,-4.443485438823699951e-01,-2.522013187408447266e+00,-2.531019449234008789e+00,3.378971099853515625e+00,-2.880801439285278320e+00,-2.425674915313720703e+00,8.081543922424316406e+00,1.729266643524169922e-01,-2.563198089599609375e+00,-8.480142354965209961e-01,6.704117059707641602e-01,-1.796362876892089844e+00,-3.153331041336059570e+00,-5.182181000709533691e-01,-5.993031337857246399e-02,-2.699681520462036133e+00,4.680330157279968262e-01,2.669169187545776367e+00,-2.277830600738525391e+00,7.118561863899230957e-02
-5.508384108543395996e-01,-3.070233345031738281e+00,-1.607490658760070801e+00,2.298338651657104492e+00,-2.692588090896606445e+00,1.357227861881256104e-01,3.692722022533416748e-01,-2.497398376464843750e+00,3.481389760971069336e+00,6.548498868942260742e-01,-7.449708580970764160e-01,3.576419830322265625e+00,1.275462865829467773e+00,-2.091061353683471680e+00,-1.734821796417236328e+00,-1.673155546188354492e+00,-1.227194905281066895e+00,-1.407758712768554688e+00,-4.991596639156341553e-01,-9.171064198017120361e-02,-2.160742580890655518e-01,-2.585716247558593750e+00,-3.234561979770660400e-01,-1.745067715644836426e+00,3.129534125328063965e-01,-1.294688105583190918e+00,-1.274143695831298828e+00,2.452264785766601562e+00,-1.962182283401489258e+00,3.975945234298706055e+00,4.139518737792968750e+00,3.546555042266845703e+00,-1.344193577766418457e+00,-3.682519197463989258e-01,-4.880124568939208984e+00,7.558911442756652832e-01,1.805708646774291992e+00,4.070132255554199219e+00,2.212738990783691406e+00,-2.287457227706909180e+00,-9.268295764923095703e-01,-2.984529018402099609e+00,-1.135173082351684570e+00,-2.485309839248657227e+00,2.003916501998901367e+00,2.931353747844696045e-01,1.903807282447814941e+00,-1.423394083976745605e+00,-2.403160095214843750e+00,1.691329836845397949e+00,-1.668764352798461914e+00,1.947909355163574219e+00,1.805983424186706543e+00,-2.173351526260375977e+00,2.678969144821166992e+00,-2.004737704992294312e-01,-2.013529777526855469e+00,-2.175983905792236328e+00,-1.180525064468383789e+00,6.080055236816406250e-02,7.171347737312316895e-01,-3.506873607635498047e+00,-2.775337100028991699e-01,-1.244849443435668945e+00,-2.799878597259521484e+00,1.823182582855224609e+00,4.837142467498779297e+00,-2.478943347930908203e+00,7.979488968849182129e-01,7.754163146018981934e-01,-2.443517923355102539e+00,-1.679853558540344238e+00,-4.628126144409179688e+00,6.596030712127685547e+00,-1.024138808250427246e+00,-3.426064968109130859e+00,-4.413364410400390625e+00,-1.122642993927001953e+00,3.490462541580200195e+00,-1.657371759414672852e+00,-9.603159427642822266e-01,-8.417119979858398438e-01,3.525675773620605469e+00,-7.415010929107666016e-01,-3.228482246398925781e+00,-4.090653896331787109e+00,5.300624370574951172e+00,2.394741535186767578e+00,-8.550360798835754395e-01,-4.140082359313964844e+00,8.669525980949401855e-01,1.412535160779953003e-01,-4.431171417236328125e+00,8.223705291748046875e-01,-3.958867788314819336e-01,-3.567579507827758789e+00,8.999640345573425293e-01,1.711328148841857910e+00,5.893447399139404297e-01,8.469105958938598633e-01
1.996706843376159668e+00,-1.092625617980957031e+00,1.993789076805114746e-01,-1.619131565093994141e+00,-4.022100865840911865e-01,-3.022725880146026611e-01,-9.383310675621032715e-01,-1.247755050659179688e+00,1.273066759109497070e+00,-7.444401383399963379e-01,-5.416682958602905273e-01,-1.997492790222167969e+00,-2.883024215698242188e+00,-9.355694651603698730e-01,5.448285579681396484e+00,-2.073015451431274414e+00,3.832406699657440186e-01,-3.448841094970703125e+00,4.133315682411193848e-01,-2.283807516098022461e+00,2.237831115722656250e+00,-1.495704174041748047e+00,-2.631147623062133789e+00,-2.533377408981323242e+00,3.228569984436035156e+00,-2.877451419830322266e+00,1.327021598815917969e+01,-3.857218623161315918e-01,2.304079771041870117e+00,3.611814677715301514e-01,4.248946905136108398e-01,2.137674570083618164e+00,-9.655764698982238770e-01,-7.409485578536987305e-01,-1.273750901222229004e+00,2.865403413772583008e+00,-1.027435541152954102e+00,-3.269718647003173828e+00,-1.986576914787292480e+00,2.519008398056030273e+00,-1.032623052597045898e+00,-6.055846810340881348e-01,-1.405394077301025391e-01,5.032310962677001953e+00,-1.586345285177230835e-01,-1.849757879972457886e-01,7.560073137283325195e-01,1.461017727851867676e+00,7.794116735458374023e-01,-1.524320840835571289e+00,-1.653416991233825684e+00,-1.119136095046997070e+00,-1.168557882308959961e+00,-2.051193475723266602e+00,1.805329322814941406e+00,-4.123303413391113281e+00,2.047739982604980469e+00,-1.278506755828857422e+00,4.225620627403259277e-01,-7.769062519073486328e-01,2.419339418411254883e-01,1.669776439666748047e+00,-1.250465512275695801e+00,-2.538898468017578125e+00,2.762004375457763672e+00,1.422379851341247559e+00,-1.380669832229614258e+00,-4.022287845611572266e+00,-4.042002260684967041e-01,5.086358547210693359e+00,-9.410850405693054199e-01,1.740081071853637695e+00,1.827550768852233887e+00,-2.778359651565551758e+00,-9.955624938011169434e-01,-3.066102027893066406e+00,-6.101790443062782288e-02,-1.134513467550277710e-01,1.341797232627868652e+00,-1.465662717819213867e+00,-1.481107711791992188e+00,-4.293172657489776611e-01,5.962805747985839844e-01,-7.232100367546081543e-01,2.990249156951904297e+00,1.584646224975585938e+00,-3.601815700531005859e+00,1.949832916259765625e+00,-6.046275496482849121e-01,2.722705602645874023e-01,-1.165576577186584473e+00,-4.366269111633300781e-01,-7.453776001930236816e-01,-4.130324840545654297e+00,-1.056595802307128906e+00,-8.266047835350036621e-01,-1.703704237937927246e+00,-2.176333904266357422e+00,-1.247466802597045898e-01,1.317894935607910156e+00
-9.451062679290771484e-01,1.363752007484436035e+00,4.341818988323211670e-01,1.482317745685577393e-01,-6.065333485603332520e-01,-8.651319742202758789e-01,-1.524464011192321777e+00,-1.316837906837463379e+00,1.257577896118164062e+00,3.582941770553588867e+00,4.800055027008056641e+00,7.729100584983825684e-01,-3.953033089637756348e-01,1.481006741523742676e+00,-8.066490888595581055e-01,-3.073311448097229004e-01,-3.161553144454956055e+00,1.371847629547119141e+00,1.410133957862854004e+00,-2.954762935638427734e+00,1.113009810447692871e+00,-4.168518185615539551e-01,-6.855673789978027344e-01,-3.016811907291412354e-01,-2.677304029464721680e+00,4.101951122283935547e-01,-2.181438058614730835e-01,9.040223360061645508e-01,-2.103397607803344727e+00,-1.807649850845336914e+00,2.287172079086303711e+00,1.803187370300292969e+00,4.442936480045318604e-01,-1.504844307899475098e+00,-6.534450650215148926e-01,6.677555441856384277e-01,-8.643055558204650879e-01,1.195953726768493652e+00,-1.975206494331359863e+00,6.621869802474975586e-01,1.562291026115417480e+00,-1.624622225761413574e+00,-7.365961670875549316e-01,-2.885909080505371094e+00,2.166200876235961914e+00,-2.422358751296997070e+00,-1.385605216026306152e+00,-1.747003316879272461e+00,2.810619354248046875e+00,-1.476207375526428223e+00,-2.780585289001464844e+00,-1.709657907485961914e+00,2.778667211532592773e+00,1.248557853698730469e+01,-1.232676208019256592e-03,-8.690556883811950684e-01,2.419459104537963867e+00,6.193244934082031250e+00,-2.722047567367553711e-01,-1.463118433952331543e+00,-3.405665874481201172e+00,1.053168773651123047e-01,1.697783231735229492e+00,-1.820849299430847168e+00,-3.769643008708953857e-01,-1.670693457126617432e-01,2.748239994049072266e+00,-2.116542100906372070e+00,-1.418998599052429199e+00,1.409071326255798340e+00,-1.524218440055847168e+00,-6.926113963127136230e-01,-1.695764303207397461e+00,-1.103891491889953613e+00,2.729313135147094727e+00,-9.639697670936584473e-01,-1.583667516708374023e+00,3.138213396072387695e+00,1.050983667373657227e+00,-2.813421249389648438e+00,2.418437957763671875e+00,-3.572160482406616211e+00,-1.015242576599121094e+00,9.912050366401672363e-01,-1.695512533187866211e+00,-7.847497463226318359e-01,-1.881220459938049316e+00,-3.601776599884033203e+00,-2.106497526168823242e+00,4.053140163421630859e+00,-1.801252514123916626e-01,6.873878836631774902e-01,-1.321026682853698730e+00,-1.102809906005859375e+00,-1.135857462882995605e+00,-1.169155240058898926e+00,-2.203503131866455078e+00,-2.230685234069824219e+00,-1.036558866500854492e+00,1.020749330520629883e+00
2.917969822883605957e-01,-5.184150338172912598e-01,-1.526241660118103027e+00,1.675670862197875977e+00,3.892959594726562500e+00,6.000877022743225098e-01,-1.398863792419433594e+00,-1.616626262664794922e+00,1.216558292508125305e-01,-4.576634466648101807e-01,-2.065727710723876953e+00,6.152437210083007812e+00,-1.123549580574035645e+00,-1.049324631690979004e+00,-4.134007990360260010e-01,-8.333700150251388550e-02,-2.151484966278076172e+00,2.209467172622680664e+00,-2.085339307785034180e+00,-1.295346975326538086e+00,1.571899056434631348e+00,-2.027432441711425781e+00,3.545729517936706543e-01,1.588958263397216797e+00,1.861697793006896973e+00,2.245087862014770508e+00,-3.110282897949218750e+00,5.237464904785156250e-01,1.349940419197082520e+00,-1.069076299667358398e+00,9.752886891365051270e-01,3.503659486770629883e+00,-3.772291660308837891e+00,-3.008708953857421875e-01,-1.984863728284835815e-01,1.416718482971191406e+00,1.431143403053283691e+00,1.262319087982177734e+00,-3.161694526672363281e+00,-1.585705161094665527e+00,-4.778095781803131104e-01,-3.054022789001464844e+00,-1.222449898719787598e+00,-7.409493923187255859e-01,2.390112131834030151e-01,-2.171979665756225586e+00,-2.057345628738403320e+00,1.030979394912719727e+00,-1.973076343536376953e+00,-4.054004192352294922e+00,-2.694499254226684570e+00,9.036179184913635254e-01,4.004636108875274658e-01,4.719285964965820312e-01,-2.222423553466796875e+00,1.280777931213378906e+01,1.015675425529479980e+00,-1.321374893188476562e+00,-2.406406402587890625e+00,-5.916885137557983398e-01,-4.182546138763427734e-01,2.013908147811889648e+00,4.414201736450195312e+00,-2.113854408264160156e+00,8.966631889343261719e-01,1.253112405538558960e-02,-5.506249070167541504e-01,7.370925545692443848e-01,-3.022334098815917969e+00,1.403797507286071777e+00,1.001447319984436035e+00,-1.352142453193664551e+00,-3.378558158874511719e-01,1.366780519485473633e+00,6.414681077003479004e-01,-5.337833166122436523e-01,-3.010273933410644531e+00,-9.500263333320617676e-01,2.742940664291381836e+00,-5.646514892578125000e-01,1.683549761772155762e+00,-1.455130577087402344e+00,-4.044654846191406250e+00,-9.368144869804382324e-01,-1.729239702224731445e+00,-1.477828741073608398e+00,-1.771002888679504395e+00,1.313846945762634277e+00,-5.426814556121826172e-01,-4.042775630950927734e-01,3.771683946251869202e-02,-2.049224615097045898e+00,-1.154064178466796875e+00,-1.614395976066589355e+00,-1.115696907043457031e+00,-1.949385046958923340e+00,3.271064043045043945e+00,1.675166636705398560e-01,-3.352429151535034180e+00,2.635404348373413086e+00
8.149414062500000000e+00,-1.213242411613464355e+00,1.019456386566162109e+00,7.485749125480651855e-01,2.980814874172210693e-01,2.397270441055297852e+00,-2.449433565139770508e+00,9.230840802192687988e-01,-4.153054654598236084e-01,-2.501259088516235352e+00,-1.224550366401672363e+00,2.565969705581665039e+00,-5.015423297882080078e-01,4.819405376911163330e-01,-6.709324717521667480e-01,-2.663428783416748047e+00,-1.150869488716125488e+00,8.078119903802871704e-02,-2.548991441726684570e+00,-7.351032495498657227e-01,-9.668119549751281738e-01,-1.018228411674499512e+00,-2.660034656524658203e+00,-7.828159332275390625e-01,1.067095398902893066e+00,-2.198409795761108398e+00,-1.761837720870971680e+00,1.194389462471008301e+00,9.390243887901306152e-01,-1.368741035461425781e+00,2.779612541198730469e+00,-2.751585841178894043e-01,-1.657842755317687988e+00,-1.572897195816040039e+00,-4.634343385696411133e-01,-1.317442893981933594e+00,5.683780908584594727e-01,4.094219207763671875e+00,-6.404300928115844727e-01,-1.719521045684814453e+00,8.902618885040283203e-01,1.800525784492492676e-01,-1.470686674118041992e+00,-1.817760467529296875e+00,-1.562030076980590820e+00,-1.425275802612304688e+00,-4.890324115753173828e+00,-2.022196769714355469e+00,9.951484799385070801e-01,-1.400683283805847168e+00,-3.445659875869750977e+00,-1.206767916679382324e+00,-1.327405810356140137e+00,1.137049913406372070e+00,-1.076988339424133301e+00,-2.217775344848632812e+00,4.845174849033355713e-01,1.434654712677001953e+00,3.813455104827880859e-01,3.109865427017211914e+00,3.298188686370849609e+00,-1.255343556404113770e+00,-1.798158884048461914e+00,8.609197139739990234e-01,-3.072589397430419922e+00,3.028273582458496094e-01,2.460014820098876953e+00,-2.196175813674926758e+00,-4.736775398254394531e+00,7.862810790538787842e-02,4.692700207233428955e-01,-5.715021491050720215e-01,-8.943435549736022949e-01,6.173920154571533203e+00,1.582546710968017578e+00,-5.950453281402587891e-01,-3.943657159805297852e+00,1.720763206481933594e+00,2.208732843399047852e+00,-1.367637068033218384e-01,-1.206322789192199707e+00,-9.888294935226440430e-01,1.724145263433456421e-01,1.045960068702697754e+00,-1.630311250686645508e+00,6.284929513931274414e-01,-4.137633323669433594e+00,-3.054984569549560547e+00,-7.261668443679809570e-01,1.112072277069091797e+01,6.521664261817932129e-01,-1.468180894851684570e+00,-2.585498332977294922e+00,-2.111863851547241211e+00,-6.271599531173706055e-01,4.688775539398193359e-01,-1.386985182762145996e+00,1.591998696327209473e+00,9.920178055763244629e-01,-1.588541507720947266e+00
-1.044041395187377930e+00,-2.629985809326171875e+00,-1.892488002777099609e+00,-1.189165353775024414e+00,4.441184520721435547e+00,-4.533558785915374756e-01,-7.170646786689758301e-01,-1.194690108299255371e+00,9.553471803665161133e-01,-1.394652247428894043e+00,-1.669163942337036133e+00,3.996681451797485352e+00,-2.188174486160278320e+00,-2.713836669921875000e+00,-5.931739807128906250e-01,-3.591154813766479492e-01,-2.777980327606201172e+00,1.570059418678283691e+00,-1.623324632644653320e+00,-1.504541933536529541e-01,5.858550071716308594e-01,-4.287431240081787109e+00,-3.977985382080078125e-01,4.068945407867431641e+00,8.129578232765197754e-01,-4.091745018959045410e-01,6.833721995353698730e-01,2.302394956350326538e-01,-6.861214041709899902e-01,4.442306041717529297e+00,5.765952110290527344e+00,5.408789634704589844e+00,-9.561294317245483398e-01,-4.642821103334426880e-02,-4.342192411422729492e-01,7.430170774459838867e-01,-8.531118035316467285e-01,-1.160030603408813477e+00,-3.503663301467895508e+00,-4.464802742004394531e+00,-7.949327826499938965e-01,5.336809903383255005e-02,-1.675131797790527344e+00,5.745060920715332031e+00,3.441546559333801270e-01,1.802913665771484375e+00,-1.048628687858581543e+00,5.834184959530830383e-02,-3.022452592849731445e+00,-2.378615856170654297e+00,-1.785959243774414062e+00,9.199044704437255859e-01,3.029550552368164062e+00,-1.557725071907043457e+00,-1.502979874610900879e+00,8.389223217964172363e-01,6.773264408111572266e-01,-2.594064950942993164e+00,2.139462530612945557e-01,-3.222570657730102539e+00,-1.245673745870590210e-01,-1.340095520019531250e+00,1.325802654027938843e-01,-2.277089834213256836e+00,-3.383935213088989258e+00,-1.010010004043579102e+00,-8.521791547536849976e-02,4.082474112510681152e-01,-1.383797883987426758e+00,-2.045593708753585815e-01,3.273883759975433350e-01,1.273064017295837402e+00,-2.501967906951904297e+00,2.122253179550170898e+00,-2.397674322128295898e-01,-2.520706892013549805e+00,-2.260002851486206055e+00,-1.162499666213989258e+00,-1.472259640693664551e+00,7.738009095191955566e-01,-7.157881855964660645e-01,9.928794503211975098e-01,-8.749309778213500977e-01,-3.737116336822509766e+00,-1.839183092117309570e+00,-1.499657392501831055e+00,-9.007038474082946777e-01,1.924080848693847656e+00,-4.957904517650604248e-01,-1.865991234779357910e+00,2.356638386845588684e-02,-8.758290410041809082e-01,-2.755246639251708984e+00,-2.096939563751220703e+00,2.530322074890136719e+00,-2.487393379211425781e+00,8.713930130004882812e+00,-9.984695315361022949e-01,-9.387384057044982910e-01,1.539905786514282227e+00
2.395324230194091797e+00,-1.975317955017089844e+00,1.299445390701293945e+00,8.604615926742553711e-01,6.794940233230590820e-01,-1.729620933532714844e+00,-2.232396453619003296e-01,-1.349319219589233398e+00,-1.242498397827148438e+00,-1.414500117301940918e+00,-2.019068241119384766e+00,-1.094883799552917480e+00,6.065133586525917053e-02,-1.869656085968017578e+00,1.680168867111206055e+00,-2.041473865509033203e+00,2.525294013321399689e-02,7.447703480720520020e-01,-1.031490802764892578e+00,-1.903829932212829590e+00,-4.409305155277252197e-01,1.203454685211181641e+01,1.098218321800231934e+00,-2.568147480487823486e-01,1.324614882469177246e+00,-1.503627657890319824e+00,1.535996794700622559e+00,-7.183434367179870605e-01,8.635051250457763672e-01,-3.023531198501586914e+00,1.828211665153503418e+00,-1.367307543754577637e+00,-9.632664918899536133e-02,-2.308351278305053711e+00,4.224815368652343750e-01,-5.158057808876037598e-01,-9.640173912048339844e-01,2.025865316390991211e+00,2.381721884012222290e-01,-4.577519595623016357e-01,3.521694242954254150e-01,-7.714719176292419434e-01,-3.687819004058837891e+00,-3.929096221923828125e+00,1.061401009559631348e+00,1.487737774848937988e+00,-3.294072151184082031e+00,-2.606729984283447266e+00,2.236642122268676758e+00,-7.423111200332641602e-01,-9.005904793739318848e-01,2.660465002059936523e+00,-8.427401781082153320e-01,1.087216377258300781e+00,-2.920988321304321289e+00,1.715917944908142090e+00,8.078008145093917847e-02,1.307113409042358398e+00,9.838798046112060547e-01,9.522233963012695312e+00,-2.484718799591064453e+00,-1.067515730857849121e+00,-9.313688874244689941e-01,2.914323568344116211e+00,-3.287936687469482422e+00,1.926590323448181152e+00,8.352273106575012207e-01,-3.475680589675903320e+00,-2.051285743713378906e+00,-2.513001441955566406e+00,-2.316905736923217773e+00,-2.386185169219970703e+00,-4.457527995109558105e-01,1.416184663772583008e+00,4.183206081390380859e+00,-1.143477439880371094e+00,9.226427674293518066e-01,3.294863939285278320e+00,3.169402122497558594e+00,2.940465509891510010e-01,-4.026433944702148438e+00,-1.650145411491394043e+00,-8.035804033279418945e-01,9.742729663848876953e-01,1.990178585052490234e+00,-3.558840751647949219e-01,-1.223563313484191895e+00,-4.345597267150878906e+00,-1.502362012863159180e+00,2.925031900405883789e+00,-1.722862720489501953e+00,-1.130799055099487305e+00,-8.444165587425231934e-01,1.868670433759689331e-01,-1.679414391517639160e+00,-2.421814054250717163e-01,-1.028506636619567871e+00,1.132380247116088867e+00,7.103297114372253418e-02,-2.774972677230834961e+00
7.447875738143920898e-01,-3.211617469787597656e+00,7.357820034027099609e+00,2.715740442276000977e+00,-8.122669458389282227e-01,2.715506553649902344e+00,-2.698786735534667969e+00,-5.328243374824523926e-01,1.284192204475402832e+00,-1.826737165451049805e+00,-1.525504946708679199e+00,1.076689958572387695e+00,-4.618384540081024170e-01,-1.143102645874023438e+00,-4.468536972999572754e-01,-5.401691794395446777e-01,-7.686435580253601074e-01,-1.096788406372070312e+00,-4.525059163570404053e-01,-3.669632434844970703e+00,-1.781952977180480957e+00,-1.532355546951293945e+00,-2.446366786956787109e+00,-1.778944134712219238e+00,3.782462120056152344e+00,-3.119239330291748047e+00,1.451117515563964844e+00,1.082975625991821289e+00,4.172474890947341919e-02,5.705635547637939453e+00,3.435662269592285156e+00,2.780741930007934570e+00,-1.203822016716003418e+00,-1.954328894615173340e+00,-2.084887504577636719e+00,-1.547972083091735840e+00,-1.427618503570556641e+00,5.483619213104248047e+00,-2.958711624145507812e+00,-1.674564242362976074e+00,6.597247123718261719e-01,-9.216526746749877930e-01,-1.158780813217163086e+00,1.553882479667663574e+00,2.829754829406738281e+00,4.676448106765747070e-01,-1.598909020423889160e+00,-3.046895742416381836e+00,1.322386980056762695e+00,-3.162607908248901367e+00,-3.609912157058715820e+00,-6.100226044654846191e-01,-6.684789061546325684e-01,-2.720859646797180176e-01,1.228569269180297852e+00,-3.133661746978759766e+00,-1.662830710411071777e+00,-5.974318385124206543e-01,2.773836612701416016e+00,7.955609560012817383e-01,1.536726951599121094e+00,-3.826118469238281250e+00,1.119825482368469238e+00,-3.359067738056182861e-01,-3.409304380416870117e+00,1.852375030517578125e+00,8.989545702934265137e-01,-2.797819375991821289e+00,-5.207889556884765625e+00,5.950201153755187988e-01,-2.358059167861938477e+00,-2.253768682479858398e+00,-3.790465354919433594e+00,5.778433322906494141e+00,3.456567764282226562e+00,-2.339490175247192383e+00,-6.576411128044128418e-01,-1.877079367637634277e+00,2.202410697937011719e+00,-1.372290849685668945e+00,-3.335718631744384766e+00,1.610550582408905029e-01,3.458023786544799805e+00,-2.743123054504394531e+00,-7.193986177444458008e-01,-2.673930406570434570e+00,-2.972004890441894531e+00,-1.552744030952453613e+00,-1.842185258865356445e+00,2.136916160583496094e+00,-1.630538344383239746e+00,1.236359238624572754e+00,-2.326778888702392578e+00,-7.294175028800964355e-01,5.633834004402160645e-01,-1.915776491165161133e+00,1.538902759552001953e+00,5.792865753173828125e-01,-1.768874228000640869e-01,-1.988076567649841309e-01
-7.038476467132568359e-01,-2.370871543884277344e+00,1.328818678855895996e+00,7.467685222625732422e+00,-1.544517874717712402e+00,-8.001809120178222656e-01,-6.537725776433944702e-02,-2.259211301803588867e+00,2.228345394134521484e+00,4.784161567687988281e+00,-9.667512774467468262e-01,2.386826276779174805e+00,3.136436045169830322e-01,-1.842153310775756836e+00,1.715906739234924316e+00,-3.065940141677856445e+00,-7.571913599967956543e-01,-2.449020862579345703e+00,-2.568470716476440430e+00,-2.060938596725463867e+00,9.403973221778869629e-01,-1.749239921569824219e+00,-1.962781190872192383e+00,-2.826477527618408203e+00,-4.625305831432342529e-01,-2.498854637145996094e+00,1.478284716606140137e+00,7.084027528762817383e-01,-2.083315253257751465e-01,4.360629916191101074e-01,5.903944492340087891e+00,4.794944763183593750e+00,-1.988276004791259766e+00,4.934668540954589844e-01,1.633631944656372070e+00,-3.664479017257690430e+00,9.082557559013366699e-01,2.496590912342071533e-01,5.914722681045532227e-01,-5.392030477523803711e-01,9.394453763961791992e-01,-1.484084486961364746e+00,-1.167338788509368896e-01,-1.260329246520996094e+00,8.405686616897583008e-01,1.621495366096496582e+00,-6.678223013877868652e-01,-3.390629291534423828e-01,2.756167411804199219e+00,-1.489281654357910156e+00,-3.456377506256103516e+00,-2.111246347427368164e+00,1.021771192550659180e+00,3.325626552104949951e-01,-7.863002419471740723e-01,-3.446311712265014648e+00,-7.314867377281188965e-01,3.569012880325317383e-01,1.615556955337524414e+00,-7.597135305404663086e-01,-7.948687076568603516e-01,-7.585772871971130371e-01,-1.168366670608520508e+00,-8.084316253662109375e-01,-1.603218674659729004e+00,1.046435451507568359e+01,1.021345615386962891e+00,-4.108426570892333984e+00,-3.144172668457031250e+00,2.880570888519287109e+00,-1.431016802787780762e+00,-2.629242181777954102e+00,-1.484583854675292969e+00,1.730877757072448730e+00,-5.365566611289978027e-01,-2.384962797164916992e+00,-1.739412784576416016e+00,1.596564799547195435e-01,1.316543698310852051e+00,-2.042691946029663086e+00,-2.378125905990600586e+00,-1.674340128898620605e+00,-1.514444351196289062e+00,2.563160657882690430e-01,-1.235719203948974609e+00,-1.058788657188415527e+00,-2.904669523239135742e+00,-1.171255469322204590e+00,-7.286341786384582520e-01,1.485312700271606445e+00,-1.809000372886657715e-01,-1.833300888538360596e-01,-2.116640567779541016e+00,-3.881506919860839844e-01,1.856007814407348633e+00,4.331988692283630371e-01,-2.750770568847656250e+00,2.834174931049346924e-01,9.495224952697753906e-01,4.331932067871093750e+00
-3.443866223096847534e-02,-7.088952660560607910e-01,-2.299219369888305664e+00,7.920543551445007324e-01,1.402564644813537598e-01,1.381773710250854492e+00,2.238813877105712891e+00,-2.335699558258056641e+00,-3.208926439285278320e+00,2.932915210723876953e+00,-5.859642624855041504e-01,1.458481311798095703e+00,6.128318980336189270e-02,-1.495843887329101562e+00,8.085852116346359253e-02,-2.140648603439331055e+00,-9.857003092765808105e-01,-1.520942926406860352e+00,-2.284996271133422852e+00,2.990462541580200195e+00,3.117936372756958008e+00,-1.346043825149536133e+00,7.493767142295837402e-01,-1.015807151794433594e+00,-1.690227150917053223e+00,2.456751585006713867e+00,-6.798744797706604004e-01,-6.697267889976501465e-01,1.732212424278259277e+00,1.451127648353576660e+00,5.017188787460327148e-01,7.541051387786865234e+00,-6.505940854549407959e-02,3.262804746627807617e-01,9.416262507438659668e-01,-2.884127378463745117e+00,-7.919241786003112793e-01,-5.897105485200881958e-02,5.046733617782592773e-01,-1.301047205924987793e+00,-2.532936096191406250e+00,5.876872539520263672e+00,9.998878479003906250e+00,-4.767537713050842285e-01,-1.149901509284973145e+00,-1.286428093910217285e+00,-2.092431545257568359e+00,8.716901779174804688e+00,-1.032219171524047852e+00,-1.793859124183654785e+00,-1.246286630630493164e+00,-2.828089237213134766e+00,-1.803066492080688477e+00,-4.815732538700103760e-01,-1.754086494445800781e+00,-1.585958957672119141e+00,3.529797792434692383e+00,2.265019863843917847e-01,-8.110348582267761230e-01,-1.050252318382263184e+00,2.480689048767089844e+00,2.023145675659179688e+00,-2.372859567403793335e-01,-2.134442329406738281e+00,-1.595361828804016113e+00,1.337532997131347656e+00,1.437602519989013672e+00,-2.203581035137176514e-01,-1.569929838180541992e+00,3.085207939147949219e-01,1.615603327751159668e+00,2.710069894790649414e+00,-6.895624995231628418e-01,-1.135637879371643066e+00,-1.298876047134399414e+00,-2.644285857677459717e-01,-5.955410003662109375e+00,3.019605875015258789e+00,6.041514277458190918e-01,-1.847845762968063354e-01,1.418877720832824707e+00,2.690079808235168457e-01,-1.379223704338073730e+00,1.280628919601440430e+00,9.335331618785858154e-02,2.385559082031250000e+00,-2.236904621124267578e+00,6.391695141792297363e-01,4.444323539733886719e+00,5.632254108786582947e-02,4.493921995162963867e-01,1.634803175926208496e+00,-1.100162625312805176e+00,-1.332629084587097168e+00,-3.177172183990478516e+00,9.445735216140747070e-01,-2.346329927444458008e+00,-5.571984052658081055e-01,2.942829608917236328e+00,-1.350715905427932739e-01
-4.402202367782592773e-01,2.331493616104125977e+00,1.423904299736022949e-01,-1.006196379661560059e+00,2.917926549911499023e+00,-7.452248930931091309e-01,-1.130944609642028809e+00,7.948480248451232910e-01,3.508289903402328491e-02,4.136979579925537109e+00,-2.593364477157592773e+00,3.353481531143188477e+00,-6.290414333343505859e-01,-6.966004371643066406e-01,-8.510013818740844727e-01,-2.209673643112182617e+00,-1.171731233596801758e+00,1.204225540161132812e+00,-2.509583950042724609e+00,-2.738968431949615479e-01,2.939686298370361328e+00,-2.249252557754516602e+00,-8.248272538185119629e-01,1.329578399658203125e+00,-1.846643090248107910e+00,9.872358322143554688e+00,-8.947788476943969727e-01,2.484667599201202393e-01,2.964000225067138672e+00,-1.641272544860839844e+00,-1.077413916587829590e+00,6.003670215606689453e+00,1.414480447769165039e+00,1.418547630310058594e+00,-1.626850605010986328e+00,-6.595753431320190430e-01,-6.419400572776794434e-01,-1.300951242446899414e+00,3.084844350814819336e-02,-1.075738310813903809e+00,1.860511004924774170e-01,1.084192514419555664e+00,-4.031701982021331787e-01,2.408879399299621582e-01,6.765697598457336426e-01,-1.170552968978881836e+00,-2.747032403945922852e+00,3.871772289276123047e+00,-2.231748580932617188e+00,-5.495994091033935547e+00,-1.269186019897460938e+00,-2.283914566040039062e+00,-5.032935738563537598e-01,-1.052660271525382996e-01,-3.295089483261108398e+00,3.088944673538208008e+00,-9.161810874938964844e-01,-1.459380149841308594e+00,-1.283953309059143066e+00,-1.799426317214965820e+00,-9.071567654609680176e-01,3.028335571289062500e+00,2.179439544677734375e+00,-1.033571600914001465e+00,-9.009737968444824219e-01,-1.847701311111450195e+00,-2.423347711563110352e+00,7.007469654083251953e+00,-3.924318790435791016e+00,-2.986806035041809082e-01,3.164104938507080078e+00,-8.401900529861450195e-02,-4.219334572553634644e-02,-4.335828721523284912e-01,-1.573806107044219971e-01,2.102401971817016602e+00,-6.946318596601486206e-02,-7.325618863105773926e-01,-4.305668771266937256e-01,2.842712402343750000e+00,1.876988291740417480e+00,-4.715126991271972656e+00,-4.448753356933593750e+00,-3.261590301990509033e-01,-2.089164018630981445e+00,9.758705496788024902e-01,-4.416063308715820312e+00,1.798981308937072754e+00,-1.357602238655090332e+00,5.724364891648292542e-02,8.457823395729064941e-01,8.111138939857482910e-01,-1.829806685447692871e+00,-2.208606719970703125e+00,-3.530617058277130127e-01,-1.598833501338958740e-01,1.116783499717712402e+00,-2.205649375915527344e+00,-2.166208982467651367e+00,1.939477920532226562e-01
-1.549351960420608521e-01,-3.598161041736602783e-02,-6.472244858741760254e-01,-1.156945347785949707e+00,-3.560188710689544678e-01,1.759699106216430664e+00,-2.123720884323120117e+00,-2.456755876541137695e+00,9.100872278213500977e-01,2.061782836914062500e+00,-2.951133847236633301e-01,7.704954147338867188e-01,2.159738913178443909e-02,1.233966827392578125e+00,7.982182502746582031e-01,-2.693393707275390625e+00,-9.491173624992370605e-01,7.397718429565429688e+00,-7.482985258102416992e-01,2.530474960803985596e-01,-1.421922326087951660e+00,-1.816155433654785156e+00,-9.169385433197021484e-01,-2.936868906021118164e+00,1.605993747711181641e+00,1.337368488311767578e+00,1.791843175888061523e-01,2.195758581161499023e+00,-7.295052409172058105e-01,1.270803809165954590e-01,5.624102950096130371e-01,2.988207578659057617e+00,-5.647659897804260254e-01,3.292139053344726562e+00,-6.435056328773498535e-01,4.987659156322479248e-01,1.436113715171813965e+00,-1.740438818931579590e+00,1.138551384210586548e-01,-3.615944683551788330e-01,-1.991150498390197754e+00,5.557304620742797852e-01,-7.347950339317321777e-01,-1.366509318351745605e+00,3.363172292709350586e+00,-1.039122581481933594e+00,-3.023081302642822266e+00,-1.212069630622863770e+00,-8.736455440521240234e-01,-4.900242805480957031e+00,-1.000124096870422363e+00,-1.037830114364624023e-01,2.356815576553344727e+00,-8.626378178596496582e-01,-4.182338237762451172e+00,-3.820486366748809814e-01,7.365205883979797363e-01,8.607432842254638672e-01,-2.944664657115936279e-01,1.593198895454406738e+00,-5.545266270637512207e-01,1.694632291793823242e+00,-5.799738764762878418e-01,-1.118655204772949219e+00,-4.309653043746948242e-01,-3.519359529018402100e-01,-8.047753572463989258e-02,-6.709480881690979004e-01,-1.650204539299011230e+00,2.149070024490356445e+00,-9.117463231086730957e-01,2.050259828567504883e+00,-1.280183076858520508e+00,2.410861492156982422e+00,5.657822489738464355e-01,1.737478971481323242e+00,-2.167635679244995117e+00,5.433949232101440430e-01,1.759767174720764160e+00,7.469167709350585938e-01,-1.344109892845153809e+00,-4.059522151947021484e+00,-3.271659374237060547e+00,4.190964698791503906e-01,-3.309997320175170898e+00,-6.673119664192199707e-01,-4.077914237976074219e+00,7.698437571525573730e-01,-1.105719089508056641e+00,-8.323149383068084717e-02,1.167139530181884766e+01,-6.592588424682617188e-01,-3.658096075057983398e+00,-3.904268741607666016e+00,3.338614702224731445e-01,-1.140584707260131836e+00,-3.390120744705200195e+00,-1.068741202354431152e+00,1.550516247749328613e+00,-2.065515756607055664e+00
-9.489961266517639160e-01,-1.612138390541076660e+00,1.973649144172668457e+00,-5.712310671806335449e-01,6.570035815238952637e-01,1.304381012916564941e+00,2.976493835449218750e-01,-2.274296760559082031e+00,2.605518102645874023e+00,-1.252589821815490723e-01,1.586863040924072266e+00,3.542158842086791992e+00,-1.397350549697875977e+00,3.925907611846923828e-01,1.565596580505371094e+00,-1.977187156677246094e+00,1.201139092445373535e+00,9.431968331336975098e-01,-1.945313692092895508e+00,-2.526899576187133789e+00,2.091918230056762695e+00,-3.277445793151855469e+00,-2.583321332931518555e+00,-1.315648078918457031e+00,5.420946478843688965e-01,-3.756634950637817383e+00,-6.040287613868713379e-01,-9.479196369647979736e-02,3.371738493442535400e-01,3.679986238479614258e+00,3.604093313217163086e+00,6.521333694458007812e+00,-2.246726512908935547e+00,-4.451444625854492188e+00,-1.141712069511413574e+00,-2.792464256286621094e+00,-2.815942466259002686e-01,7.335184812545776367e-01,-2.442433118820190430e+00,-1.228626132011413574e+00,-7.781323194503784180e-01,-1.512205004692077637e+00,1.638573288917541504e+00,6.528754234313964844e-01,-4.966481924057006836e-01,3.009273529052734375e+00,-2.196933031082153320e-01,-4.673599824309349060e-02,-4.464087188243865967e-01,-1.128199338912963867e+00,-3.638486623764038086e+00,-2.508144855499267578e+00,2.673685312271118164e+00,1.818861216306686401e-01,2.562198340892791748e-01,-1.648904442787170410e+00,1.314407348632812500e+00,-1.886838674545288086e+00,-6.710543036460876465e-01,-1.018617510795593262e+00,1.024283409118652344e+00,-5.805253386497497559e-01,1.058824539184570312e+00,-5.677095890045166016e+00,5.300626158714294434e-01,2.117886066436767578e+00,1.040157079696655273e+00,-4.359380722045898438e+00,-3.827069759368896484e+00,3.011107683181762695e+00,5.712971091270446777e-01,-2.391616344451904297e+00,-1.506654739379882812e+00,1.899768233299255371e+00,-7.964662909507751465e-01,-1.629793763160705566e+00,-3.797240495681762695e+00,-7.886289060115814209e-02,1.444109439849853516e+00,1.821793168783187866e-01,6.180607080459594727e-01,1.349964261054992676e+00,1.801642030477523804e-01,-1.310657262802124023e+00,4.087619483470916748e-01,-5.849667787551879883e-01,-3.467543601989746094e+00,3.528356850147247314e-01,-1.232532024383544922e+00,1.199048399925231934e+00,-9.930174946784973145e-01,-1.236430644989013672e+00,-9.342303872108459473e-01,-3.630938529968261719e-01,-4.224790930747985840e-01,-1.483813762664794922e+00,-5.356962680816650391e-01,2.484412305057048798e-02,-2.998992204666137695e-01,1.175301074981689453e+01
-1.327793598175048828e+00,2.766690254211425781e-01,5.950171947479248047e-01,-8.980087041854858398e-01,-7.639982551336288452e-02,-2.203898906707763672e+00,-2.623676776885986328e+00,-8.892295956611633301e-01,7.840834140777587891e+00,6.296327710151672363e-01,4.467020511627197266e+00,2.249115943908691406e+00,7.131683826446533203e-01,1.465928703546524048e-01,2.106066226959228516e+00,-1.977063536643981934e+00,-7.228783965110778809e-01,-5.066103935241699219e-01,-2.229158163070678711e+00,-3.337268352508544922e+00,4.718908309936523438e+00,-3.281563282012939453e+00,-2.699349880218505859e+00,-2.281836986541748047e+00,7.000977993011474609e-01,-3.999630451202392578e+00,1.462641358375549316e+00,-6.085782051086425781e-01,-5.019456148147583008e-05,2.626012802124023438e+00,3.849545955657958984e+00,3.440197467803955078e+00,-9.973811507225036621e-01,-1.961027979850769043e+00,-3.210060596466064453e-01,-2.467482805252075195e+00,-2.895569503307342529e-01,-2.727581739425659180e+00,-2.057024478912353516e+00,1.624468922615051270e+00,2.375435352325439453e+00,-4.236800223588943481e-02,4.993536174297332764e-01,-5.117971301078796387e-01,-3.569914102554321289e-01,1.032127857208251953e+00,-1.369964122772216797e+00,-1.576846599578857422e+00,-1.310489296913146973e+00,-1.181831836700439453e+00,-2.184743642807006836e+00,-2.856137990951538086e+00,7.109107494354248047e+00,7.424414157867431641e-01,-1.519534826278686523e+00,-4.120219707489013672e+00,-3.413590192794799805e-01,-1.356516838073730469e+00,-5.616444349288940430e-01,-2.430901765823364258e+00,-5.553085207939147949e-01,-1.252152562141418457e+00,-1.474586606025695801e+00,-4.445790290832519531e+00,-8.480457216501235962e-02,2.302897214889526367e+00,1.442326307296752930e-01,-1.680894732475280762e+00,-1.976281881332397461e+00,4.928840637207031250e+00,2.822695672512054443e-01,-2.088542461395263672e+00,-1.794486761093139648e+00,4.788936078548431396e-01,-2.803772091865539551e-01,-3.464952230453491211e+00,-2.274460315704345703e+00,-4.772749245166778564e-01,7.316423058509826660e-01,1.097530245780944824e+00,-7.995801568031311035e-01,-1.236615061759948730e+00,5.091968774795532227e-01,-5.938391685485839844e-01,-1.858289837837219238e+00,1.610867142677307129e+00,-4.681073665618896484e+00,7.203281521797180176e-01,-2.500474452972412109e+00,1.158647894859313965e+00,1.053807377815246582e+00,-2.653097867965698242e+00,-1.233683824539184570e+00,-2.703101158142089844e+00,-7.064864635467529297e-01,-7.546778321266174316e-01,-3.029776811599731445e+00,5.721968412399291992e-01,2.752429723739624023e+00,5.367066383361816406e+00
-9.128697514533996582e-01,7.365625500679016113e-01,-3.436081111431121826e-03,9.510570168495178223e-01,-5.235939621925354004e-01,2.684445977210998535e-01,2.395286321640014648e+00,-2.701214075088500977e+00,-1.563466787338256836e+00,5.583342075347900391e+00,4.801247417926788330e-01,1.156908050179481506e-01,2.750113248825073242e+00,-2.579532861709594727e-01,-2.175846099853515625e+00,-1.695473074913024902e+00,-8.296116590499877930e-01,-1.911416172981262207e+00,-1.420451641082763672e+00,3.356784820556640625e+00,3.064936161041259766e+00,-1.221651673316955566e+00,-5.255027413368225098e-01,-1.035057902336120605e+00,-1.909814596176147461e+00,3.243467092514038086e+00,-2.154915407299995422e-02,-1.265947818756103516e+00,4.141405224800109863e-01,1.385919451713562012e+00,-3.398960083723068237e-02,4.684543609619140625e+00,2.276675403118133545e-01,4.504910111427307129e-02,7.741128802299499512e-01,-3.746810674667358398e+00,-1.834134459495544434e+00,2.258528918027877808e-01,1.193364977836608887e+00,4.904203712940216064e-01,-6.629719734191894531e-01,1.950945377349853516e+00,1.482276916503906250e+01,4.205078482627868652e-01,-5.719511508941650391e-01,-1.725921034812927246e-01,-2.139850109815597534e-01,5.035403251647949219e+00,-8.890787959098815918e-01,5.604478996247053146e-03,1.106176495552062988e+00,-2.043432712554931641e+00,-8.601691126823425293e-01,6.193444728851318359e-01,-6.986259222030639648e-01,-2.823737859725952148e+00,2.324388742446899414e+00,1.909539699554443359e+00,-1.414026618003845215e+00,-1.867606163024902344e+00,-9.883015751838684082e-01,1.773211479187011719e+00,-4.687980413436889648e-01,-2.062394618988037109e+00,1.106849983334541321e-01,1.616269350051879883e+00,1.895728111267089844e+00,1.562121868133544922e+00,1.657029390335083008e-01,1.279024362564086914e+00,-3.966911435127258301e-01,1.267762780189514160e+00,-2.525062799453735352e+00,-2.998997211456298828e+00,-5.574877262115478516e-01,-6.620122492313385010e-02,-2.597308397293090820e+00,3.022903203964233398e+00,-3.962171375751495361e-01,-9.284030199050903320e-01,2.021287679672241211e+00,-1.961241602897644043e+00,-7.825082540512084961e-01,1.765114784240722656e+00,1.361844301223754883e+00,6.937108635902404785e-01,-1.612199068069458008e+00,8.537524193525314331e-02,1.814779452979564667e-02,-2.379794359207153320e+00,-2.188758403062820435e-01,3.108047544956207275e-01,-5.507716536521911621e-01,4.133391380310058594e-02,-2.362454891204833984e+00,7.405800223350524902e-01,-2.374288797378540039e+00,-7.864810824394226074e-01,7.307509779930114746e-01,1.795021891593933105e+00
-1.553501605987548828e+00,-1.562331199645996094e+00,4.913035392761230469e+00,9.851310849189758301e-01,-2.679561078548431396e-02,1.637386918067932129e+00,3.917084932327270508e-01,-1.772579193115234375e+00,1.416304826736450195e+00,6.125928401947021484e+00,1.478492975234985352e+00,7.695370912551879883e-01,6.306918263435363770e-01,-7.645397186279296875e-01,3.422539532184600830e-01,-2.233885288238525391e+00,1.557907938957214355e+00,-1.046533465385437012e+00,-9.703921079635620117e-01,-1.432041883468627930e+00,-1.838146448135375977e+00,-3.581004142761230469e+00,-1.702378153800964355e+00,-1.781696200370788574e+00,-1.487677216529846191e+00,-2.516355991363525391e+00,5.054346323013305664e-01,-1.001981735229492188e+00,2.218415498733520508e+00,2.606059551239013672e+00,2.110185384750366211e+00,7.122804164886474609e+00,-1.655102729797363281e+00,-1.045031428337097168e+00,-4.773760735988616943e-01,-3.761182308197021484e+00,-1.572587251663208008e+00,2.180287361145019531e+00,-1.114781975746154785e+00,1.794514536857604980e+00,-3.019755780696868896e-01,-5.906022787094116211e-01,3.003988265991210938e+00,-5.615838170051574707e-01,2.466690063476562500e+00,7.993959784507751465e-01,-9.343250989913940430e-01,-6.806684732437133789e-01,2.210434198379516602e+00,-2.258718967437744141e+00,-4.446477890014648438e+00,-4.431970596313476562e+00,3.144625127315521240e-01,1.536123633384704590e+00,-1.116691604256629944e-01,-2.676361799240112305e+00,-6.298797130584716797e-01,-1.526184558868408203e+00,-8.072203993797302246e-01,-2.942968368530273438e+00,-1.336893081665039062e+00,-1.351498842239379883e+00,1.168946623802185059e+00,-5.313320159912109375e+00,1.713645100593566895e+00,3.830447435379028320e+00,1.732026815414428711e+00,-1.159257054328918457e+00,-4.116059780120849609e+00,3.423781394958496094e+00,-9.829456210136413574e-01,-1.564565300941467285e+00,-1.134035289287567139e-01,4.089029431343078613e-01,2.393882274627685547e-01,-1.428029060363769531e+00,7.749565243721008301e-01,-1.319622278213500977e+00,1.507602453231811523e+00,-1.507067203521728516e+00,3.074600100517272949e-01,-2.650426924228668213e-01,1.346127390861511230e-01,-1.298768669366836548e-01,-6.498123407363891602e-01,5.122328996658325195e-01,-4.517508983612060547e+00,-4.550401866436004639e-01,-3.242550492286682129e-01,2.002146244049072266e+00,-1.232504844665527344e+00,1.254902601242065430e+00,2.318787127733230591e-01,-4.580996930599212646e-03,7.431283593177795410e-02,1.700023293495178223e+00,-2.319671630859375000e+00,-1.975983738899230957e+00,-2.833102047443389893e-01,9.477282524108886719e+00
-2.679673731327056885e-01,-1.572666049003601074e+00,-2.796395540237426758e+00,4.234455108642578125e+00,1.015176653861999512e+00,2.232188701629638672e+00,-2.961482763290405273e+00,6.251937747001647949e-01,1.141656517982482910e+00,3.358849048614501953e+00,1.269412279129028320e+00,3.647546529769897461e+00,-1.967684268951416016e+00,-1.086144924163818359e+00,-1.121937185525894165e-01,-2.225064516067504883e+00,-1.695210576057434082e+00,-8.136225938796997070e-01,-3.374843299388885498e-01,4.101442813873291016e+00,-3.335097134113311768e-01,-3.902044296264648438e+00,-6.891207098960876465e-01,-9.869022965431213379e-01,1.703001141548156738e+00,6.505776047706604004e-01,-3.019312918186187744e-01,-1.146417737007141113e+00,9.247596263885498047e-01,6.981607675552368164e-01,2.078129649162292480e-01,-1.216239809989929199e+00,-2.709944248199462891e-01,1.358155441284179688e+01,-8.548176884651184082e-01,7.996970787644386292e-03,3.517210721969604492e+00,-1.372820973396301270e+00,-2.509402036666870117e-01,-1.549983739852905273e+00,-6.016597151756286621e-01,-5.122169256210327148e-01,1.155978590250015259e-01,7.016496062278747559e-01,-5.069049820303916931e-02,-3.438767194747924805e+00,-4.234825968742370605e-01,1.274630725383758545e-01,-1.492666363716125488e+00,-4.466284513473510742e-01,-1.019428253173828125e+00,-1.119575619697570801e+00,-1.921856760978698730e+00,-1.203807473182678223e+00,-2.764676809310913086e+00,-4.706509411334991455e-01,-1.637809991836547852e+00,-1.241510868072509766e+00,-2.415934085845947266e+00,-3.067988872528076172e+00,6.166099905967712402e-01,7.371274828910827637e-01,-1.004331111907958984e+00,2.542018651962280273e+00,6.002361774444580078e-01,2.736859798431396484e+00,3.773657679557800293e-01,4.141923904418945312e+00,-1.131761312484741211e+00,-5.905656218528747559e-01,-5.006369948387145996e-01,1.564045071601867676e+00,2.486471414566040039e+00,-1.477316260337829590e+00,-3.612455368041992188e+00,-2.670931100845336914e+00,5.962218046188354492e-01,7.946919202804565430e-01,1.165113151073455811e-01,4.023304879665374756e-01,5.941976904869079590e-01,1.156258463859558105e+00,-2.099892377853393555e+00,5.205962061882019043e-02,-4.984571933746337891e+00,5.150315165519714355e-01,-4.237199783325195312e+00,2.514683604240417480e-01,3.813482820987701416e-02,-5.527145862579345703e-01,6.047695279121398926e-01,8.127745389938354492e-01,-7.282757163047790527e-01,-3.192402124404907227e+00,3.173432111740112305e+00,1.843858242034912109e+00,-6.916574835777282715e-01,-1.647621631622314453e+00,1.660848617553710938e+00,9.695453643798828125e-01
3.514342904090881348e-01,2.566580295562744141e+00,-5.394233703613281250e+00,2.550811469554901123e-01,6.568768024444580078e-01,3.480020761489868164e-01,1.011216118931770325e-01,2.318131685256958008e+00,4.504130184650421143e-01,-1.258558869361877441e+00,-1.520011544227600098e+00,9.591195583343505859e-01,5.118967890739440918e-01,3.232420682907104492e-01,1.984355449676513672e+00,-1.176232933998107910e+00,-1.718393415212631226e-01,3.237081766128540039e+00,-4.891375005245208740e-01,1.195685768127441406e+01,-2.114485576748847961e-02,-2.784714698791503906e+00,3.242193698883056641e+00,-3.358477056026458740e-01,-1.571561098098754883e+00,1.415851473808288574e+00,-1.789376616477966309e+00,3.241569280624389648e+00,1.065173029899597168e+00,-1.352418065071105957e+00,3.711577057838439941e-01,-1.508704304695129395e+00,3.303384065628051758e+00,-1.671102494001388550e-01,-7.128677964210510254e-01,1.156561851501464844e+00,4.157119244337081909e-02,-1.632089018821716309e-01,2.391447305679321289e+00,-1.633535504341125488e+00,-1.497660756111145020e+00,4.795885086059570312e+00,2.293602466583251953e+00,-1.965834140777587891e+00,-1.911840081214904785e+00,-1.858433336019515991e-01,-4.263145446777343750e+00,7.236989140510559082e-01,-2.996580362319946289e+00,1.099350571632385254e+00,-2.225711822509765625e+00,-2.951532363891601562e+00,9.906325936317443848e-01,2.014278650283813477e+00,-4.094947338104248047e+00,4.372590482234954834e-01,-1.724196195602416992e+00,1.449342727661132812e+00,-1.954486608505249023e+00,-1.508121848106384277e+00,-2.306774258613586426e-01,1.829094409942626953e+00,-6.050387620925903320e-01,3.190070152282714844e+00,-1.032560110092163086e+00,-1.361837983131408691e+00,1.086509108543395996e+00,8.401338458061218262e-01,-3.107742786407470703e+00,-4.258886814117431641e+00,-2.124912023544311523e+00,7.438172101974487305e-01,8.335009217262268066e-01,1.712171673774719238e+00,-1.843509912490844727e+00,-1.222763895988464355e+00,-1.939181834459304810e-01,-1.522967576980590820e+00,-1.773105025291442871e+00,1.002511009573936462e-03,-2.723049640655517578e+00,-2.126141935586929321e-01,-2.352371931076049805e+00,8.511719107627868652e-01,-2.151553183794021606e-01,1.580735206604003906e+00,-1.343449354171752930e+00,-3.805113434791564941e-01,-1.810498237609863281e+00,4.939601421356201172e-01,2.505300939083099365e-01,-9.611176326870918274e-03,-4.476779937744140625e+00,-3.526065587997436523e+00,-9.571907520294189453e-01,-1.116618633270263672e+00,-1.425456285476684570e+00,5.032994270324707031e+00,5.954063534736633301e-01,-5.513945817947387695e-01
-1.750462949275970459e-01,3.905059695243835449e-01,-5.516222953796386719e+00,1.625306129455566406e+00,1.125355839729309082e+00,2.483271360397338867e+00,2.232280373573303223e-01,1.615259349346160889e-01,-9.179925918579101562e-01,-6.265544891357421875e-01,-1.300348043441772461e+00,-4.290690720081329346e-01,1.337842345237731934e+00,-1.066415786743164062e+00,3.375267386436462402e-01,-1.844735980033874512e+00,-2.586427628993988037e-01,9.533615112304687500e-01,1.650842428207397461e-01,1.351324176788330078e+01,-2.895972430706024170e-01,-1.975449919700622559e+00,3.250523328781127930e+00,-7.834528572857379913e-03,-1.763574600219726562e+00,1.599239349365234375e+00,-5.563705563545227051e-01,1.140159368515014648e-02,1.670155167579650879e+00,-3.357772827148437500e-01,1.061775088310241699e+00,-3.911750316619873047e-01,3.869203090667724609e+00,1.683820962905883789e+00,-5.276498198509216309e-01,3.865575492382049561e-01,-1.094723224639892578e+00,-1.868782490491867065e-01,1.860425114631652832e+00,-1.681112885475158691e+00,-3.448889255523681641e+00,5.884688854217529297e+00,3.331595659255981445e+00,-9.145413637161254883e-01,-1.378894686698913574e+00,-1.248960494995117188e+00,-3.530894994735717773e+00,1.979747533798217773e+00,-1.345907688140869141e+00,7.417894005775451660e-01,-1.762714862823486328e+00,-1.917165875434875488e+00,-9.863718152046203613e-01,1.359619617462158203e+00,-3.133258819580078125e+00,3.726057708263397217e-01,-1.479075431823730469e+00,9.660711884498596191e-02,-2.210988521575927734e+00,-1.347395181655883789e+00,3.525738418102264404e-01,4.175194501876831055e-01,-1.323775768280029297e+00,2.775365352630615234e+00,-1.542792558670043945e+00,-9.647194743156433105e-01,2.411210775375366211e+00,4.355151951313018799e-01,-2.521164178848266602e+00,-4.125141143798828125e+00,-1.008042335510253906e+00,1.384977936744689941e+00,1.909596920013427734e+00,1.249835848808288574e+00,-2.161567687988281250e+00,-1.040713071823120117e+00,-1.244378447532653809e+00,-2.357318639755249023e+00,-7.517137527465820312e-01,-3.378125727176666260e-01,-1.688159823417663574e+00,2.658155441284179688e+00,-2.043167591094970703e+00,1.987664550542831421e-01,-1.285902380943298340e+00,3.418612718582153320e+00,-1.120717883110046387e+00,6.425037980079650879e-01,-7.460444569587707520e-01,4.831154644489288330e-02,-1.096015498042106628e-01,1.089068293571472168e+00,-3.218891143798828125e+00,-3.265971899032592773e+00,-8.342607021331787109e-01,-4.929811358451843262e-01,-1.105698227882385254e+00,2.405251741409301758e+00,1.511362552642822266e+00,-9.980705976486206055e-01
-7.038476467132568359e-01,-2.370871543884277344e+00,1.328818678855895996e+00,7.467685222625732422e+00,-1.544517874717712402e+00,-8.001809120178222656e-01,-6.537725776433944702e-02,-2.259211301803588867e+00,2.228345394134521484e+00,4.784161567687988281e+00,-9.667512774467468262e-01,2.386826276779174805e+00,3.136436045169830322e-01,-1.842153310775756836e+00,1.715906739234924316e+00,-3.065940141677856445e+00,-7.571913599967956543e-01,-2.449020862579345703e+00,-2.568470716476440430e+00,-2.060938596725463867e+00,9.403973221778869629e-01,-1.749239921569824219e+00,-1.962781190872192383e+00,-2.826477527618408203e+00,-4.625305831432342529e-01,-2.498854637145996094e+00,1.478284716606140137e+00,7.084027528762817383e-01,-2.083315253257751465e-01,4.360629916191101074e-01,5.903944492340087891e+00,4.794944763183593750e+00,-1.988276004791259766e+00,4.934668540954589844e-01,1.633631944656372070e+00,-3.664479017257690430e+00,9.082557559013366699e-01,2.496590912342071533e-01,5.914722681045532227e-01,-5.392030477523803711e-01,9.394453763961791992e-01,-1.484084486961364746e+00,-1.167338788509368896e-01,-1.260329246520996094e+00,8.405686616897583008e-01,1.621495366096496582e+00,-6.678223013877868652e-01,-3.390629291534423828e-01,2.756167411804199219e+00,-1.489281654357910156e+00,-3.456377506256103516e+00,-2.111246347427368164e+00,1.021771192550659180e+00,3.325626552104949951e-01,-7.863002419471740723e-01,-3.446311712265014648e+00,-7.314867377281188965e-01,3.569012880325317383e-01,1.615556955337524414e+00,-7.597135305404663086e-01,-7.948687076568603516e-01,-7.585772871971130371e-01,-1.168366670608520508e+00,-8.084316253662109375e-01,-1.603218674659729004e+00,1.046435451507568359e+01,1.021345615386962891e+00,-4.108426570892333984e+00,-3.144172668457031250e+00,2.880570888519287109e+00,-1.431016802787780762e+00,-2.629242181777954102e+00,-1.484583854675292969e+00,1.730877757072448730e+00,-5.365566611289978027e-01,-2.384962797164916992e+00,-1.739412784576416016e+00,1.596564799547195435e-01,1.316543698310852051e+00,-2.042691946029663086e+00,-2.378125905990600586e+00,-1.674340128898620605e+00,-1.514444351196289062e+00,2.563160657882690430e-01,-1.235719203948974609e+00,-1.058788657188415527e+00,-2.904669523239135742e+00,-1.171255469322204590e+00,-7.286341786384582520e-01,1.485312700271606445e+00,-1.809000372886657715e-01,-1.833300888538360596e-01,-2.116640567779541016e+00,-3.881506919860839844e-01,1.856007814407348633e+00,4.331988692283630371e-01,-2.750770568847656250e+00,2.834174931049346924e-01,9.495224952697753906e-01,4.331932067871093750e+00
8.087638020515441895e-01,-3.063631057739257812e-01,-1.799657046794891357e-01,5.397102832794189453e+00,-1.902733564376831055e+00,-5.641303062438964844e-01,-4.056581854820251465e-01,-2.294620037078857422e+00,-2.272522747516632080e-01,1.648598432540893555e+00,-2.183465957641601562e+00,1.880169272422790527e+00,-1.316130280494689941e+00,-8.218346834182739258e-01,4.613911151885986328e+00,-3.200495719909667969e+00,5.143859889358282089e-03,-2.868410110473632812e+00,1.510334730148315430e+00,-1.624913096427917480e+00,1.094326138496398926e+00,-1.560403466224670410e+00,-3.166175127029418945e+00,-3.167639017105102539e+00,-8.902127742767333984e-01,-2.695336103439331055e+00,9.346674680709838867e-01,1.245638370513916016e+00,7.910880446434020996e-01,-2.208555936813354492e+00,1.145603299140930176e+00,3.220329046249389648e+00,-9.487535953521728516e-01,-1.160674691200256348e+00,1.691063284873962402e+00,-3.121218681335449219e+00,2.415656447410583496e-01,-1.249896526336669922e+00,-5.993058085441589355e-01,-6.826859712600708008e-01,-3.423333168029785156e-01,-2.461587429046630859e+00,-2.071156352758407593e-01,-4.643829464912414551e-01,-1.925593137741088867e+00,7.550399750471115112e-03,3.853278933092951775e-03,-4.837923496961593628e-02,4.510211646556854248e-01,1.533942818641662598e-01,6.186697483062744141e-01,-2.613682448863983154e-01,-6.567843556404113770e-01,4.245293736457824707e-01,-1.545985460281372070e+00,-1.401719808578491211e+00,9.484987854957580566e-01,-3.082185983657836914e-02,-1.264278054237365723e+00,1.662710160017013550e-01,-1.819375276565551758e+00,3.165811538696289062e+00,-1.384466767311096191e+00,-1.976216435432434082e+00,7.875946998596191406e+00,1.098093509674072266e+01,-4.029679298400878906e-01,-2.943861484527587891e+00,-9.352161735296249390e-02,1.191566348075866699e+00,-1.999716401100158691e+00,-1.384130954742431641e+00,7.766984105110168457e-01,-2.001993656158447266e+00,-1.635848522186279297e+00,-1.944364309310913086e+00,-1.136983871459960938e+00,-9.886084794998168945e-01,8.578061461448669434e-01,-2.108724355697631836e+00,7.455847859382629395e-01,-1.390415430068969727e+00,-2.956890821456909180e+00,-3.420514166355133057e-01,-2.328666925430297852e+00,2.258088111877441406e+00,-1.534665822982788086e+00,-3.150564134120941162e-01,-1.189247250556945801e+00,4.065058827400207520e-01,-1.682310342788696289e+00,-7.552149891853332520e-02,-3.998015820980072021e-01,2.961925268173217773e+00,-1.013540625572204590e-01,1.140524864196777344e+00,-1.668927073478698730e+00,3.698283135890960693e-01,-2.619850635528564453e-01,7.171186447143554688e+00
6.732982397079467773e-01,-1.096881628036499023e+00,-1.637364983558654785e+00,-7.216693758964538574e-01,-5.755363702774047852e-01,2.530826568603515625e+00,-2.153569221496582031e+00,3.602892875671386719e+00,5.102503299713134766e-01,-2.948102235794067383e+00,9.892700910568237305e-01,5.718856811523437500e+00,-2.491144657135009766e+00,9.809734821319580078e-01,4.191710948944091797e+00,-2.503958463668823242e+00,-8.967382311820983887e-01,3.943661749362945557e-01,-2.652727127075195312e+00,-1.247878074645996094e+00,2.445419788360595703e+00,-9.391608238220214844e-01,-3.040701389312744141e+00,-3.478770554065704346e-01,1.146474242210388184e+00,-2.718686103820800781e+00,-4.810701906681060791e-01,1.838734984397888184e+00,1.498618125915527344e+00,-4.780318140983581543e-01,8.592354655265808105e-01,3.090610980987548828e+00,-5.022300481796264648e-01,-1.776177585124969482e-01,1.711478680372238159e-01,-1.752652168273925781e+00,6.474825739860534668e-01,-3.051843166351318359e+00,-5.349347591400146484e-01,-2.226133584976196289e+00,-1.927188754081726074e+00,4.729461193084716797e+00,-3.223194479942321777e-01,-2.732963800430297852e+00,-2.117486953735351562e+00,-2.556467533111572266e+00,-2.477742195129394531e+00,-8.546677231788635254e-01,6.950892806053161621e-01,3.364665508270263672e-01,-1.604000210762023926e+00,-1.858512639999389648e+00,-6.994673013687133789e-01,-7.367243766784667969e-01,-2.121203422546386719e+00,-2.935967922210693359e+00,2.447540760040283203e+00,4.223288297653198242e-01,-1.300829887390136719e+00,4.320941269397735596e-01,3.857046604156494141e+00,5.017796039581298828e+00,6.631103157997131348e-01,-1.082360744476318359e+00,1.376392096281051636e-01,1.997115135192871094e+00,1.214309692382812500e+00,-1.267788290977478027e+00,-6.594372987747192383e-01,1.997495889663696289e+00,-1.308820366859436035e+00,-4.989838004112243652e-01,-2.151249885559082031e+00,2.886376857757568359e+00,-1.335616350173950195e+00,-2.631571531295776367e+00,-5.172720432281494141e+00,1.441387176513671875e+00,2.127821207046508789e+00,1.955554962158203125e+00,4.056268334388732910e-01,-1.660161137580871582e+00,-2.326945543289184570e+00,-1.047376155853271484e+00,-2.281083106994628906e+00,1.202885270118713379e+00,-3.216587305068969727e+00,-4.301844537258148193e-01,1.022922173142433167e-01,2.849393367767333984e+00,2.706647634506225586e+00,-1.647191166877746582e+00,-3.233507156372070312e+00,-2.681240081787109375e+00,-1.703650474548339844e+00,-2.477955669164657593e-01,-1.870620965957641602e+00,-3.388822078704833984e-01,1.008432102203369141e+01,-1.866358667612075806e-01
1.089885950088500977e+00,-2.375326395034790039e+00,1.405431032180786133e+00,-7.387856394052505493e-02,-1.276619791984558105e+00,-7.040482163429260254e-01,-1.971027135848999023e+00,-1.137895345687866211e+00,2.186072826385498047e+00,1.025129854679107666e-01,-7.997481226921081543e-01,-2.480770826339721680e+00,-1.933575987815856934e+00,-1.054343223571777344e+00,4.308056831359863281e+00,-2.523602485656738281e+00,1.747623085975646973e-01,-4.103202342987060547e+00,1.344894409179687500e+00,-2.256689310073852539e+00,5.828219652175903320e-01,-1.622783541679382324e+00,-2.792001962661743164e+00,-2.002516031265258789e+00,2.864859580993652344e+00,-2.386216878890991211e+00,1.300184822082519531e+01,-6.698424220085144043e-01,8.167332410812377930e-01,2.749191761016845703e+00,5.921747088432312012e-01,1.810365438461303711e+00,-5.608927607536315918e-01,1.192801237106323242e+00,-1.481273412704467773e+00,3.999545052647590637e-02,-1.103482723236083984e+00,-2.756311416625976562e+00,-1.683710455894470215e+00,2.264617443084716797e+00,-6.240785121917724609e-01,-9.112112522125244141e-01,-2.262808978557586670e-01,6.993212699890136719e+00,1.216697454452514648e+00,6.317497491836547852e-01,9.210631251335144043e-01,2.630055248737335205e-01,4.636043310165405273e-01,-1.260308980941772461e+00,1.057271718978881836e+00,4.440460801124572754e-01,-7.006608247756958008e-01,-2.875891923904418945e+00,1.260253071784973145e+00,-4.554962158203125000e+00,-3.942059874534606934e-01,-2.068643331527709961e+00,6.013055443763732910e-01,-1.290652751922607422e+00,8.958578109741210938e-04,-2.955217957496643066e-01,-1.745728492736816406e+00,-7.325015664100646973e-01,1.168331027030944824e+00,1.635811209678649902e+00,-1.231517195701599121e+00,-2.741869449615478516e+00,-7.771569490432739258e-01,3.409157276153564453e+00,-1.809957742691040039e+00,1.596896409988403320e+00,-3.848097920417785645e-01,-3.264439582824707031e+00,1.611392796039581299e-01,-3.542634248733520508e+00,2.393903493881225586e+00,-3.639830648899078369e-01,1.296142190694808960e-01,-1.759706854820251465e+00,-1.187778115272521973e+00,-7.075629234313964844e-01,1.892343163490295410e+00,-9.419994354248046875e-01,1.219180822372436523e+00,9.229732155799865723e-01,-3.666905164718627930e+00,8.708806037902832031e-01,-1.108209252357482910e+00,-1.237240314483642578e+00,-1.574847698211669922e+00,4.184644296765327454e-02,-9.819201827049255371e-01,-3.560473442077636719e+00,6.372398734092712402e-01,-8.324363827705383301e-02,-6.101801991462707520e-01,-3.222708225250244141e+00,1.810320317745208740e-01,1.044879198074340820e+00
-1.155357435345649719e-01,2.549617767333984375e+00,-5.110372900962829590e-01,3.070543408393859863e-01,-3.066632449626922607e-01,-1.604488611221313477e+00,-1.253626823425292969e+00,-2.874165296554565430e+00,3.170028626918792725e-01,2.085299968719482422e+00,-3.071949243545532227e+00,-1.542746186256408691e+00,-2.161996603012084961e+00,-3.248739838600158691e-01,-3.030722439289093018e-01,4.175374209880828857e-01,-1.672307252883911133e+00,-1.615425348281860352e+00,1.525412201881408691e+00,9.128628373146057129e-01,-3.634620606899261475e-01,-1.234494686126708984e+00,-6.888491511344909668e-01,1.643827557563781738e-01,-1.810459852218627930e+00,9.036192893981933594e-01,1.978361606597900391e-01,1.938214302062988281e+00,-5.849826335906982422e-01,-3.164733171463012695e+00,1.397719979286193848e+00,-9.672494530677795410e-01,3.454102516174316406e+00,-1.209775090217590332e+00,-5.106112957000732422e-01,1.160558462142944336e+00,1.046703696250915527e+00,9.832982420921325684e-01,-1.268573999404907227e+00,-3.140218734741210938e+00,5.353842973709106445e-01,-1.702925205230712891e+00,-3.675616264343261719e+00,-8.786183595657348633e-01,1.100488305091857910e+00,-2.740762531757354736e-01,-8.059071302413940430e-01,-2.735854685306549072e-01,-2.459096670150756836e+00,2.892623662948608398e+00,1.358528614044189453e+00,9.185010790824890137e-01,7.930092215538024902e-01,1.672785878181457520e+00,-1.484271526336669922e+00,3.409426212310791016e-01,3.144809901714324951e-01,5.710813403129577637e-01,1.372016072273254395e-01,-7.911019325256347656e-01,-2.673442125320434570e+00,-9.771543741226196289e-01,-4.973056614398956299e-01,1.254963397979736328e+00,3.106207132339477539e+00,2.940225839614868164e+00,-1.792733669281005859e+00,1.535751581192016602e+00,2.307080507278442383e+00,-4.558023452758789062e+00,-1.312862515449523926e+00,-1.551682353019714355e+00,1.241059303283691406e+00,2.569853663444519043e-01,1.884729862213134766e-01,-4.452184438705444336e-01,1.246904850006103516e+00,-1.821172833442687988e+00,-3.029211044311523438e+00,-9.503422379493713379e-01,7.355713844299316406e-01,4.994817376136779785e-01,-9.727500081062316895e-01,-3.057502269744873047e+00,-1.852625489234924316e+00,-3.365010023117065430e+00,5.087123394012451172e+00,-3.222329139709472656e+00,-5.695650577545166016e-01,-1.238622903823852539e+00,-3.131844043731689453e+00,1.384172439575195312e+00,-1.669865727424621582e+00,1.318758869171142578e+01,-8.445603847503662109e-01,-1.251578927040100098e+00,7.661121368408203125e+00,-1.186597228050231934e+00,-3.552418947219848633e+00,3.401525020599365234e-01
9.707279205322265625e-01,2.161444425582885742e+00,-2.965987205505371094e+00,-9.332093000411987305e-01,2.186314582824707031e+00,-1.894803881645202637e+00,-3.470966592431068420e-03,-9.411066174507141113e-01,6.122845411300659180e-01,-1.092984676361083984e+00,2.644101679325103760e-01,4.951473236083984375e+00,1.834554910659790039e+00,8.957561850547790527e-01,5.170319080352783203e-01,-2.918132543563842773e+00,-2.066211938858032227e+00,1.325267255306243896e-01,-1.336396217346191406e+00,-1.322216242551803589e-01,7.483480572700500488e-01,-1.756620049476623535e+00,1.607251048088073730e+00,9.260579943656921387e-01,-2.359858527779579163e-02,-1.228764653205871582e+00,-4.071805477142333984e+00,1.922371387481689453e+00,2.021441936492919922e+00,-1.693750917911529541e-01,1.140963554382324219e+00,2.263961791992187500e+00,-1.011436820030212402e+00,-2.978071212768554688e+00,-1.158483624458312988e+00,-8.887308835983276367e-01,-7.249922156333923340e-01,1.194637894630432129e+00,-6.091486215591430664e-01,3.213408291339874268e-01,3.893715858459472656e+00,-3.320387363433837891e+00,-1.452987074851989746e+00,-1.749341607093811035e+00,-3.013021469116210938e+00,4.091515541076660156e+00,-2.518612384796142578e+00,2.560712397098541260e-01,-1.923945426940917969e+00,4.163252711296081543e-01,-3.143030405044555664e+00,-1.827546238899230957e+00,2.944126129150390625e+00,8.407153934240341187e-02,-1.782804608345031738e+00,5.930755138397216797e-01,-1.007773280143737793e+00,-3.928413987159729004e-02,1.183069944381713867e+00,2.209841728210449219e+00,-3.921284079551696777e-01,-1.858684301376342773e+00,-9.446537494659423828e-01,-1.582212686538696289e+00,-1.249766826629638672e+00,-2.584658563137054443e-01,1.348045825958251953e+00,-1.901605248451232910e+00,-3.193785667419433594e+00,-2.572871685028076172e+00,-1.300102621316909790e-01,-3.962692618370056152e-01,-9.825209379196166992e-01,2.577068090438842773e+00,-1.684663534164428711e+00,-1.206663846969604492e+00,-4.464374065399169922e+00,-9.329667091369628906e-01,4.112560749053955078e+00,1.013960838317871094e+00,-2.774599552154541016e+00,-1.376771807670593262e+00,6.162982583045959473e-01,8.744561672210693359e-02,1.766273260116577148e+00,9.828528016805648804e-02,-9.091461300849914551e-01,-4.913233518600463867e-01,-2.191375970840454102e+00,2.070009946823120117e+00,-5.460945963859558105e-01,-2.420141220092773438e+00,-2.255104541778564453e+00,-2.332243680953979492e+00,-2.079963207244873047e+00,-1.806329131126403809e+00,7.780499458312988281e-01,1.294876384735107422e+01,-2.413005352020263672e+00,1.417684316635131836e+00
4.087424278259277344e-01,2.717673301696777344e+00,-1.569314002990722656e+00,-2.814604759216308594e+00,-3.397717773914337158e-01,-5.536381602287292480e-01,-1.654705762863159180e+00,-4.845115661621093750e+00,4.255167007446289062e+00,-5.264749750494956970e-02,7.026191234588623047e+00,9.818049073219299316e-01,-4.600539803504943848e-01,1.835547566413879395e+00,4.135187268257141113e-01,-2.623589754104614258e+00,-1.468889713287353516e+00,-2.517940700054168701e-01,4.506311893463134766e+00,-2.638435602188110352e+00,2.451819896697998047e+00,-1.484874725341796875e+00,-1.632762670516967773e+00,-8.866034150123596191e-01,-1.578640699386596680e+00,-3.852100610733032227e+00,3.401160836219787598e-01,-1.643504142761230469e+00,-7.070679664611816406e-01,1.194782853126525879e+00,1.732521176338195801e+00,2.891806602478027344e+00,-1.685932874679565430e+00,-1.503121614456176758e+00,-1.268122792243957520e+00,-1.323380947113037109e+00,-1.719667077064514160e+00,-2.364046096801757812e+00,-2.940346240997314453e+00,6.951420307159423828e-01,1.118137359619140625e+00,-2.362376689910888672e+00,-2.302029132843017578e+00,-1.524524837732315063e-01,-5.094649791717529297e-01,1.495034217834472656e+00,-1.504449993371963501e-01,-2.397828340530395508e+00,-3.149499893188476562e-01,1.231245756149291992e+00,6.304813623428344727e-01,1.067648410797119141e+00,6.024835586547851562e+00,1.346105217933654785e+00,5.996609926223754883e-01,-2.571924448013305664e+00,2.607980489730834961e+00,8.016312718391418457e-01,-2.598739147186279297e+00,2.551946938037872314e-01,-2.624191284179687500e+00,-1.942651748657226562e+00,-1.480286598205566406e+00,-3.877084970474243164e+00,1.390196323394775391e+00,-1.160992503166198730e+00,1.448051095008850098e+00,-3.143561601638793945e+00,4.419821262359619141e+00,1.315786838531494141e+00,-1.262958645820617676e+00,7.065629363059997559e-01,-1.110049724578857422e+00,-1.705988407135009766e+00,-1.834957361221313477e+00,-2.525767326354980469e+00,-4.236325263977050781e+00,3.331564068794250488e-01,4.055647850036621094e+00,8.157882094383239746e-01,3.604851007461547852e+00,-2.648323476314544678e-01,-4.353018701076507568e-01,-1.483700752258300781e+00,-1.969731330871582031e+00,1.476508736610412598e+00,-1.883944988250732422e+00,-3.629208505153656006e-01,-3.894220352172851562e+00,2.474454194307327271e-01,1.865114927291870117e+00,-1.533783078193664551e+00,-6.979492306709289551e-01,-2.799773931503295898e+00,-1.069460153579711914e+00,-1.021551489830017090e+00,-1.538694262504577637e+00,-2.135348170995712280e-01,1.911708354949951172e+00,3.707977533340454102e+00
-8.539844155311584473e-01,-2.690721035003662109e+00,-1.731628060340881348e+00,-4.653958082199096680e-01,-1.652351856231689453e+00,1.123390197753906250e+00,-5.426489561796188354e-02,-2.159114360809326172e+00,3.556639194488525391e+00,1.337537527084350586e+00,1.148047351837158203e+01,6.177587509155273438e-01,6.491022109985351562e-01,-3.589950799942016602e-01,-9.043556451797485352e-01,-5.372646450996398926e-01,-1.339021801948547363e+00,-2.132415473461151123e-01,5.401180982589721680e-01,-1.389518737792968750e+00,-1.050918579101562500e+00,-2.007919549942016602e+00,-1.683853507041931152e+00,-1.825196504592895508e+00,1.458102017641067505e-01,-2.583891630172729492e+00,1.822952985763549805e+00,-5.542240738868713379e-01,8.813840895891189575e-02,2.379041671752929688e+00,2.731672763824462891e+00,4.911269664764404297e+00,-1.734684944152832031e+00,1.850607037544250488e+00,2.911485433578491211e-01,-1.134687781333923340e+00,-5.666297078132629395e-01,2.183328568935394287e-01,-1.682021141052246094e+00,5.654222965240478516e-01,-9.619925022125244141e-01,-6.024104356765747070e-01,1.660700678825378418e+00,-9.551439285278320312e-01,4.719339370727539062e+00,-1.663163900375366211e+00,-1.021488547325134277e+00,-1.341500520706176758e+00,2.330914735794067383e+00,-7.513719797134399414e-01,-2.954965114593505859e+00,-2.554288625717163086e+00,1.681836724281311035e+00,9.556021690368652344e-01,6.892487406730651855e-01,-2.595195055007934570e+00,-9.462255239486694336e-01,-1.042171716690063477e+00,-2.314639091491699219e+00,-2.548798084259033203e+00,-1.886290311813354492e+00,-1.493340849876403809e+00,1.316201090812683105e+00,-2.844828605651855469e+00,8.552219867706298828e-01,1.360875129699707031e+00,6.234629631042480469e+00,-1.996592283248901367e+00,-2.532400608062744141e+00,5.299036979675292969e+00,-1.236817717552185059e+00,5.211557745933532715e-01,-1.216949939727783203e+00,-1.016086816787719727e+00,8.713663369417190552e-02,-2.644542217254638672e+00,-3.394066333770751953e+00,2.238665819168090820e+00,2.738906860351562500e+00,-2.518860101699829102e-01,8.616098761558532715e-01,-1.194656193256378174e-01,-1.411695361137390137e+00,1.454879045486450195e-01,-1.878680706024169922e+00,-2.464632540941238403e-01,-4.556859016418457031e+00,-1.026536464691162109e+00,-1.543357729911804199e+00,1.632525622844696045e-01,3.854431867599487305e+00,-1.242699027061462402e+00,-3.051088094711303711e+00,-2.236187696456909180e+00,-7.062976360321044922e-01,2.000757694244384766e+00,-4.098546981811523438e+00,-1.984203696250915527e+00,4.090105533599853516e+00,3.213969469070434570e+00
4.401438534259796143e-01,-1.493521779775619507e-01,-2.082220911979675293e-01,-1.064316391944885254e+00,1.388039779663085938e+01,1.240628480911254883e+00,2.230754852294921875e+00,8.356658816337585449e-01,2.407925575971603394e-01,-3.698733747005462646e-01,-9.969393908977508545e-02,1.685859918594360352e+00,-2.650205850601196289e+00,1.286126375198364258e+00,2.237634181976318359e+00,2.435356140136718750e+00,-1.519541859626770020e+00,2.378163337707519531e+00,-2.957663297653198242e+00,-1.699170097708702087e-02,4.055039286613464355e-01,-8.442034721374511719e-01,5.041223764419555664e-01,2.190334320068359375e+00,1.652082920074462891e+00,1.183818094432353973e-02,-1.242373824119567871e+00,-2.425788402557373047e+00,1.572641134262084961e+00,-6.709518283605575562e-02,1.475393176078796387e+00,1.603416562080383301e+00,1.389193981885910034e-01,-8.517408370971679688e-01,8.785887360572814941e-01,4.815990626811981201e-01,-2.659660100936889648e+00,1.656601205468177795e-03,-5.651539802551269531e+00,-1.650465607643127441e+00,1.148174166679382324e+00,-8.683528900146484375e-01,-1.175608992576599121e+00,5.243040919303894043e-01,1.507261157035827637e+00,2.308561325073242188e+00,-2.271081686019897461e+00,-1.109250545501708984e+00,-2.270073175430297852e+00,-3.047139883041381836e+00,-2.231082201004028320e+00,4.566645026206970215e-01,5.140461444854736328e+00,1.653332233428955078e+00,-3.674512386322021484e+00,4.639812409877777100e-01,-9.031953811645507812e-01,5.195624232292175293e-01,2.893067359924316406e+00,-1.955557107925415039e+00,-1.104114055633544922e+00,-1.820854663848876953e+00,2.865750528872013092e-02,-3.629196643829345703e+00,-2.694761991500854492e+00,-1.685666799545288086e+00,-3.283048868179321289e+00,7.722203135490417480e-01,-4.083986759185791016e+00,-2.530645132064819336e+00,1.272733211517333984e+00,1.598472833633422852e+00,-8.546360135078430176e-01,2.887888669967651367e+00,1.194539308547973633e+00,-2.127920389175415039e+00,-2.067315727472305298e-01,-1.099547624588012695e+00,-2.762340545654296875e+00,1.833908677101135254e+00,-8.831536173820495605e-01,3.248622715473175049e-01,-1.867872774600982666e-01,-3.279298305511474609e+00,1.739820003509521484e+00,-1.006400585174560547e+00,-5.776587724685668945e-01,1.486747741699218750e+00,2.241740226745605469e+00,8.543056249618530273e-01,-8.030048012733459473e-01,1.947329491376876831e-01,-4.975146949291229248e-01,-2.253879785537719727e+00,3.399133682250976562e-01,-1.518050789833068848e+00,5.329239845275878906e+00,-2.085454016923904419e-01,-2.601916790008544922e+00,4.230142831802368164e-01
9.833676815032958984e-01,-2.441219568252563477e+00,-1.691107988357543945e+00,2.322534322738647461e+00,-1.602673292160034180e+00,3.401750087738037109e+00,-2.566682100296020508e+00,-7.902790904045104980e-01,9.279804825782775879e-01,3.573074638843536377e-01,3.415729999542236328e+00,3.264999151229858398e+00,1.716924458742141724e-01,-4.887995123863220215e-01,-7.801151275634765625e-01,-3.089404821395874023e+00,-3.400803357362747192e-02,-3.689575195312500000e+00,3.631891727447509766e+00,8.237316608428955078e-01,-1.530675292015075684e+00,-1.854325771331787109e+00,-8.121761083602905273e-01,-9.554802179336547852e-01,8.745752274990081787e-02,-1.866884589195251465e+00,4.593061283230781555e-02,-1.425933688879013062e-01,-1.131536602973937988e+00,1.889765620231628418e+00,3.659297704696655273e+00,2.126803874969482422e+00,-1.085749387741088867e+00,6.085995674133300781e+00,-1.515294462442398071e-01,-2.227910280227661133e+00,2.684773921966552734e+00,6.990303993225097656e-01,3.616440892219543457e-01,-1.035682916641235352e+00,-8.552546501159667969e-01,-1.903261899948120117e+00,1.964810192584991455e-01,1.406745433807373047e+00,2.734423637390136719e+00,-1.893631219863891602e+00,-3.248975038528442383e+00,-3.274095773696899414e+00,1.988615274429321289e+00,-5.419729351997375488e-01,-1.858628630638122559e+00,-4.343903064727783203e-01,-5.956553816795349121e-01,-3.074656426906585693e-01,-8.840040117502212524e-02,-2.463625669479370117e+00,-9.306207895278930664e-01,-8.349491357803344727e-01,-4.446002960205078125e+00,-1.117508292198181152e+00,-2.232580184936523438e-01,-1.373782634735107422e+00,-1.454658865928649902e+00,9.812415838241577148e-01,-1.432143926620483398e+00,4.436419963836669922e+00,5.912683486938476562e+00,-7.783945798873901367e-01,-3.499833583831787109e+00,9.427224993705749512e-01,-1.458338379859924316e+00,2.610655069351196289e+00,-1.384795665740966797e+00,-6.912705302238464355e-01,-2.208055973052978516e+00,-2.793609619140625000e+00,-2.251899003982543945e+00,2.098219633102416992e+00,2.973317146301269531e+00,-2.392100334167480469e+00,1.914528489112854004e+00,4.358240962028503418e-01,-2.564024925231933594e+00,-1.282542586326599121e+00,-2.954814195632934570e+00,6.417461633682250977e-01,-4.103915214538574219e+00,-3.481818199157714844e+00,-1.501721620559692383e+00,2.313925266265869141e+00,2.942520380020141602e-01,-5.352595448493957520e-01,-2.834470987319946289e+00,-1.551765322685241699e+00,-4.708537459373474121e-01,9.683327674865722656e+00,-2.088968992233276367e+00,-1.684638619422912598e+00,2.827079772949218750e+00,1.716741323471069336e+00
-1.854460090398788452e-01,3.489868342876434326e-01,-1.070909500122070312e+00,1.223267793655395508e+00,-1.701114773750305176e-01,-1.861110031604766846e-01,3.097485542297363281e+00,-2.250665426254272461e+00,-2.823421955108642578e+00,5.343700408935546875e+00,-4.257035553455352783e-01,9.272120594978332520e-01,1.799958825111389160e+00,-1.081161975860595703e+00,-7.312211990356445312e-01,-1.603358983993530273e+00,-6.651017665863037109e-01,-1.237398386001586914e+00,-2.143601894378662109e+00,4.045009136199951172e+00,2.472292900085449219e+00,-1.130325913429260254e+00,1.442279219627380371e-01,-6.443546414375305176e-01,-2.056691169738769531e+00,2.769947290420532227e+00,1.534344851970672607e-01,-1.317182630300521851e-01,2.046209573745727539e+00,-1.895560622215270996e-01,1.032879829406738281e+00,6.272942066192626953e+00,3.816047310829162598e-01,-6.406748890876770020e-01,1.694731831550598145e+00,-3.278532743453979492e+00,-2.078426599502563477e+00,7.995194941759109497e-02,1.679963946342468262e+00,-4.713484644889831543e-02,-1.626524925231933594e+00,5.566243648529052734e+00,1.227910804748535156e+01,-1.922404170036315918e+00,-9.574922919273376465e-01,-7.338854670524597168e-01,-1.332834124565124512e+00,6.513732910156250000e+00,-5.560421347618103027e-01,-2.829819321632385254e-01,-1.174167990684509277e+00,-3.298037767410278320e+00,-1.203432917594909668e+00,1.405752658843994141e+00,-2.067865133285522461e+00,-2.120706796646118164e+00,2.894204139709472656e+00,1.728556394577026367e+00,-1.075146913528442383e+00,-1.857950687408447266e+00,-2.559621334075927734e-01,2.883729696273803711e+00,8.320245146751403809e-01,-1.964648008346557617e+00,-8.677885532379150391e-01,1.650259852409362793e+00,1.931151032447814941e+00,1.153323575854301453e-01,-1.121785640716552734e+00,5.788861513137817383e-01,-3.312934935092926025e-02,2.221804112195968628e-01,-1.573123693466186523e+00,-1.265980124473571777e+00,-2.796216905117034912e-01,-2.591529190540313721e-01,-4.003441333770751953e+00,2.031121730804443359e+00,6.822209954261779785e-01,-9.063883423805236816e-01,2.320593148469924927e-01,-1.275580763816833496e+00,-1.655493617057800293e+00,2.343693494796752930e+00,4.405145347118377686e-01,1.502683401107788086e+00,-1.527828693389892578e+00,-1.587170362472534180e-01,9.954212307929992676e-01,-4.004716277122497559e-01,-8.230260759592056274e-02,3.257370591163635254e-01,-1.258495211601257324e+00,-7.837494611740112305e-01,-2.815214395523071289e+00,2.610377073287963867e-01,-2.513318061828613281e+00,-3.220447897911071777e-01,1.876320958137512207e+00,1.388605952262878418e+00
-8.186994791030883789e-01,1.802736043930053711e+00,1.189123988151550293e+00,-8.327729105949401855e-01,-9.705422520637512207e-01,-2.125383853912353516e+00,-1.389480829238891602e+00,2.030620574951171875e+00,4.749949455261230469e+00,2.132590055465698242e+00,1.554890394210815430e+00,1.382969021797180176e+00,-1.311241626739501953e+00,1.740470409393310547e+00,1.698639869689941406e+00,1.235183596611022949e+00,-2.278975099325180054e-01,5.594778537750244141e+00,-3.266306638717651367e+00,-1.902972102165222168e+00,9.137422442436218262e-01,-3.069743871688842773e+00,-1.210076332092285156e+00,-3.271361112594604492e+00,9.277422428131103516e-01,-1.026671528816223145e+00,-1.377629518508911133e+00,8.153522491455078125e+00,-1.339926719665527344e+00,-7.420024275779724121e-01,2.821298360824584961e+00,1.732295870780944824e+00,-2.009412288665771484e+00,-2.891710281372070312e+00,-1.352410554885864258e+00,4.855779409408569336e-01,1.563973665237426758e+00,3.383616507053375244e-01,-1.060069084167480469e+00,-1.629378646612167358e-01,2.896867275238037109e+00,4.100638628005981445e-01,-3.957248628139495850e-01,-3.131536722183227539e+00,1.226026535034179688e+00,1.686452984809875488e+00,-2.198120117187500000e+00,-2.520797967910766602e+00,-3.029786944389343262e-01,-3.256687164306640625e+00,-4.351712226867675781e+00,-4.686970233917236328e+00,6.298966884613037109e+00,4.655992984771728516e+00,-2.701847553253173828e+00,-1.708994150161743164e+00,-6.695596873760223389e-02,2.165181875228881836e+00,3.821132779121398926e-01,-7.913234233856201172e-01,-1.972172737121582031e+00,2.631495475769042969e+00,1.994176626205444336e+00,-2.176906108856201172e+00,-8.373439908027648926e-01,7.532728314399719238e-01,-5.192859172821044922e-01,-1.139362603425979614e-01,-5.364317893981933594e+00,1.245482087135314941e+00,-1.183278441429138184e+00,-2.665930271148681641e+00,-1.594791054725646973e+00,3.104432106018066406e+00,1.194125652313232422e+00,-8.880137801170349121e-01,-3.126351237297058105e-01,1.711684703826904297e+00,-1.810188293457031250e+00,-6.396651864051818848e-01,-2.504245519638061523e+00,-2.977051496505737305e+00,-8.731377124786376953e-01,7.049879431724548340e-01,1.810506433248519897e-01,-2.846613883972167969e+00,-3.524671316146850586e+00,-3.029541492462158203e+00,-2.561252117156982422e+00,2.345610380172729492e+00,2.136440992355346680e+00,-1.499233603477478027e+00,-4.069680213928222656e+00,-1.184934496879577637e+00,-2.690083906054496765e-02,-2.620362758636474609e+00,-3.103334665298461914e+00,6.866409182548522949e-01,-1.081893086433410645e+00,2.554873466491699219e+00
-4.191175401210784912e-01,2.082926273345947266e+00,2.614378452301025391e+00,-9.989636540412902832e-01,1.280018687248229980e-01,7.297136783599853516e-01,-3.609599113464355469e+00,3.489299714565277100e-01,1.912194728851318359e+00,2.676326274871826172e+00,2.980918884277343750e-01,4.167118370532989502e-01,-1.052386879920959473e+00,2.946125030517578125e+00,-5.500352978706359863e-01,-2.183549404144287109e+00,-2.168353080749511719e+00,-3.227396607398986816e-01,-6.894426420331001282e-03,-3.415225267410278320e+00,8.230304121971130371e-01,1.203289151191711426e+00,-2.599759340286254883e+00,-1.179361820220947266e+00,-1.572761893272399902e+00,-4.316514730453491211e-01,-1.642284393310546875e+00,-1.938223987817764282e-01,-4.893507957458496094e-01,-3.561067104339599609e+00,-2.126147270202636719e+00,-1.064583659172058105e+00,-7.398693561553955078e-01,9.564691781997680664e-02,-4.645388424396514893e-01,-2.137653112411499023e+00,1.835027575492858887e+00,-8.739263415336608887e-01,-1.668348193168640137e+00,-1.430874347686767578e+00,3.570270299911499023e+00,-1.109131574630737305e+00,-2.181725740432739258e+00,-2.710294246673583984e+00,2.221754074096679688e+00,-2.182407617568969727e+00,-1.679121851921081543e+00,-1.185438513755798340e+00,4.989325523376464844e+00,2.109165638685226440e-01,-3.298663616180419922e+00,-2.905888080596923828e+00,3.342064857482910156e+00,3.469612598419189453e+00,-1.736784338951110840e+00,-1.509716987609863281e+00,3.177087783813476562e+00,1.263658618927001953e+01,-8.941867947578430176e-01,4.051174640655517578e+00,1.708806753158569336e+00,1.660164833068847656e+00,-2.466573379933834076e-02,2.800330400466918945e+00,-1.623597025871276855e+00,-4.743617475032806396e-01,-8.168222308158874512e-01,-5.597453117370605469e-01,-6.553829908370971680e-01,4.666346311569213867e-01,-5.910871028900146484e-01,-1.390909671783447266e+00,-1.825180649757385254e+00,1.574739694595336914e+00,1.564677715301513672e+00,2.255311250686645508e+00,-3.487088441848754883e+00,7.272246360778808594e+00,2.238499224185943604e-01,-1.128354072570800781e+00,3.154018640518188477e+00,-2.631921291351318359e+00,-1.249877691268920898e+00,7.839812636375427246e-01,-8.369525671005249023e-01,-3.095380365848541260e-01,-2.628396987915039062e+00,-3.474043607711791992e+00,-9.531660079956054688e-01,3.823587656021118164e+00,3.722505569458007812e-01,-2.264086157083511353e-01,-1.163939118385314941e+00,1.134879291057586670e-01,-6.007344126701354980e-01,-1.347573041915893555e+00,-2.237394332885742188e+00,-1.730610877275466919e-01,-6.231830120086669922e-01,-1.022974491119384766e+00
1.342225432395935059e+00,-1.062189221382141113e+00,-2.508836030960083008e+00,-1.250971913337707520e+00,-8.294513821601867676e-01,8.497306704521179199e-01,-1.391749978065490723e+00,-6.814817786216735840e-01,2.033466577529907227e+00,3.387341201305389404e-01,1.370614886283874512e+00,5.950033664703369141e-01,2.161583900451660156e+00,-1.322713017463684082e+00,-8.028360605239868164e-01,-2.029982566833496094e+00,-6.304846405982971191e-01,-3.008343935012817383e+00,-1.106664299964904785e+00,1.451296091079711914e+00,-3.142935931682586670e-01,-4.186079978942871094e+00,2.822344064712524414e+00,-1.588778853416442871e+00,-1.231914520263671875e+00,-4.343300163745880127e-01,-1.616877198219299316e+00,1.592478036880493164e+00,-1.064050272107124329e-01,9.157061576843261719e+00,1.132037043571472168e+00,5.659896850585937500e+00,-8.929878473281860352e-01,5.051177740097045898e-01,-2.340197324752807617e+00,-3.026767492294311523e+00,-1.702879309654235840e+00,2.133316040039062500e+00,5.611991286277770996e-01,4.895827770233154297e+00,-1.275332450866699219e+00,5.333928465843200684e-01,6.709309577941894531e+00,2.257917642593383789e+00,5.265467762947082520e-01,-1.014402136206626892e-02,-2.937743902206420898e+00,-4.844963252544403076e-01,-1.214864969253540039e+00,-1.548642039299011230e+00,-2.019715547561645508e+00,-1.985702395439147949e+00,-2.577868755906820297e-03,5.292043089866638184e-01,6.445611000061035156e+00,-3.622734308242797852e+00,2.847432494163513184e-01,-2.362170696258544922e+00,-9.360059499740600586e-01,-1.569926381111145020e+00,-1.209844589233398438e+00,-2.139271020889282227e+00,-1.450652956962585449e+00,-2.303956508636474609e+00,-2.034123897552490234e+00,4.246101677417755127e-01,4.020668506622314453e+00,1.517666280269622803e-01,-2.208924770355224609e+00,1.202507853507995605e+00,-2.628003656864166260e-01,9.244964599609375000e+00,-2.732853412628173828e+00,-5.121276378631591797e-01,-1.551217436790466309e+00,-2.138572931289672852e+00,-2.295461416244506836e+00,-5.942876636981964111e-02,1.196856141090393066e+00,-1.045971155166625977e+00,9.841594099998474121e-01,-3.112302064895629883e+00,6.226052716374397278e-02,9.056343138217926025e-02,3.194603621959686279e-01,-2.064187377691268921e-01,-3.564436912536621094e+00,-4.437563121318817139e-01,2.018959283828735352e+00,-1.319700360298156738e+00,6.833405792713165283e-02,1.758607745170593262e+00,-2.151026248931884766e+00,-2.543036699295043945e+00,6.611874103546142578e-01,2.906113624572753906e+00,-2.160464286804199219e+00,-1.564781069755554199e+00,3.453597307205200195e+00,1.507175564765930176e+00
1.886553764343261719e+00,1.260793656110763550e-01,-2.805201411247253418e-01,5.169610977172851562e+00,-1.024062633514404297e+00,6.175866723060607910e-01,-7.052779793739318848e-01,-1.474210143089294434e+00,-7.917077541351318359e-01,1.043396472930908203e+00,-2.535670518875122070e+00,2.900725364685058594e+00,-1.102505922317504883e+00,-1.913344979286193848e+00,2.787574052810668945e+00,-4.172095298767089844e+00,2.072936296463012695e+00,-4.121481418609619141e+00,3.485885858535766602e-01,9.768730998039245605e-01,5.813390612602233887e-01,-1.304872155189514160e+00,-8.646890521049499512e-01,-2.719176769256591797e+00,-2.064269781112670898e+00,-2.757350206375122070e+00,-2.031470090150833130e-01,1.150371909141540527e+00,1.391498804092407227e+00,-1.724786162376403809e+00,3.675137996673583984e+00,4.352008819580078125e+00,-1.069087982177734375e+00,-2.050874084234237671e-01,2.044202804565429688e+00,-3.524620532989501953e+00,1.295665383338928223e+00,1.664070338010787964e-01,1.228309988975524902e+00,-2.031448841094970703e+00,-5.920547842979431152e-01,-1.523958206176757812e+00,1.816881000995635986e-01,-9.151938557624816895e-01,-1.139753460884094238e+00,1.047880649566650391e+00,-2.341703414916992188e+00,-1.403642177581787109e+00,4.047680377960205078e+00,-6.665415763854980469e-01,-3.382820129394531250e+00,-1.650984883308410645e+00,-1.726356267929077148e+00,1.249500393867492676e+00,-2.002018392086029053e-01,-3.050746440887451172e+00,2.241853475570678711e+00,8.923324346542358398e-01,-2.195544719696044922e+00,1.735347628593444824e+00,-1.094975948333740234e+00,2.680178642272949219e+00,-1.552538633346557617e+00,1.053757786750793457e+00,-9.892248362302780151e-02,1.075610828399658203e+01,1.388684988021850586e+00,-2.965344429016113281e+00,-2.362659454345703125e+00,-8.787475228309631348e-01,-2.438364028930664062e+00,-7.499571144580841064e-02,1.632320761680603027e+00,2.981492578983306885e-01,-3.012810230255126953e+00,-1.652943849563598633e+00,-3.294352531433105469e+00,-7.240295410156250000e-01,3.386978864669799805e+00,-1.870514392852783203e+00,-1.828027248382568359e+00,6.735907495021820068e-02,-2.671717882156372070e+00,-1.374311804771423340e+00,-1.282335400581359863e+00,1.343195676803588867e+00,-2.867872714996337891e+00,-2.264167070388793945e+00,1.390753835439682007e-01,3.490185976028442383e+00,-2.353276968002319336e+00,5.734864473342895508e-01,-1.535890817642211914e+00,8.460318446159362793e-01,-7.223041057586669922e-01,4.554383754730224609e+00,-2.287200927734375000e+00,1.809407472610473633e+00,-1.112425923347473145e-01,4.385997295379638672e+00
-4.496251642704010010e-01,1.473649263381958008e+00,2.682105779647827148e+00,6.795404106378555298e-02,-1.427138686180114746e+00,-2.679049074649810791e-01,-2.382191419601440430e+00,2.121037542819976807e-01,7.607089728116989136e-02,2.186673164367675781e+00,-1.486302137374877930e+00,1.162320971488952637e+00,3.033389568328857422e+00,-1.302455663681030273e+00,-2.020498991012573242e+00,-4.714210510253906250e+00,8.487864136695861816e-01,-1.324642539024353027e+00,-2.075211763381958008e+00,-1.394835352897644043e+00,5.371380448341369629e-01,-6.127470135688781738e-01,-1.748992949724197388e-01,-5.983999371528625488e-01,-3.013182878494262695e+00,-5.487996339797973633e-01,-1.677947044372558594e+00,-1.733512878417968750e-01,2.201236486434936523e+00,-2.618516683578491211e+00,-6.624317765235900879e-01,2.769640922546386719e+00,-1.924366116523742676e+00,-2.473850727081298828e+00,-1.131555289030075073e-01,-1.924010515213012695e+00,1.032152414321899414e+00,-8.522008657455444336e-01,1.272675037384033203e+00,-1.956767678260803223e+00,2.962348937988281250e+00,-5.419737100601196289e-01,-1.245132923126220703e+00,-1.304822087287902832e+00,-4.946656227111816406e-01,4.894235730171203613e-01,-1.852285027503967285e+00,-1.708962082862854004e+00,1.167623043060302734e+01,-1.420875549316406250e+00,-4.144165039062500000e+00,-3.141846656799316406e+00,-3.634414374828338623e-01,1.276380062103271484e+00,1.602100610733032227e+00,-2.741802453994750977e+00,3.480163335800170898e+00,4.238505840301513672e+00,-1.634778618812561035e+00,4.789531707763671875e+00,7.269732356071472168e-01,3.210173368453979492e+00,3.230907320976257324e-01,1.555960655212402344e+00,-2.657954454421997070e+00,1.335166454315185547e+00,3.349527120590209961e+00,-1.567788720130920410e+00,-2.217761993408203125e+00,2.090115696191787720e-01,-9.577371478080749512e-01,-1.874390363693237305e+00,7.579451203346252441e-01,1.749898910522460938e+00,-1.592898130416870117e+00,2.779574394226074219e+00,-4.408316612243652344e+00,4.128642380237579346e-02,5.581990242004394531e+00,3.420048654079437256e-01,-1.876784801483154297e+00,-2.564516544342041016e+00,-1.256540775299072266e+00,-1.978231430053710938e+00,-5.974642038345336914e-01,1.190521597862243652e+00,-3.068958997726440430e+00,-1.236935019493103027e+00,-2.199511528015136719e+00,3.031487941741943359e+00,-5.258656740188598633e-01,-6.363468170166015625e-01,-5.903165936470031738e-01,-2.037636518478393555e+00,-7.820850610733032227e-01,3.582274317741394043e-01,-2.564327478408813477e+00,3.158833265304565430e+00,-8.465071320533752441e-01,3.159722089767456055e-01
1.838229894638061523e+00,-2.570505380630493164e+00,-1.140363693237304688e+00,6.891601681709289551e-01,-1.320840418338775635e-01,-2.607637345790863037e-01,3.821505904197692871e-01,-1.746270179748535156e+00,1.239964246749877930e+00,-4.511713683605194092e-01,4.086280167102813721e-01,-5.488514304161071777e-01,-1.784728169441223145e+00,-2.993719577789306641e+00,2.554045677185058594e+00,2.757934033870697021e-01,-1.393462568521499634e-01,-2.862543106079101562e+00,-6.471984982490539551e-01,-5.016497373580932617e-01,4.200714528560638428e-01,-2.636596202850341797e+00,-2.279831647872924805e+00,-2.012552261352539062e+00,3.433899164199829102e+00,-3.965742111206054688e+00,1.199671554565429688e+01,5.610160827636718750e-01,1.262935400009155273e+00,2.693423330783843994e-01,8.227379798889160156e+00,3.344627618789672852e+00,-1.548213660717010498e-01,3.879935741424560547e-01,1.511467695236206055e+00,2.968533039093017578e+00,-2.927865684032440186e-01,-2.691210985183715820e+00,-5.663003325462341309e-01,-5.512156486511230469e-01,-2.434371948242187500e+00,-1.799771189689636230e-01,-1.716908365488052368e-01,4.066800594329833984e+00,-1.636428683996200562e-01,2.029962837696075439e-01,-4.507312178611755371e-01,3.845472633838653564e-01,1.743914484977722168e-01,-1.084970474243164062e+00,-3.937520265579223633e+00,-1.851991891860961914e+00,-6.897906064987182617e-01,-1.500724673271179199e+00,1.708996891975402832e-01,-4.238080501556396484e+00,-6.120130419731140137e-02,-1.896015167236328125e+00,8.121089935302734375e-01,-3.312195301055908203e+00,-1.850199460983276367e+00,8.426287770271301270e-02,-6.198536753654479980e-01,-1.801076650619506836e+00,6.351692676544189453e-01,4.131328582763671875e+00,2.760686278343200684e-01,-3.885829448699951172e+00,-1.697549104690551758e+00,5.506732940673828125e+00,-1.542959332466125488e+00,8.327649831771850586e-01,1.529159545898437500e+00,-5.355101823806762695e-01,3.290401399135589600e-01,-4.811354637145996094e+00,-1.102699160575866699e+00,-3.768522739410400391e-01,1.517214179039001465e+00,-2.192761898040771484e+00,-3.527638196945190430e+00,8.149611353874206543e-01,-1.053232431411743164e+00,1.268136739730834961e+00,4.239435493946075439e-01,-1.063905432820320129e-01,-2.448528528213500977e+00,1.121423125267028809e+00,-1.328452229499816895e+00,7.220646142959594727e-01,-7.521111965179443359e-01,-9.890151619911193848e-01,-3.010811090469360352e+00,-3.759624719619750977e+00,7.033964991569519043e-01,-1.546922326087951660e-01,-6.363945007324218750e-01,-1.314243674278259277e+00,-2.339183092117309570e-01,1.177595376968383789e+00
-6.354721784591674805e-01,-1.942191481590270996e+00,2.813177108764648438e+00,4.800010204315185547e+00,1.770576834678649902e+00,1.377828955650329590e+00,1.021226525306701660e+00,-2.041848897933959961e+00,-1.438754439353942871e+00,4.688131809234619141e+00,-2.361394643783569336e+00,7.534964084625244141e+00,-1.789372563362121582e+00,-2.098396778106689453e+00,1.115221261978149414e+00,-3.125520706176757812e+00,-5.160366892814636230e-01,9.445634484291076660e-01,-3.311094760894775391e+00,-2.321983337402343750e+00,3.778433084487915039e+00,-7.167748808860778809e-01,-2.492400169372558594e+00,-2.491987943649291992e+00,2.231512308120727539e+00,3.138568878173828125e+00,-5.497215315699577332e-02,-6.225074529647827148e-01,2.203415393829345703e+00,1.189238309860229492e+00,3.007893562316894531e+00,7.666104316711425781e+00,-6.640052199363708496e-01,2.587712764739990234e+00,-1.615080952644348145e+00,-1.948181629180908203e+00,-1.180960893630981445e+00,1.398748636245727539e+00,-1.375474214553833008e+00,-1.552161693572998047e+00,3.768959641456604004e-02,-6.922368407249450684e-01,1.479089260101318359e+00,-7.204254269599914551e-01,1.004135459661483765e-01,-3.961233794689178467e-01,-9.962035417556762695e-01,4.308193206787109375e+00,-8.955231308937072754e-01,-5.646551132202148438e+00,-3.166332960128784180e+00,-1.597064852714538574e+00,-1.660681843757629395e+00,-6.790884137153625488e-01,-3.263002395629882812e+00,3.953759074211120605e-01,-6.602182388305664062e-01,-2.368211984634399414e+00,2.005097150802612305e+00,9.831810593605041504e-01,6.220021247863769531e-01,6.907729506492614746e-01,3.194497346878051758e+00,-3.203175544738769531e+00,-1.455415725708007812e+00,4.404281616210937500e+00,-8.298853039741516113e-01,-3.906068205833435059e-01,-5.332162857055664062e+00,1.876569867134094238e+00,7.030951976776123047e-01,-1.474027752876281738e+00,-1.656187295913696289e+00,4.834957122802734375e-01,-1.101652264595031738e+00,-1.668001770973205566e+00,-3.137686014175415039e+00,1.879882574081420898e+00,2.140876531600952148e+00,1.076122522354125977e+00,-1.509920001029968262e+00,-1.206573963165283203e+00,-3.119094967842102051e-01,6.360263228416442871e-01,-1.170876145362854004e+00,-7.009326815605163574e-01,-5.016537666320800781e+00,2.258890867233276367e+00,3.573484122753143311e-01,7.754950523376464844e-01,-2.594643235206604004e-01,2.587820291519165039e+00,1.390522718429565430e+00,-2.815796852111816406e+00,5.568675994873046875e-01,-1.176860451698303223e+00,-1.610728979110717773e+00,-4.273149669170379639e-01,-1.208372950553894043e+00,2.726402521133422852e+00
3.073169946670532227e+00,-8.630117774009704590e-01,1.440046668052673340e+00,1.042552113533020020e+00,-2.783795073628425598e-02,9.202325940132141113e-01,-7.405347228050231934e-01,-3.057995796203613281e+00,-8.239653706550598145e-01,2.943376004695892334e-01,-4.064835011959075928e-01,4.025471687316894531e+00,3.115719258785247803e-01,-1.723024129867553711e+00,5.709910988807678223e-01,-1.602518200874328613e+00,-1.202928066253662109e+00,-7.141528129577636719e-01,9.246082305908203125e-01,-3.368702411651611328e+00,-1.097859978675842285e+00,-6.914789676666259766e-01,-7.612304091453552246e-01,4.959436953067779541e-01,1.360643267631530762e+00,-6.108423322439193726e-02,7.939534783363342285e-01,-1.153440833091735840e+00,3.642281532287597656e+00,1.892700642347335815e-01,1.892045736312866211e+00,4.431962966918945312e+00,-2.009021043777465820e+00,2.061999440193176270e-01,-3.386549353599548340e-01,-9.251043200492858887e-01,-1.149538636207580566e+00,-5.792376399040222168e-02,8.301522731781005859e-01,6.143013238906860352e-01,-1.221130013465881348e+00,-3.667135238647460938e+00,-1.583680629730224609e+00,-9.385690093040466309e-01,-3.023421168327331543e-01,-1.007586359977722168e+00,-2.651168823242187500e+00,1.636183977127075195e+00,-1.624609708786010742e+00,-4.366704225540161133e-01,-3.366468906402587891e+00,-1.903552889823913574e+00,-2.759558439254760742e+00,-3.355318009853363037e-01,-1.113825678825378418e+00,2.220602512359619141e+00,-1.478216767311096191e+00,-1.731663227081298828e+00,-2.831876873970031738e-01,1.243047475814819336e+00,-6.289429068565368652e-01,-1.000233143568038940e-01,4.608086585998535156e+00,-8.951551318168640137e-01,7.256801724433898926e-01,-1.809516847133636475e-01,9.631834626197814941e-01,-1.992991685867309570e+00,-3.736412525177001953e+00,2.514838218688964844e+00,4.040027260780334473e-01,2.954080887138843536e-02,-9.459620118141174316e-01,1.273607730865478516e+00,-3.541471958160400391e-01,-1.565113782882690430e+00,-2.543313264846801758e+00,6.309644579887390137e-01,1.030419349670410156e+01,-4.119753539562225342e-01,-1.662594199180603027e+00,-1.433188676834106445e+00,-2.143665552139282227e+00,7.068508148193359375e+00,-2.813856840133666992e+00,-1.473798155784606934e+00,-4.339724540710449219e+00,5.040772557258605957e-01,-2.606859207153320312e+00,3.113911628723144531e+00,-1.762737184762954712e-01,-7.952539920806884766e-01,-2.036843061447143555e+00,-3.611786842346191406e+00,1.959807425737380981e-01,-7.195231914520263672e-01,-9.461743831634521484e-01,8.212750554084777832e-01,-1.838663339614868164e+00,3.101517677307128906e+00
1.418337345123291016e+00,-1.275187969207763672e+00,3.285581827163696289e+00,5.713503360748291016e-01,1.883821964263916016e+00,-1.499433517456054688e+00,2.334964752197265625e+00,-1.850966095924377441e+00,-9.052841067314147949e-01,5.316101908683776855e-01,-5.763072967529296875e-01,4.119273424148559570e-01,-9.954483509063720703e-01,1.543413549661636353e-01,-2.303586341440677643e-03,3.740739524364471436e-01,-3.109145879745483398e+00,5.492236614227294922e-01,-2.420281171798706055e+00,-3.620061874389648438e+00,4.850234985351562500e-01,-5.148068070411682129e-03,1.935197412967681885e-01,-2.826820850372314453e+00,2.933431863784790039e+00,-1.374667644500732422e+00,2.035477876663208008e+00,1.564323157072067261e-02,1.157581806182861328e+00,1.463512539863586426e+00,1.863314986228942871e+00,1.096804141998291016e+00,1.297522425651550293e+00,-1.680557847023010254e+00,-1.037834167480468750e+00,-3.396905660629272461e-01,-3.256343603134155273e+00,-1.799116283655166626e-01,-2.854883193969726562e+00,1.690354466438293457e+00,5.801454186439514160e-01,3.878730535507202148e-01,-1.447326779365539551e+00,1.405030488967895508e+00,-1.380092978477478027e+00,-1.753324866294860840e-01,-1.489361047744750977e+00,2.826501369476318359e+00,-1.457086443901062012e+00,-3.434312105178833008e+00,-2.300366878509521484e+00,-8.906691074371337891e-01,1.697655797004699707e+00,1.252666115760803223e+00,-1.872475266456604004e+00,-3.789628505706787109e+00,-6.830111742019653320e-01,-3.711269199848175049e-01,1.649790382385253906e+01,-2.992736399173736572e-01,2.177745580673217773e+00,-2.117739915847778320e+00,5.843850970268249512e-01,-2.288026809692382812e+00,-1.304481387138366699e+00,6.422368884086608887e-01,-1.980048060417175293e+00,-2.796941995620727539e+00,-4.677480220794677734e+00,-1.283447742462158203e+00,1.045564055442810059e+00,-1.357322186231613159e-01,-3.463405609130859375e+00,3.652001857757568359e+00,1.076417565345764160e+00,-1.093600392341613770e+00,-1.177472114562988281e+00,-1.198501229286193848e+00,-1.789077758789062500e+00,5.200246572494506836e-01,-3.998586416244506836e+00,-5.232807993888854980e-01,2.420850276947021484e+00,-7.851631045341491699e-01,1.951716899871826172e+00,-1.900896072387695312e+00,-1.228279352188110352e+00,8.940384387969970703e-01,4.589368104934692383e-01,2.519781589508056641e+00,-1.228073954582214355e+00,2.729571819305419922e+00,1.040955543518066406e+00,-8.820561170578002930e-01,1.869524240493774414e+00,-3.140276193618774414e+00,1.762227267026901245e-01,2.585628747940063477e+00,-5.751267075538635254e-01,-1.634039163589477539e+00
4.649776965379714966e-02,-2.375241219997406006e-01,-7.265413999557495117e-01,4.149546846747398376e-03,7.943347841501235962e-02,-4.131595790386199951e-01,2.248217105865478516e+00,-3.321258306503295898e+00,-1.563047885894775391e+00,5.266541957855224609e+00,-1.988926053047180176e+00,2.941141605377197266e+00,-6.417188644409179688e-01,-1.368287205696105957e+00,4.266908764839172363e-01,-2.767873764038085938e+00,-2.827036976814270020e-01,-1.637434720993041992e+00,-1.162991404533386230e+00,-1.761970281600952148e+00,1.504791140556335449e+00,-1.997748732566833496e+00,-3.192315101623535156e-01,-4.118063449859619141e-01,-1.665226101875305176e+00,4.106307506561279297e+00,4.952410459518432617e-01,2.279077291488647461e+00,1.128759384155273438e+00,1.325223803520202637e+00,2.503784179687500000e+00,1.404403686523437500e+01,-9.237845540046691895e-01,-1.298832416534423828e+00,-1.355173230171203613e+00,-1.746914029121398926e+00,-7.172794342041015625e-01,1.410031437873840332e+00,9.836593270301818848e-01,-2.178585290908813477e+00,-1.519849300384521484e+00,-8.690040558576583862e-02,1.220119297504425049e-01,-1.167699620127677917e-01,7.492712140083312988e-01,1.742450833320617676e+00,-1.002041101455688477e+00,3.176398515701293945e+00,-3.848854303359985352e-01,-3.830419778823852539e+00,-2.165173053741455078e+00,-1.067824721336364746e+00,2.074181474745273590e-02,-2.309003919363021851e-01,-1.152913451194763184e+00,-1.745870471000671387e+00,1.990248680114746094e+00,-2.342158079147338867e+00,-2.065207719802856445e+00,-4.805924594402313232e-01,1.837514340877532959e-01,8.125395178794860840e-01,9.336444735527038574e-01,-3.875682830810546875e+00,-1.868862986564636230e+00,1.324903726577758789e+00,1.581028819084167480e+00,-2.872079312801361084e-01,-3.314169168472290039e+00,6.166191101074218750e-01,2.870036363601684570e+00,6.750845909118652344e-01,-1.360511422157287598e+00,8.643647432327270508e-01,-7.635907530784606934e-01,4.285751283168792725e-02,-5.495784282684326172e+00,1.142439484596252441e+00,3.196169376373291016e+00,9.189715236425399780e-02,2.384370565414428711e+00,-3.336542129516601562e+00,-2.128284454345703125e+00,-1.660821028053760529e-02,-1.286401033401489258e+00,-9.888501465320587158e-02,-1.923889875411987305e+00,1.137103438377380371e+00,1.340847462415695190e-01,9.352299571037292480e-02,6.156289577484130859e-01,6.609335541725158691e-01,-2.840618133544921875e+00,-7.050096392631530762e-01,-1.841754436492919922e+00,7.620378136634826660e-01,-5.828810930252075195e-01,-1.915845751762390137e+00,-4.553095996379852295e-01,2.260469913482666016e+00
1.961166858673095703e+00,-5.283831804990768433e-02,1.657995462417602539e+00,-1.931042432785034180e+00,1.874285340309143066e+00,-6.488910913467407227e-01,1.309089541435241699e+00,-3.349572658538818359e+00,2.659334838390350342e-01,1.126962900161743164e+00,-2.091794759035110474e-01,2.911847352981567383e+00,-5.533125400543212891e-01,-1.754597187042236328e+00,1.064116597175598145e+00,-4.787936210632324219e-01,-4.905359148979187012e-01,-7.412630319595336914e-01,-2.736783742904663086e+00,-2.992648124694824219e+00,-2.765590548515319824e-01,-2.970544338226318359e+00,-2.030871152877807617e+00,-4.428148269653320312e-01,1.611506581306457520e+00,-2.545262336730957031e+00,1.141040802001953125e+00,-9.858133792877197266e-01,8.007302284240722656e+00,-4.888553619384765625e-01,1.208163142204284668e+00,6.724092006683349609e+00,-1.857955098152160645e+00,-2.135838985443115234e+00,1.067975521087646484e+00,-1.751918077468872070e+00,-1.754207849502563477e+00,-1.978455305099487305e+00,-4.449138641357421875e-01,2.006912708282470703e+00,-1.375351309776306152e+00,2.293187379837036133e-02,-8.543218970298767090e-01,-7.424380183219909668e-01,-2.091409206390380859e+00,-1.479754090309143066e+00,-2.441694498062133789e+00,3.737136840820312500e+00,-2.268450260162353516e+00,-9.506838321685791016e-01,-5.068164825439453125e+00,-4.206651687622070312e+00,-1.163174629211425781e+00,-6.333965659141540527e-01,-1.615159749984741211e+00,4.809113144874572754e-01,9.808119535446166992e-01,-2.623679637908935547e+00,2.790920972824096680e+00,-2.609091520309448242e+00,7.226234674453735352e-01,1.464635252952575684e+00,3.592857122421264648e+00,-4.325810432434082031e+00,3.146306276321411133e+00,-1.380858719348907471e-01,-1.728348851203918457e+00,-1.803607463836669922e+00,-2.554105281829833984e+00,3.856327772140502930e+00,3.884968280792236328e+00,-1.490845203399658203e+00,1.378422617912292480e+00,2.123334884643554688e+00,-6.953237056732177734e-01,-1.152824521064758301e+00,-3.811296701431274414e+00,-1.937995910644531250e+00,6.038202762603759766e+00,4.593971669673919678e-01,-1.566330432891845703e+00,-9.073518514633178711e-01,-2.902564048767089844e+00,4.038409233093261719e+00,-1.274102210998535156e+00,1.088156625628471375e-01,-4.413234233856201172e+00,1.743424415588378906e+00,-9.367133975028991699e-01,2.759064197540283203e+00,-2.892622351646423340e-01,-2.634006977081298828e+00,-6.738402843475341797e-01,-2.632717847824096680e+00,6.867111325263977051e-01,-1.215399146080017090e+00,-4.888750910758972168e-01,1.853672981262207031e+00,-4.741241335868835449e-01,6.710223197937011719e+00
-3.337039649486541748e-01,2.785589933395385742e+00,2.361644744873046875e+00,-1.082841277122497559e+00,7.927913665771484375e-01,1.457242012023925781e+00,-1.304241538047790527e+00,-2.795534610748291016e+00,-7.767325043678283691e-01,8.148770779371261597e-03,-3.787349462509155273e+00,-5.005707591772079468e-02,2.671880722045898438e+00,2.646089717745780945e-02,-1.926543712615966797e+00,-2.631120204925537109e+00,1.280089735984802246e+00,3.939816474914550781e+00,-3.055345773696899414e+00,-6.410195827484130859e-01,4.103580117225646973e-01,-7.604236006736755371e-01,1.173516154289245605e+00,-1.522899746894836426e+00,-1.976593494415283203e+00,3.377431869506835938e+00,-3.955133199691772461e+00,-1.290644645690917969e+00,1.077899694442749023e+00,-2.708830595016479492e+00,-1.624929904937744141e+00,1.106726169586181641e+00,-2.939999103546142578e-01,-2.059513330459594727e+00,-1.677385568618774414e+00,1.074944019317626953e+00,-1.870942711830139160e-01,-1.801402091979980469e+00,6.238754391670227051e-01,-1.790735006332397461e+00,1.026114940643310547e+00,-7.678901553153991699e-01,-1.299042105674743652e+00,-2.356309652328491211e+00,-6.558642387390136719e-01,-1.199529767036437988e+00,-2.604297161102294922e+00,1.498410254716873169e-01,7.436273097991943359e-01,-1.966273069381713867e+00,-2.269215583801269531e+00,-1.225844979286193848e+00,-1.158010840415954590e+00,-2.312281280755996704e-01,-5.187025666236877441e-01,8.392133712768554688e-01,1.765748262405395508e+00,2.514757633209228516e+00,8.940964341163635254e-01,1.921843886375427246e+00,2.976230859756469727e+00,2.984320402145385742e+00,2.031630992889404297e+00,1.999287128448486328e+00,-1.045667529106140137e+00,-1.256039738655090332e+00,-2.701861619949340820e+00,7.040747404098510742e-01,-1.799423098564147949e+00,-9.133846759796142578e-01,6.335590362548828125e+00,-1.766803145408630371e+00,5.829287692904472351e-03,5.033855438232421875e+00,-1.856947302818298340e+00,1.457151508331298828e+01,-3.960607290267944336e+00,3.747555613517761230e-01,2.588384151458740234e+00,1.128726840019226074e+00,5.378079414367675781e-01,-2.565712213516235352e+00,-3.269590139389038086e+00,-3.602573573589324951e-01,-1.889715194702148438e+00,-1.466379165649414062e+00,-3.812296867370605469e+00,8.385347127914428711e-01,-7.662984132766723633e-01,6.846855282783508301e-01,3.017482995986938477e+00,6.028883457183837891e-01,-1.956313133239746094e+00,1.219618678092956543e+00,-1.635158658027648926e-01,-9.617531895637512207e-01,1.104790270328521729e-01,3.563960194587707520e-01,-2.668668746948242188e+00,-9.845540523529052734e-01
4.318571567535400391e+00,1.131035327911376953e+00,4.506971836090087891e-01,-4.979885220527648926e-01,-5.525872707366943359e-01,6.362371146678924561e-02,-1.784890651702880859e+00,-1.674848079681396484e+00,-8.135704994201660156e-01,6.546939611434936523e-01,-2.524281024932861328e+00,2.720256328582763672e+00,3.203767299652099609e+00,-7.451955676078796387e-01,-6.610782444477081299e-02,-3.150460958480834961e+00,-1.323701262474060059e+00,-2.516432106494903564e-01,-1.703697443008422852e+00,-1.523839116096496582e+00,-2.351001977920532227e+00,-1.743803858757019043e+00,-3.736547529697418213e-01,-4.121775329113006592e-01,6.417067050933837891e-01,-1.299216270446777344e+00,-1.613068580627441406e+00,2.777087688446044922e-01,2.093225717544555664e+00,-3.461907804012298584e-01,2.862000703811645508e+00,2.617016077041625977e+00,5.370509624481201172e-02,-1.412975311279296875e+00,-9.271420538425445557e-02,-2.854578971862792969e+00,-1.382298111915588379e+00,-7.349499464035034180e-01,4.075079917907714844e+00,3.559016466140747070e+00,-3.091471493244171143e-01,-7.936447858810424805e-01,-1.513086676597595215e+00,-1.436433315277099609e+00,-2.697178602218627930e+00,-8.355450034141540527e-01,-5.068461894989013672e+00,8.062649965286254883e-01,-1.270264506340026855e+00,-9.994653463363647461e-01,-3.930726766586303711e+00,-4.505550384521484375e+00,-8.962755203247070312e-01,1.225112199783325195e+00,-1.322942972183227539e+00,-2.404709100723266602e+00,-1.833935856819152832e+00,-1.006416201591491699e+00,4.708335399627685547e+00,9.017503261566162109e-01,1.491200923919677734e+00,-2.007041215896606445e+00,-1.124099135398864746e+00,-1.078045368194580078e+00,-5.537980794906616211e-01,3.641318678855895996e-01,8.282541632652282715e-01,-2.121691703796386719e+00,-5.335813999176025391e+00,5.054547786712646484e-01,2.528880119323730469e+00,1.949037432670593262e+00,-1.490640044212341309e+00,4.139281272888183594e+00,5.981864333152770996e-01,7.309621572494506836e-02,-2.090739011764526367e+00,-1.554760634899139404e-01,3.868643522262573242e+00,5.004112124443054199e-01,-2.289786100387573242e+00,-3.208541870117187500e+00,-1.113031864166259766e+00,6.124485492706298828e+00,-2.062205314636230469e+00,4.287579357624053955e-01,-3.674857139587402344e+00,-2.337876081466674805e+00,-4.293676018714904785e-01,9.622221946716308594e+00,7.437847256660461426e-01,-2.267104536294937134e-01,-1.236806154251098633e+00,-2.077532529830932617e+00,-2.876411378383636475e-01,2.499793767929077148e+00,-1.669340252876281738e+00,2.171889066696166992e+00,7.815865278244018555e-01,1.123159527778625488e+00
7.282180786132812500e-01,-1.482087135314941406e+00,-7.705894708633422852e-01,3.763408362865447998e-01,-1.629583239555358887e-01,5.116374969482421875e+00,-2.834329843521118164e+00,-9.788346290588378906e-01,1.798121929168701172e+00,-1.210043311119079590e+00,-8.063939213752746582e-01,1.182011961936950684e+00,-2.118187904357910156e+00,1.322181373834609985e-01,-1.061608910560607910e+00,-3.098539352416992188e+00,-1.838078737258911133e+00,3.737344503402709961e+00,-1.287831306457519531e+00,1.347419500350952148e+00,-1.664038777351379395e+00,-1.952158927917480469e+00,-1.445894479751586914e+00,-2.392607688903808594e+00,9.472908973693847656e-01,-5.457057803869247437e-02,-7.646030187606811523e-01,1.338969349861145020e+00,2.811495363712310791e-01,5.818551182746887207e-01,1.485025048255920410e+00,2.072838783264160156e+00,-1.311318397521972656e+00,4.717947006225585938e+00,-4.159758985042572021e-01,-1.075403571128845215e+00,7.302094459533691406e+00,-2.096433192491531372e-01,-9.692795276641845703e-01,-3.515686273574829102e+00,-2.012282371520996094e+00,-9.255491495132446289e-01,-1.502147078514099121e+00,2.772726416587829590e-01,3.963530063629150391e+00,-1.497301816940307617e+00,-3.072882175445556641e+00,-1.528440237045288086e+00,1.286072731018066406e+00,-3.619355440139770508e+00,-2.963567733764648438e+00,-1.339443475008010864e-01,4.301575198769569397e-02,-1.997387766838073730e+00,-2.525992155075073242e+00,-1.450698226690292358e-01,1.062988162040710449e+00,4.715943634510040283e-01,-1.660227298736572266e+00,1.072188138961791992e+00,2.275729417800903320e+00,1.877637267112731934e+00,-1.987641096115112305e+00,1.006520271301269531e+00,-1.920797228813171387e+00,1.332019209861755371e+00,1.176724553108215332e+00,-8.276935666799545288e-02,-2.312541484832763672e+00,1.035107016563415527e+00,2.406823188066482544e-01,1.119902968406677246e+00,1.009876281023025513e-01,4.987936019897460938e+00,-1.038594007492065430e+00,-3.418756648898124695e-03,-3.261550426483154297e+00,3.240368068218231201e-01,1.834187626838684082e+00,-6.225965619087219238e-01,-1.445047378540039062e+00,-1.912170529365539551e+00,-3.196056127548217773e+00,-1.262402296066284180e+00,-4.097225189208984375e+00,-1.372830152511596680e+00,-3.861711740493774414e+00,-8.258661627769470215e-01,-1.493910074234008789e+00,1.021800637245178223e+00,9.005552291870117188e+00,-8.463582992553710938e-01,-4.350627899169921875e+00,-3.308406114578247070e+00,1.293181896209716797e+00,-2.819933891296386719e-01,-1.604828000068664551e+00,-1.715045422315597534e-01,1.020590066909790039e+00,-6.888018250465393066e-01
-1.108417734503746033e-01,4.056414961814880371e-01,-7.213475704193115234e-01,2.438626766204833984e+00,-3.071126699447631836e+00,2.237268447875976562e+00,-1.437251210212707520e+00,-5.201576232910156250e+00,4.248921573162078857e-01,1.467475414276123047e+00,-2.534127235412597656e+00,6.095869094133377075e-02,-9.728842973709106445e-01,-2.896729111671447754e-01,-2.026040792465209961e+00,-7.513512372970581055e-01,-2.409101486206054688e+00,-1.945392012596130371e+00,8.182787299156188965e-01,4.824470579624176025e-01,-7.202169299125671387e-01,-1.543342590332031250e+00,-1.946755051612854004e+00,-3.063969850540161133e+00,2.841046079993247986e-02,-2.783366441726684570e-01,-1.249449402093887329e-01,1.972261548042297363e+00,-1.222906708717346191e+00,-9.874870777130126953e-01,4.930668354034423828e+00,1.582743048667907715e+00,2.058173894882202148e+00,-2.914109826087951660e-01,-2.139302968978881836e+00,1.078559681773185730e-01,1.957955241203308105e+00,1.240579128265380859e+00,-1.317137122154235840e+00,-3.877663135528564453e+00,-5.579724311828613281e-01,-1.962827563285827637e+00,-1.490122675895690918e+00,1.117977723479270935e-01,-6.600537300109863281e-01,-2.946739792823791504e-01,-2.258839271962642670e-02,-7.770068645477294922e-01,-1.140790581703186035e+00,1.980079174041748047e+00,1.340263366699218750e+00,2.582467555999755859e+00,-3.285394012928009033e-01,2.206775918602943420e-02,-3.611663877964019775e-01,-1.621794462203979492e+00,2.283374786376953125e+00,3.278321921825408936e-01,-1.088204264640808105e+00,7.447664141654968262e-01,-2.094648599624633789e+00,-1.191380381584167480e+00,-1.890502929687500000e+00,2.355229854583740234e+00,2.875891923904418945e+00,5.588998317718505859e+00,2.091308593750000000e+00,-1.594644784927368164e+00,1.214016675949096680e+00,-1.323704272508621216e-01,-1.059153199195861816e+00,-1.337846875190734863e+00,-3.489259183406829834e-01,1.588339209556579590e+00,6.529180407524108887e-01,-4.003554582595825195e-02,-3.402394056320190430e+00,-1.959789693355560303e-01,-9.955917000770568848e-01,-1.602338194847106934e+00,5.380252361297607422e+00,-3.740804493427276611e-01,-2.332535028457641602e+00,-2.392118215560913086e+00,-2.652688026428222656e+00,-3.942217350006103516e+00,1.534540653228759766e+00,-3.086228370666503906e+00,-1.846112370491027832e+00,-2.158010005950927734e+00,-1.145721554756164551e+00,8.341485261917114258e-01,-3.578714847564697266e+00,1.121460056304931641e+01,-1.349031805992126465e+00,-4.518200159072875977e-01,3.675000905990600586e+00,-2.194375038146972656e+00,-8.995763063430786133e-01,1.570423364639282227e+00
1.609015464782714844e+00,-1.432860612869262695e+00,4.121635854244232178e-02,2.249014191329479218e-02,5.241376906633377075e-02,-1.670477151870727539e+00,-2.776803493499755859e+00,-8.729071021080017090e-01,-9.702462553977966309e-01,-1.991200447082519531e+00,-3.749568223953247070e+00,7.657068967819213867e-01,-7.551395297050476074e-01,-1.345023512840270996e+00,1.952248811721801758e+00,-1.403560757637023926e+00,3.969614803791046143e-01,2.918326854705810547e+00,-1.871597528457641602e+00,-1.393941640853881836e+00,1.170679092407226562e+00,9.199300765991210938e+00,-9.213001132011413574e-01,-1.875029325485229492e+00,7.201695919036865234e+00,1.958559989929199219e+00,6.425604820251464844e-01,1.585973739624023438e+00,3.048325479030609131e-01,-1.811817049980163574e+00,-3.632510900497436523e-01,-1.516209840774536133e+00,5.734609961509704590e-01,-9.406930804252624512e-01,-1.305461645126342773e+00,6.832801103591918945e-01,7.555539011955261230e-01,1.811089038848876953e+00,3.123951554298400879e-01,-2.935934066772460938e-01,-5.564869642257690430e-01,-4.421508908271789551e-01,-1.810498714447021484e+00,-3.039353609085083008e+00,-8.587768077850341797e-01,1.191352844238281250e+00,-3.148526430130004883e+00,5.313572287559509277e-01,-4.571870267391204834e-01,-3.354187488555908203e+00,-7.910803556442260742e-01,4.758306443691253662e-01,1.850509792566299438e-01,-1.750810265541076660e+00,-3.584071159362792969e+00,2.194413423538208008e+00,-2.733619213104248047e-01,2.108985558152198792e-02,2.017030477523803711e+00,1.123435115814208984e+01,2.500654458999633789e-01,1.213508248329162598e-01,-1.345769762992858887e+00,1.554128408432006836e+00,-1.545245170593261719e+00,1.866146177053451538e-02,2.593893744051456451e-02,-2.331141471862792969e+00,-4.696962356567382812e+00,-2.916432380676269531e+00,-1.046899914741516113e+00,2.411949187517166138e-01,-8.745181560516357422e-01,9.477299451828002930e-01,4.796744346618652344e+00,-1.268405079841613770e+00,-7.671088725328445435e-02,2.492368698120117188e+00,1.191229104995727539e+00,2.947401285171508789e+00,-4.322810173034667969e+00,-2.357341527938842773e+00,-4.700379371643066406e-01,6.320104598999023438e-01,1.856135964393615723e+00,-1.343301773071289062e+00,-1.462884664535522461e+00,-2.974266529083251953e+00,-5.969105362892150879e-01,2.288201808929443359e+00,-5.162575840950012207e-01,-8.712458014488220215e-01,-9.435230493545532227e-01,-1.882916837930679321e-01,-2.677130460739135742e+00,-1.084670066833496094e+00,-1.094815373420715332e+00,1.204062581062316895e+00,-7.092162966728210449e-01,-3.449759483337402344e+00
3.362528383731842041e-01,1.058182716369628906e+00,3.727271407842636108e-02,-2.197020053863525391e+00,1.168777847290039062e+01,3.740416526794433594e+00,-2.846277654170989990e-01,7.967506647109985352e-01,8.031713366508483887e-01,-1.245059728622436523e+00,1.105272695422172546e-01,6.655611991882324219e-01,-3.108411073684692383e+00,5.038687229156494141e+00,2.093922376632690430e+00,6.609559059143066406e-01,-1.187426567077636719e+00,1.371789813041687012e+00,-2.599598407745361328e+00,-7.883128523826599121e-01,1.274606347084045410e+00,-9.279795289039611816e-01,-9.823342412710189819e-02,7.318904399871826172e-01,1.518336176872253418e+00,-1.286132216453552246e+00,-1.380927443504333496e+00,-2.172901868820190430e+00,7.233234643936157227e-01,2.199563235044479370e-01,1.860287070274353027e+00,5.746659636497497559e-01,7.697939872741699219e-02,-2.083256721496582031e+00,3.338352739810943604e-01,-3.287018835544586182e-01,-7.248464822769165039e-01,-4.515480399131774902e-01,-6.617136955261230469e+00,-7.339648008346557617e-01,2.496701955795288086e+00,-1.216745018959045410e+00,-7.462953925132751465e-01,4.191606640815734863e-01,3.001816868782043457e-01,1.642257690429687500e+00,-3.729146480560302734e+00,-1.523065805435180664e+00,-2.112276405096054077e-01,-2.715987205505371094e+00,-3.633349657058715820e+00,-1.545949220657348633e+00,5.178894996643066406e+00,3.538506746292114258e+00,-2.162011146545410156e+00,-1.541090607643127441e+00,8.926603794097900391e-01,2.985161781311035156e+00,2.251718997955322266e+00,-9.237030744552612305e-01,1.117251873016357422e+00,-1.941699743270874023e+00,-1.296227574348449707e+00,-3.310150623321533203e+00,-3.473572254180908203e+00,-1.514846444129943848e+00,-3.019809246063232422e+00,-6.635023951530456543e-01,-5.311941623687744141e+00,-2.231149911880493164e+00,3.238293409347534180e+00,2.283549070358276367e+00,-7.692781090736389160e-02,3.021416425704956055e+00,1.019451379776000977e+00,-7.169616818428039551e-01,-2.001447916030883789e+00,6.297121047973632812e-01,-2.506109476089477539e+00,8.701072335243225098e-01,1.043964505195617676e+00,5.495687723159790039e-01,2.424177080392837524e-01,-2.801589012145996094e+00,2.993686914443969727e+00,-8.536198735237121582e-01,-2.262859821319580078e+00,-1.463516473770141602e+00,1.703548431396484375e+00,4.650142192840576172e+00,-1.046914815902709961e+00,1.354500651359558105e-01,-4.332316815853118896e-01,-1.346440315246582031e+00,-1.043586492538452148e+00,-5.863168239593505859e-01,3.025121450424194336e+00,-3.655172884464263916e-01,-2.690297126770019531e+00,6.252046823501586914e-01
-2.495224475860595703e-01,-1.843453198671340942e-02,-1.865308165550231934e+00,-1.152670741081237793e+00,-1.597240805625915527e+00,-7.238678932189941406e-01,-1.069640159606933594e+00,-3.230641365051269531e+00,5.753684997558593750e+00,1.242679476737976074e+00,1.075649833679199219e+01,8.723277449607849121e-01,3.719609677791595459e-01,3.018356561660766602e-01,-1.356983780860900879e+00,-1.570491671562194824e+00,-1.946588635444641113e+00,-1.338372826576232910e+00,3.493195533752441406e+00,-2.196616411209106445e+00,1.001326560974121094e+00,-1.573608160018920898e+00,-1.237794518470764160e+00,-1.491839051246643066e+00,-1.706333756446838379e+00,-2.690841436386108398e+00,6.672098636627197266e-01,-1.474610805511474609e+00,-4.957890510559082031e-01,1.132531166076660156e+00,1.945284247398376465e+00,2.405645847320556641e+00,-1.883289456367492676e+00,7.288891673088073730e-01,-1.101315021514892578e+00,-1.060727119445800781e+00,-5.038630962371826172e-01,-4.379207789897918701e-01,-2.153225183486938477e+00,4.182340502738952637e-01,1.665922880172729492e+00,-2.696772336959838867e+00,-6.461455225944519043e-01,-4.702051281929016113e-01,2.316772937774658203e+00,-1.075179576873779297e+00,-2.325758039951324463e-01,-1.651268362998962402e+00,1.130353689193725586e+00,1.060968756675720215e+00,-1.740846395492553711e+00,-8.696303963661193848e-01,4.650443077087402344e+00,1.845681190490722656e+00,4.460032880306243896e-01,-2.182403326034545898e+00,3.875040113925933838e-01,1.448193788528442383e+00,-2.496862649917602539e+00,-8.061485886573791504e-01,-2.342582941055297852e+00,-1.608660459518432617e+00,7.118092179298400879e-01,-1.563383102416992188e+00,4.716267585754394531e-01,3.906141966581344604e-02,4.775194168090820312e+00,-1.925151944160461426e+00,-3.843231201171875000e-01,3.288555622100830078e+00,-1.255193114280700684e+00,2.485703527927398682e-01,-1.274103283882141113e+00,-2.113427639007568359e+00,-1.422186970710754395e+00,-2.280161857604980469e+00,-4.311131954193115234e+00,2.288400411605834961e+00,3.583819389343261719e+00,-5.210142731666564941e-01,2.472204446792602539e+00,-4.547006264328956604e-02,-4.502515792846679688e-01,-3.810094892978668213e-01,-1.980281352996826172e+00,1.632877290248870850e-01,-4.071447849273681641e+00,-1.184655189514160156e+00,-3.588535070419311523e+00,3.393303453922271729e-01,1.344544768333435059e+00,-9.125629067420959473e-01,-1.964939117431640625e+00,-2.172851085662841797e+00,-7.767053246498107910e-01,4.186927676200866699e-01,-3.435186862945556641e+00,-6.949819326400756836e-01,2.108898401260375977e+00,3.624941349029541016e+00
2.063546329736709595e-01,4.875630736351013184e-01,1.939229607582092285e+00,3.513878881931304932e-01,-1.515104293823242188e+00,-2.264714956283569336e+00,-2.378071308135986328e+00,-1.828951239585876465e+00,-3.933147788047790527e-01,-1.955876350402832031e+00,-3.533507108688354492e+00,-5.097677111625671387e-01,8.928037285804748535e-01,-1.222401022911071777e+00,-6.719086766242980957e-01,-2.627274274826049805e+00,1.009877324104309082e+00,3.285802006721496582e-01,-7.856032252311706543e-01,-1.088608026504516602e+00,9.284589290618896484e-01,7.231683731079101562e+00,1.038723826408386230e+00,-2.657659292221069336e+00,-2.400169149041175842e-02,3.257112950086593628e-02,-1.557788729667663574e+00,1.860331147909164429e-01,8.816934227943420410e-01,-1.069172859191894531e+00,-6.951717138290405273e-01,-1.748297929763793945e+00,5.763026699423789978e-02,-2.238479375839233398e+00,-2.437601804733276367e+00,-1.346526861190795898e+00,7.376770973205566406e-01,2.661564111709594727e+00,7.678579688072204590e-01,-1.124609470367431641e+00,-8.189547061920166016e-01,-1.749389171600341797e+00,-2.459125757217407227e+00,-9.667587280273437500e-01,-1.508774012327194214e-01,2.972185373306274414e+00,-2.620562314987182617e+00,-6.574817895889282227e-01,8.401943445205688477e-01,-2.175115585327148438e+00,1.063184261322021484e+00,2.481010675430297852e+00,1.758297681808471680e-01,-2.314665555953979492e+00,-5.491166114807128906e-01,-2.453511357307434082e-01,1.791988968849182129e+00,4.743636846542358398e-01,5.572777986526489258e-02,1.660023307800292969e+01,8.217039704322814941e-01,-8.708196878433227539e-01,-2.257295608520507812e+00,3.565219640731811523e+00,-2.785788774490356445e+00,7.849332094192504883e-01,7.952887415885925293e-01,-2.014422178268432617e+00,-1.555591821670532227e+00,-2.694131612777709961e+00,-2.732589244842529297e+00,1.093387484550476074e+00,-1.212239027023315430e+00,2.981505692005157471e-01,-8.826568722724914551e-01,-4.580834209918975830e-01,-7.389321923255920410e-01,3.181086778640747070e+00,2.238969087600708008e+00,2.214726448059082031e+00,-3.037358760833740234e+00,-5.733317136764526367e-01,2.281134366989135742e+00,-2.175514698028564453e+00,3.866135358810424805e+00,-5.896345376968383789e-01,-8.768986463546752930e-01,-1.545799493789672852e+00,-1.227317929267883301e+00,1.418931007385253906e+00,-8.919416069984436035e-01,1.545518517494201660e+00,1.468592584133148193e-01,1.381923198699951172e+00,-1.944762587547302246e+00,-1.356107831001281738e+00,-1.936203360557556152e+00,3.025280714035034180e+00,-6.471833586692810059e-01,-3.033957004547119141e+00
-5.350054502487182617e-01,-1.329650878906250000e+00,-1.293509960174560547e+00,-8.586953282356262207e-01,-1.870729446411132812e+00,3.774859428405761719e+00,-1.975052237510681152e+00,-1.799041748046875000e+00,1.630895376205444336e+00,-9.298614859580993652e-01,8.989521861076354980e-01,1.854248762130737305e+00,1.381086111068725586e-01,1.196362972259521484e+00,-1.528358936309814453e+00,-2.310278892517089844e+00,-2.141055583953857422e+00,3.087606906890869141e+00,-2.092900037765502930e+00,-3.792349696159362793e-01,-1.107348084449768066e+00,-1.349067330360412598e+00,-2.311109542846679688e+00,-2.315516233444213867e+00,2.375773429870605469e+00,-2.247597090899944305e-02,-5.588763952255249023e-01,1.379451870918273926e+00,3.279472887516021729e-01,-1.430246829986572266e-01,7.555091977119445801e-01,2.986325979232788086e+00,-1.362216472625732422e+00,2.960720539093017578e+00,-3.524735867977142334e-01,-8.509544134140014648e-01,5.632315158843994141e+00,-2.202033519744873047e+00,-2.756646275520324707e-01,-1.782466053962707520e+00,-2.342941999435424805e+00,1.022342666983604431e-01,2.095797471702098846e-02,-1.266588330268859863e+00,9.236187934875488281e-01,-2.510993957519531250e+00,-1.499586701393127441e+00,-4.506077468395233154e-01,4.877413809299468994e-01,-2.681824922561645508e+00,-1.256859540939331055e+00,-6.547737121582031250e-02,-4.061354324221611023e-02,-2.348415851593017578e+00,-3.219269990921020508e+00,-2.321860343217849731e-01,1.023039817810058594e+00,-1.930736005306243896e-01,-1.200850486755371094e+00,1.423878908157348633e+00,2.959973573684692383e+00,2.648402929306030273e+00,-1.304704070091247559e+00,-4.525658786296844482e-01,7.385762333869934082e-01,8.592037558555603027e-01,2.521140575408935547e+00,-1.433050394058227539e+00,-1.499476552009582520e+00,4.879538536071777344e+00,1.042802333831787109e+00,1.711942851543426514e-01,-1.211539745330810547e+00,3.719485521316528320e+00,5.632896721363067627e-02,2.517901360988616943e-01,-5.338439464569091797e+00,5.203704833984375000e-01,3.050586700439453125e+00,3.020306527614593506e-01,6.866403222084045410e-01,-2.913122892379760742e+00,-3.953383684158325195e+00,1.330797821283340454e-01,-3.885741472244262695e+00,-1.027052283287048340e+00,-3.507118701934814453e+00,1.364905834197998047e-01,-1.343557000160217285e+00,-3.337893187999725342e-01,1.062400817871093750e+01,-2.294287919998168945e+00,-3.808127641677856445e+00,-2.710701704025268555e+00,-8.815870881080627441e-01,-3.236820697784423828e-01,-3.313949823379516602e+00,-2.655395269393920898e-01,4.130253791809082031e+00,-7.442206144332885742e-01
-1.736080646514892578e+00,-1.940959930419921875e+00,4.492762386798858643e-01,-1.157553911209106445e+00,-1.881446719169616699e+00,1.881179928779602051e+00,-7.704368233680725098e-01,1.200190000236034393e-02,-8.697768449783325195e-01,-2.275212287902832031e+00,-3.271063327789306641e+00,7.152156233787536621e-01,-1.492899775505065918e+00,4.293808341026306152e-01,-4.676055610179901123e-01,-1.305652260780334473e+00,2.537277698516845703e+00,-7.383038997650146484e-01,-2.430066347122192383e+00,-2.755982577800750732e-01,1.943864226341247559e-01,-1.186112880706787109e+00,-3.890436887741088867e-01,-1.814772486686706543e+00,2.271929025650024414e+00,-1.874799609184265137e+00,-1.186961889266967773e+00,1.015732735395431519e-01,5.400377511978149414e-01,9.422547817230224609e-01,-7.047396302223205566e-01,2.748466491699218750e+00,-9.266515374183654785e-01,-1.616343259811401367e+00,-2.563447475433349609e+00,-4.012072682380676270e-01,1.955969452857971191e+00,-7.329278588294982910e-01,5.442274808883666992e-01,-3.553591728210449219e+00,-2.495876550674438477e+00,8.229277133941650391e-01,-1.408825874328613281e+00,-1.116177082061767578e+00,-2.003334045410156250e+00,2.243066281080245972e-01,-7.559878826141357422e-01,1.502369999885559082e+00,-2.931378185749053955e-01,-8.876464366912841797e-01,-1.350596904754638672e+00,-1.595096468925476074e+00,-1.007869243621826172e+00,-3.100591421127319336e+00,-1.373628735542297363e+00,-2.620885848999023438e+00,1.047375202178955078e+00,-2.088805198669433594e+00,1.315242528915405273e+00,3.431664943695068359e+00,1.426642036437988281e+01,-2.198959887027740479e-01,-2.128293275833129883e+00,-2.014213323593139648e+00,-2.983553171157836914e+00,-1.506346344947814941e+00,3.868031501770019531e-02,-1.495210051536560059e+00,-3.665725946426391602e+00,-2.251525163650512695e+00,5.809169292449951172e+00,-1.167100310325622559e+00,-1.834556341171264648e+00,6.544471740722656250e+00,-1.765362977981567383e+00,1.068093180656433105e+00,-5.001944541931152344e+00,-3.524719476699829102e-01,1.472939133644104004e+00,2.388091325759887695e+00,-1.373005986213684082e+00,3.598247766494750977e+00,4.053545951843261719e+00,-2.460486173629760742e+00,-1.373200565576553345e-01,4.634709060192108154e-01,1.059854999184608459e-01,1.522567152976989746e+00,2.020609617233276367e+00,4.250113964080810547e+00,-1.717396080493927002e-01,6.493670344352722168e-01,-4.522984921932220459e-01,5.590634346008300781e-01,-2.875976562500000000e+00,-1.760613560676574707e+00,-9.459998011589050293e-01,7.520704269409179688e-01,7.920463085174560547e-01,-1.702247977256774902e+00
1.725073218345642090e+00,-4.265758693218231201e-01,-1.872508168220520020e+00,-2.166800260543823242e+00,6.655735969543457031e+00,3.591821432113647461e+00,1.733488440513610840e-01,-7.612236142158508301e-01,9.850838184356689453e-01,6.678459644317626953e-01,-6.605246067047119141e-01,-2.193978786468505859e+00,-1.357306957244873047e+00,-2.019857168197631836e+00,2.928074896335601807e-01,1.423916697502136230e+00,-2.440010070800781250e+00,-3.600126802921295166e-01,-2.892558813095092773e+00,2.610817670822143555e+00,-1.308806538581848145e+00,-2.967792034149169922e+00,5.296041369438171387e-01,-1.890994310379028320e+00,7.197999209165573120e-02,-1.119467467069625854e-01,-2.290209293365478516e+00,-2.118029832839965820e+00,3.027864217758178711e+00,6.836632490158081055e-01,-1.312622278928756714e-01,2.358807563781738281e+00,3.647542297840118408e-01,2.179090499877929688e+00,-2.609686255455017090e-01,-1.747765779495239258e+00,1.420862913131713867e+00,6.024596840143203735e-02,-1.045576930046081543e+00,1.764011085033416748e-01,-1.812543153762817383e+00,-3.441365659236907959e-01,1.301182150840759277e+00,4.573027133941650391e+00,1.147888600826263428e-01,2.202442735433578491e-01,-2.882666826248168945e+00,2.426014423370361328e+00,-1.668059468269348145e+00,-4.029782772064208984e+00,-2.487141132354736328e+00,-1.877459049224853516e+00,9.546214714646339417e-03,-2.127026319503784180e+00,-1.413045078516006470e-02,-2.937523841857910156e+00,3.790389001369476318e-01,-1.369674503803253174e-01,2.101735591888427734e+00,4.356675446033477783e-01,1.544370174407958984e+00,-3.497967123985290527e-01,-3.052897930145263672e+00,-5.651969909667968750e-01,-5.127255916595458984e-01,-8.069087266921997070e-01,-1.369418978691101074e+00,1.750739455223083496e+00,-3.940380096435546875e+00,4.338623285293579102e-01,5.014643192291259766e+00,1.178341770172119141e+01,3.215608596801757812e+00,1.981550604104995728e-01,-1.243213176727294922e+00,-1.360621303319931030e-01,-3.328754663467407227e+00,3.045601129531860352e+00,-2.386410236358642578e+00,1.550970673561096191e+00,1.124170660972595215e+00,-4.089933633804321289e-01,-1.611063003540039062e+00,2.445159435272216797e+00,9.431465864181518555e-01,-3.895288705825805664e-01,-2.545308113098144531e+00,8.937511444091796875e-01,7.658270835876464844e+00,2.285730123519897461e+00,1.130870103836059570e+00,1.281043291091918945e+00,-8.257138133049011230e-01,-1.966104388236999512e+00,1.085407257080078125e+00,4.218315482139587402e-01,-4.095416069030761719e-01,-9.649992585182189941e-01,-8.328368067741394043e-01,1.873280704021453857e-01
-3.763518631458282471e-01,-7.246828675270080566e-01,-9.021629095077514648e-01,-5.701482295989990234e-01,4.617677688598632812e+00,1.118062019348144531e+00,2.102580547332763672e+00,-2.630384206771850586e+00,-1.417173862457275391e+00,-1.389614194631576538e-01,-3.680705726146697998e-01,2.201066493988037109e+00,3.613255321979522705e-01,-1.143479943275451660e+00,-2.669755816459655762e-01,-1.973891973495483398e+00,-1.960430383682250977e+00,4.472433626651763916e-01,-1.896467685699462891e+00,-6.318817734718322754e-01,2.200112104415893555e+00,-3.165194749832153320e+00,-1.915239572525024414e+00,-5.500077605247497559e-01,3.837221562862396240e-01,1.526322722434997559e+00,-1.298912167549133301e-01,-2.273810386657714844e+00,2.713432312011718750e+00,-1.829108595848083496e+00,-7.457038760185241699e-01,4.257816314697265625e+00,-4.908991158008575439e-01,6.482748985290527344e-01,-2.143762826919555664e+00,2.089178323745727539e+00,-1.817759037017822266e+00,-2.805742979049682617e+00,-2.823365688323974609e+00,-2.031158208847045898e+00,-1.046221017837524414e+00,-1.952801465988159180e+00,-1.673019289970397949e+00,3.005253553390502930e+00,-2.090059995651245117e+00,-6.132228970527648926e-01,3.216914176940917969e+00,9.040660858154296875e-01,-2.061110019683837891e+00,-4.306141376495361328e+00,-4.589889645576477051e-01,2.122667789459228516e+00,-3.424517214298248291e-01,-3.041000127792358398e+00,-2.554208993911743164e+00,2.360792875289916992e+00,1.895976252853870392e-02,-3.054158926010131836e+00,-3.674398064613342285e-01,-7.021178491413593292e-03,6.616082191467285156e-01,1.488892793655395508e+00,3.747556209564208984e-01,-4.357798576354980469e+00,3.610297441482543945e+00,-1.271213054656982422e+00,4.325666725635528564e-01,4.072859883308410645e-01,4.139145016670227051e-01,3.123449563980102539e+00,6.174069046974182129e-01,2.586671411991119385e-01,-3.110570311546325684e-01,6.353463530540466309e-01,-1.644058823585510254e+00,-7.502067089080810547e-01,-1.679660677909851074e+00,-2.772980928421020508e+00,1.667002201080322266e+00,5.803576946258544922e+00,1.833654165267944336e+00,1.014611124992370605e-01,-1.647015213966369629e+00,-2.178138017654418945e+00,-2.336090564727783203e+00,3.902531385421752930e+00,-5.841896533966064453e-01,1.319637966156005859e+01,-5.082440972328186035e-01,-2.684689283370971680e+00,2.157848358154296875e+00,-8.565278053283691406e-01,5.047479867935180664e-01,-4.213274002075195312e+00,-9.583474695682525635e-02,-3.293139696121215820e+00,1.072762966156005859e+00,2.814809978008270264e-01,-2.441304922103881836e+00,2.117864131927490234e+00
2.118255615234375000e+00,7.681853175163269043e-01,3.800428807735443115e-01,2.225171029567718506e-01,-2.228610038757324219e+00,1.983014345169067383e+00,-3.347707986831665039e+00,1.841833353042602539e+00,-2.922084368765354156e-02,-1.444672465324401855e+00,-1.476205468177795410e+00,3.401497900485992432e-01,1.065817236900329590e+00,-3.761591017246246338e-01,-1.039401292800903320e+00,-2.257198810577392578e+00,4.050512909889221191e-01,-6.216375827789306641e-01,3.460796922445297241e-02,1.328618451952934265e-02,-1.556049823760986328e+00,-1.147773504257202148e+00,-1.268685221672058105e+00,-5.551961064338684082e-01,-6.208707690238952637e-01,-2.042603492736816406e+00,-1.945765614509582520e+00,1.116011664271354675e-01,-1.047571659088134766e+00,-1.776277780532836914e+00,2.029409170150756836e+00,-1.364572048187255859e+00,-2.752563655376434326e-01,-1.937100410461425781e+00,1.696712672710418701e-01,-2.139294147491455078e+00,1.105542778968811035e+00,1.590113162994384766e+00,2.048562526702880859e+00,-2.632957220077514648e+00,-3.133410513401031494e-01,-8.491230756044387817e-02,-1.927063703536987305e+00,-8.841170668601989746e-01,6.010073795914649963e-02,-4.821488857269287109e-01,-3.772714138031005859e+00,-2.031316757202148438e+00,4.185336589813232422e+00,-7.433566451072692871e-01,-2.440459012985229492e+00,-2.594688653945922852e+00,-1.367302238941192627e-01,7.845591306686401367e-01,1.020202755928039551e+00,-3.798116683959960938e+00,3.898690342903137207e-01,2.042719125747680664e+00,-1.207159399986267090e+00,4.697433948516845703e+00,6.236440181732177734e+00,-1.946969151496887207e+00,-2.357819080352783203e+00,3.083830177783966064e-01,-4.573964595794677734e+00,-2.461684644222259521e-01,3.082733154296875000e+00,-2.135243177413940430e+00,-4.118507385253906250e+00,-1.522242307662963867e+00,-2.738134004175662994e-02,1.861432909965515137e+00,-1.236177086830139160e+00,4.412218093872070312e+00,1.107635349035263062e-02,-1.516630053520202637e-01,-3.411630868911743164e+00,1.578985214233398438e+00,1.735141158103942871e+00,-5.901597142219543457e-01,-1.866243243217468262e+00,9.805631637573242188e-01,4.343471527099609375e+00,-5.081215500831604004e-01,-1.523263931274414062e+00,1.446980953216552734e+00,-4.391470253467559814e-01,-3.232223272323608398e+00,6.734299063682556152e-01,1.374173259735107422e+01,2.769473791122436523e-01,4.661383628845214844e-01,-1.805023431777954102e+00,-6.291699409484863281e-02,-2.266559123992919922e+00,6.237373948097229004e-01,-2.141579866409301758e+00,1.029945850372314453e+00,1.147099971771240234e+00,-3.333273410797119141e+00
2.252289533615112305e+00,-1.575425028800964355e+00,3.324892520904541016e-01,5.823414921760559082e-01,5.452631711959838867e-01,-4.136685848236083984e+00,8.963528275489807129e-01,-4.892415404319763184e-01,1.062619924545288086e+00,4.008379936218261719e+00,2.009596586227416992e+00,1.172052383422851562e+00,8.174137473106384277e-01,-4.603899717330932617e-01,-5.707995891571044922e-01,-3.302657365798950195e+00,-1.462564587593078613e+00,-1.033563494682312012e+00,-3.038369417190551758e+00,-1.555096745491027832e+00,3.297330141067504883e-01,-4.704766273498535156e-01,-1.539201140403747559e+00,2.387511253356933594e+00,-2.562499523162841797e+00,1.103981614112854004e+00,-2.423414468765258789e+00,1.339184284210205078e+00,4.759919345378875732e-01,-1.885009407997131348e+00,-1.746522307395935059e+00,2.125869393348693848e-01,-3.856071949005126953e+00,-1.416118741035461426e+00,-4.385828077793121338e-01,-1.404485464096069336e+00,-1.381771206855773926e+00,-1.761348843574523926e-01,-6.779950857162475586e-01,9.777209758758544922e-01,1.420676898956298828e+01,-1.801674723625183105e+00,-7.215843200683593750e-01,-1.723372459411621094e+00,-1.453798174858093262e+00,1.671777367591857910e+00,-1.305345058441162109e+00,-1.630878806114196777e+00,2.932826042175292969e+00,7.507380247116088867e-01,-8.827705383300781250e-01,-5.662215352058410645e-01,9.108231663703918457e-01,1.703488111495971680e+00,1.751979887485504150e-01,-2.523469924926757812e-01,-9.624966382980346680e-01,3.812186121940612793e-01,-1.360066771507263184e+00,-2.382460594177246094e+00,-2.067751407623291016e+00,-3.455883637070655823e-02,3.230580389499664307e-01,4.266765117645263672e-01,-2.324932813644409180e+00,1.274458765983581543e+00,3.217993736267089844e+00,-2.788018286228179932e-01,-1.396761536598205566e+00,9.596279859542846680e-01,1.837016463279724121e+00,-3.516003608703613281e+00,-4.897210896015167236e-01,-1.324488401412963867e+00,-1.163887307047843933e-01,1.392530679702758789e+00,1.264282107353210449e+00,8.831202387809753418e-01,3.445551693439483643e-01,2.718189477920532227e+00,-6.662869453430175781e-01,-4.126208782196044922e+00,-6.084374189376831055e-01,-2.607268989086151123e-01,-3.508099317550659180e-01,-3.735654950141906738e-01,-3.329678297042846680e+00,-2.929479837417602539e+00,-1.432812452316284180e+00,2.071542263031005859e+00,-3.686868846416473389e-01,-3.040016889572143555e+00,1.018536210060119629e+00,-8.712818026542663574e-01,1.869411706924438477e+00,2.893558263778686523e+00,7.430580854415893555e-01,7.491444945335388184e-01,-1.099486470222473145e+00,1.181925892829895020e+00
-1.204916834831237793e-01,-2.987005233764648438e+00,1.806705951690673828e+00,-8.507089614868164062e-01,-1.285608649253845215e+00,3.918503761291503906e+00,-1.346250176429748535e+00,-1.756141543388366699e+00,3.510356843471527100e-01,-1.757928282022476196e-01,6.321026086807250977e-01,1.056244611740112305e+00,2.621648788452148438e+00,-1.229244112968444824e+00,-8.250910043716430664e-01,-1.235477089881896973e+00,-7.653979659080505371e-01,-2.288098335266113281e+00,2.536940097808837891e+00,-2.497164011001586914e+00,-1.954044938087463379e+00,-3.679230690002441406e+00,-4.026450157165527344e+00,-2.263767242431640625e+00,2.974649429321289062e+00,-3.144488811492919922e+00,1.843116521835327148e+00,5.662511587142944336e-01,1.242160558700561523e+00,2.292670249938964844e+00,1.401515483856201172e+00,4.774249553680419922e+00,-1.842312932014465332e+00,-4.478682279586791992e-01,-1.835102200508117676e+00,-9.480602145195007324e-01,-1.194050312042236328e+00,-9.393252730369567871e-01,-2.385441541671752930e+00,1.212089657783508301e+00,-8.047930002212524414e-01,-1.186750769615173340e+00,1.076084136962890625e+00,5.170963764190673828e+00,-1.066072821617126465e+00,-1.696800708770751953e+00,1.077979683876037598e+00,-1.380015134811401367e+00,1.711552381515502930e+00,-3.964229583740234375e+00,-8.855747580528259277e-01,1.427904367446899414e-01,-6.510425806045532227e-01,-2.254562616348266602e+00,4.071630239486694336e-01,-1.331283807754516602e+00,-9.356270730495452881e-02,-2.884816884994506836e+00,-1.967439293861389160e+00,-1.582587599754333496e+00,-5.922660827636718750e-01,-5.765320062637329102e-01,-9.516968727111816406e-01,-5.193937301635742188e+00,7.040578365325927734e+00,1.118197321891784668e+00,4.702519893646240234e+00,-2.858895301818847656e+00,-2.447745561599731445e+00,8.312752723693847656e+00,-7.601594179868698120e-02,1.120608568191528320e+00,-1.221592068672180176e+00,-2.207227051258087158e-01,1.482623815536499023e+00,-2.235772848129272461e+00,-3.165641307830810547e+00,-1.764509797096252441e+00,2.880616664886474609e+00,-1.687027335166931152e+00,4.663353443145751953e+00,-7.219099998474121094e-01,-1.156120181083679199e+00,-6.808187961578369141e-01,-2.420139551162719727e+00,3.182967185974121094e+00,-2.945687294006347656e+00,3.117239952087402344e+00,-2.106289148330688477e+00,-1.202917695045471191e+00,1.745713353157043457e+00,-1.698003888130187988e+00,-2.016566246747970581e-01,-2.402593135833740234e+00,-1.695879101753234863e+00,1.851255774497985840e+00,-2.337391614913940430e+00,-1.441422581672668457e+00,1.233796954154968262e+00,3.665528535842895508e+00
-4.964285194873809814e-01,-5.026787519454956055e-01,-7.921319007873535156e-01,-3.840695619583129883e-01,-7.266747951507568359e-01,1.106906223297119141e+01,-2.081120967864990234e+00,-1.613955020904541016e+00,-5.008319020271301270e-01,-8.527433276176452637e-01,-5.083423852920532227e-01,3.014985084533691406e+00,-9.363858699798583984e-01,4.051839351654052734e+00,-1.383942723274230957e+00,-3.108140945434570312e+00,-1.961849808692932129e+00,1.010253429412841797e+00,7.463567852973937988e-01,1.121641397476196289e+00,-9.549244642257690430e-01,-1.449844479560852051e+00,-2.117421627044677734e+00,-1.701034903526306152e+00,1.329726457595825195e+00,2.733452320098876953e-01,-2.220313549041748047e+00,1.848386824131011963e-01,-2.116437852382659912e-01,2.957336604595184326e-01,5.111818313598632812e-01,3.145048618316650391e+00,2.111973613500595093e-01,2.662981986999511719e+00,-2.141945600509643555e+00,-1.386789321899414062e+00,3.687556743621826172e+00,-7.531185746192932129e-01,-1.819404363632202148e+00,-2.267424583435058594e+00,-2.843177080154418945e+00,2.048099637031555176e-01,1.920360140502452850e-02,-1.583887100219726562e+00,7.392731308937072754e-01,-2.401588201522827148e+00,-1.769213795661926270e+00,-1.481323480606079102e+00,1.647614836692810059e+00,-1.568920135498046875e+00,-9.419363737106323242e-01,-6.534370779991149902e-02,-1.228942275047302246e+00,-1.439553737640380859e+00,-1.591039061546325684e+00,-9.535403847694396973e-01,1.140509247779846191e+00,1.879775375127792358e-01,-3.457324266433715820e+00,5.833039879798889160e-01,3.783668279647827148e+00,1.727526485919952393e-01,-1.917120218276977539e+00,-5.793070793151855469e-01,9.554082751274108887e-01,-3.781707882881164551e-01,2.659790277481079102e+00,-9.206228852272033691e-01,-1.031651973724365234e+00,1.566165924072265625e+00,1.233758687973022461e+00,1.137043833732604980e+00,-8.186636567115783691e-01,3.928807735443115234e+00,3.353839367628097534e-02,3.143131136894226074e-01,-5.484422683715820312e+00,8.274813294410705566e-01,2.393944025039672852e+00,-3.287960290908813477e-01,7.725327014923095703e+00,-8.622928261756896973e-01,-2.865680694580078125e+00,-2.589650750160217285e-01,-3.464977502822875977e+00,-4.034801572561264038e-02,-2.088351011276245117e+00,-7.299115657806396484e-01,-1.054775357246398926e+00,1.270251274108886719e+00,5.829864501953125000e+00,-2.939743399620056152e-01,-2.971172571182250977e+00,-6.624111533164978027e-01,-2.739429235458374023e+00,1.674493193626403809e+00,-2.010402202606201172e+00,-1.759996771812438965e+00,3.417696952819824219e+00,-1.359090209007263184e-01
-4.584974646568298340e-01,-6.678726077079772949e-01,2.118708848953247070e+00,-9.845792651176452637e-01,3.660130500793457031e+00,-7.780181765556335449e-01,-2.007065773010253906e+00,-2.715802669525146484e+00,4.566004753112792969e+00,6.165985107421875000e+00,3.534777164459228516e+00,9.308602809906005859e-01,-2.720725536346435547e-01,-1.308108568191528320e+00,-6.663160324096679688e-01,-2.682537555694580078e+00,-1.466961622238159180e+00,-5.394358634948730469e-01,-2.794970512390136719e+00,-6.734089255332946777e-01,9.528277516365051270e-01,-2.706743717193603516e+00,-3.875327110290527344e+00,-1.569948077201843262e+00,2.486113607883453369e-01,1.339543461799621582e+00,6.167910099029541016e-01,-2.264259099960327148e+00,4.097071170806884766e+00,-1.063501000404357910e+00,6.782521307468414307e-02,4.257765293121337891e+00,-1.105315923690795898e+00,4.527579784393310547e+00,-2.408255338668823242e+00,-2.171246767044067383e+00,3.870574533939361572e-01,-1.021578907966613770e+00,-1.948790073394775391e+00,2.650032639503479004e-01,3.393342971801757812e+00,-1.758563160896301270e+00,-2.965513706207275391e+00,-3.795800507068634033e-01,2.120851039886474609e+00,-1.019037216901779175e-01,-1.733411788940429688e+00,-1.296175956726074219e+00,1.312589198350906372e-01,-4.512327671051025391e+00,-1.758082270622253418e+00,-1.749707102775573730e+00,2.262553691864013672e+00,-1.256006121635437012e+00,-3.338335752487182617e+00,-1.364103198051452637e+00,-1.789045691490173340e+00,-1.967942476272583008e+00,-1.958249211311340332e+00,-3.931621015071868896e-01,-1.350598096847534180e+00,-1.512026190757751465e-01,-4.104994237422943115e-01,-1.806694388389587402e+00,-9.278774261474609375e-01,-2.165531814098358154e-01,1.133790493011474609e+00,4.618993759155273438e+00,-2.776304006576538086e+00,2.480931043624877930e+00,1.917147278785705566e+00,-7.151581048965454102e-01,1.522465586662292480e+00,5.601025223731994629e-01,-1.009213566780090332e+00,-1.747792482376098633e+00,1.695880591869354248e-01,2.927315048873424530e-02,1.227743744850158691e+00,6.301403999328613281e+00,1.372161149978637695e+00,-1.664464831352233887e+00,-2.006285905838012695e+00,-9.248059391975402832e-01,-2.846590757369995117e+00,1.337307691574096680e+00,-5.793947696685791016e+00,1.938727617263793945e+00,-1.619632482528686523e+00,8.184683918952941895e-01,1.819310188293457031e+00,-1.889811038970947266e+00,-7.413108944892883301e-01,-2.989021778106689453e+00,1.583327889442443848e+00,-9.220755845308303833e-02,-1.027941346168518066e+00,-2.027890205383300781e+00,-3.806518912315368652e-01,3.696454524993896484e+00
-1.158282399177551270e+00,9.653733372688293457e-01,-1.394843220710754395e+00,-1.018041968345642090e+00,2.198047637939453125e+00,1.446240067481994629e+00,3.645263671875000000e+00,4.850578308105468750e-02,-5.172414183616638184e-01,-1.688462734222412109e+00,-1.251036643981933594e+00,-7.424968481063842773e-01,-1.669689536094665527e+00,4.105316162109375000e+00,1.993130922317504883e+00,1.157451510429382324e+00,1.207921624183654785e+00,1.554378986358642578e+00,-2.404524803161621094e+00,1.288801431655883789e+00,2.198992252349853516e+00,2.304206132888793945e+00,1.047005414962768555e+00,-1.961813569068908691e+00,1.237943291664123535e+00,-1.656865477561950684e+00,2.754389047622680664e-01,1.774652719497680664e+00,-4.094173759222030640e-02,-1.500594258308410645e+00,1.814270973205566406e+00,-8.507071137428283691e-01,-1.128924012184143066e+00,-5.342310428619384766e+00,-1.005780816078186035e+00,3.131146430969238281e+00,5.387064814567565918e-01,2.187838077545166016e+00,-1.757725477218627930e+00,-8.120498657226562500e-01,1.413736306130886078e-02,-8.441494703292846680e-01,1.956056833267211914e+00,1.634966731071472168e+00,-1.715692520141601562e+00,3.445677757263183594e+00,-4.126428067684173584e-01,1.278925418853759766e+00,-1.713302135467529297e+00,-1.097405910491943359e+00,-1.688359022140502930e+00,-2.572666108608245850e-01,4.263493120670318604e-01,-9.692607522010803223e-01,-4.273233115673065186e-01,-1.115847229957580566e+00,3.025849342346191406e+00,1.366971492767333984e+00,1.588987112045288086e+00,3.459408283233642578e+00,1.413516283035278320e+00,7.200765609741210938e-02,1.310156434774398804e-01,-1.788710951805114746e+00,-1.550056099891662598e+00,4.742373824119567871e-01,-1.540193676948547363e+00,-2.686224222183227539e+00,-1.824799537658691406e+00,-1.224415898323059082e+00,-7.955471277236938477e-01,6.684531569480895996e-01,9.662808179855346680e-01,-4.858836829662322998e-01,-1.419010400772094727e+00,-4.666456282138824463e-01,-1.144713640213012695e+00,5.388781070709228516e+00,-2.878384590148925781e+00,-6.335856318473815918e-01,-2.690092086791992188e+00,9.371376037597656250e-01,9.124967455863952637e-02,-2.878536939620971680e+00,1.651489067077636719e+01,-3.468813657760620117e+00,-1.706136912107467651e-01,-7.978583574295043945e-01,-4.165679961442947388e-02,-5.689533948898315430e-01,-1.774880647659301758e+00,-1.274869799613952637e+00,-2.291248083114624023e+00,7.025700211524963379e-01,-4.049277305603027344e+00,-2.469556093215942383e+00,-8.561316728591918945e-01,3.418663024902343750e+00,-1.649662375450134277e+00,-1.138409733772277832e+00
1.840680837631225586e+00,8.906690031290054321e-02,-3.784948110580444336e+00,-2.320461511611938477e+00,3.422000169754028320e+00,3.438878536224365234e+00,-1.798968315124511719e+00,-1.696209907531738281e+00,3.861120641231536865e-01,-1.287116289138793945e+00,-9.752495288848876953e-01,8.975995182991027832e-01,-2.747627794742584229e-01,-4.490600228309631348e-01,5.729137063026428223e-01,-1.266136407852172852e+00,-1.367821097373962402e+00,-3.219608068466186523e-01,5.822504162788391113e-01,2.211823225021362305e+00,4.366475641727447510e-01,-2.395081043243408203e+00,2.559948682785034180e+00,-1.756870865821838379e+00,4.330775737762451172e-01,3.950982689857482910e-01,-2.214257717132568359e+00,-5.079421997070312500e-01,-5.293445587158203125e-01,2.882045507431030273e+00,8.981948494911193848e-01,3.769706487655639648e+00,5.190213322639465332e-01,9.324983358383178711e-01,-2.789416313171386719e+00,-1.099470138549804688e+00,-1.329887509346008301e-01,1.820584297180175781e+00,-1.065275788307189941e+00,1.939387321472167969e+00,-2.760047674179077148e+00,-1.679219245910644531e+00,1.497925162315368652e+00,3.628151893615722656e+00,-5.412048101425170898e-01,1.657826900482177734e+00,-3.227270126342773438e+00,1.644470356404781342e-02,-1.913947463035583496e+00,-3.535690307617187500e+00,-1.097143411636352539e+00,1.298218250274658203e+00,1.338383197784423828e+00,-1.165836215019226074e+00,2.336673498153686523e+00,-2.415163516998291016e+00,1.766385078430175781e+00,-3.827173709869384766e-01,-6.147010922431945801e-01,5.092010498046875000e+00,8.925164341926574707e-01,-7.970019578933715820e-01,-2.071578979492187500e+00,-8.488579392433166504e-01,-2.456355333328247070e+00,-1.484276533126831055e+00,2.806758880615234375e+00,8.015181869268417358e-02,-3.674755811691284180e+00,-2.218825578689575195e+00,6.930407881736755371e-01,1.417801666259765625e+01,-1.725541830062866211e+00,-1.334742754697799683e-01,-1.711715102195739746e+00,-1.195695996284484863e+00,-4.527021408081054688e+00,1.429989576339721680e+00,1.867811083793640137e+00,1.979779601097106934e+00,1.083823800086975098e+00,-1.959679961204528809e+00,-3.160070776939392090e-01,-1.490947753190994263e-01,1.459351539611816406e+00,-4.792575240135192871e-01,-1.723348617553710938e+00,1.401383876800537109e+00,2.820813417434692383e+00,8.466841578483581543e-01,1.267640948295593262e+00,1.221518874168395996e+00,-2.244636297225952148e+00,-2.620755434036254883e+00,-1.400266289710998535e+00,8.691657185554504395e-01,-5.842432975769042969e-01,2.620350420475006104e-01,1.713894903659820557e-01,-1.332392096519470215e+00
-2.032311558723449707e-01,8.131237030029296875e-01,-7.432170510292053223e-01,3.431110620498657227e+00,-8.563609123229980469e-01,-9.704526662826538086e-01,5.326191902160644531e+00,-2.956987142562866211e+00,-2.510172367095947266e+00,6.993571758270263672e+00,-1.946051359176635742e+00,2.300330162048339844e+00,-1.200021624565124512e+00,-6.548119187355041504e-01,-9.264729917049407959e-02,-1.855949759483337402e+00,-2.130526065826416016e+00,-1.427652955055236816e+00,-1.434265136718750000e+00,-1.351413726806640625e+00,8.274197578430175781e-01,1.851620793342590332e+00,-1.468035101890563965e+00,4.957195222377777100e-01,-1.657891511917114258e+00,6.458507061004638672e+00,6.500355899333953857e-02,8.650806546211242676e-01,-1.248587742447853088e-01,-4.849921703338623047e+00,-1.313732624053955078e+00,4.464397430419921875e+00,-1.931154966354370117e+00,1.879413843154907227e+00,-9.333071112632751465e-01,-4.889747500419616699e-02,1.265735983848571777e+00,-8.071895688772201538e-02,1.911464691162109375e+00,-1.276769042015075684e+00,1.188019514083862305e+00,-2.807894468307495117e+00,-2.531571090221405029e-01,-1.820207238197326660e+00,-2.112478256225585938e+00,1.088433623313903809e+00,8.308943748474121094e+00,3.882623672485351562e+00,7.430468797683715820e-01,9.244063496589660645e-02,7.335548996925354004e-01,2.573119163513183594e+00,-4.067466259002685547e+00,-2.964013814926147461e-01,-1.945314884185791016e+00,1.304992675781250000e+00,-5.202921628952026367e-01,-1.562950611114501953e-01,-1.113895535469055176e+00,-1.219637870788574219e+00,-3.044109821319580078e+00,2.804504632949829102e+00,8.492948412895202637e-01,3.485786616802215576e-01,3.285454750061035156e+00,4.113363742828369141e+00,-5.165971517562866211e-01,-1.359190225601196289e+00,8.950055837631225586e-01,7.312728166580200195e-01,-1.396733969449996948e-01,-3.832958459854125977e+00,1.208480000495910645e+00,-2.147361516952514648e+00,3.789300322532653809e-01,1.517928361892700195e+00,-9.275618940591812134e-02,5.966920852661132812e-01,4.783530235290527344e-01,-7.410445809364318848e-01,2.277473926544189453e+00,-4.510550498962402344e+00,-4.903542518615722656e+00,1.060863018035888672e+00,-1.028269767761230469e+00,-2.424257278442382812e+00,6.356924772262573242e-02,8.651515245437622070e-01,-8.024364113807678223e-01,-4.290606021881103516e+00,2.172495722770690918e-01,-7.438704371452331543e-01,-2.128937095403671265e-01,5.162549614906311035e-01,-5.483983755111694336e-01,-3.429288268089294434e-01,-5.899442434310913086e-01,-2.410033941268920898e+00,-1.747916340827941895e+00,4.549778938293457031e+00
-8.058377504348754883e-01,-1.847619056701660156e+00,4.433837831020355225e-01,1.666419655084609985e-01,-1.163346648216247559e+00,-1.695087432861328125e+00,-1.799698472023010254e+00,-1.106506228446960449e+00,1.132106208801269531e+01,1.051798105239868164e+00,1.953183770179748535e+00,9.269556403160095215e-01,4.685015678405761719e-01,-1.903920888900756836e+00,5.041194558143615723e-01,-2.299798250198364258e+00,-8.804320693016052246e-01,-2.948959112167358398e+00,-1.395061969757080078e+00,-1.371775865554809570e+00,1.250304698944091797e+00,-2.817065000534057617e+00,-9.674387574195861816e-01,-1.375852346420288086e+00,-1.805530786514282227e+00,-3.251690149307250977e+00,1.673155188560485840e+00,-1.890835881233215332e+00,1.766910910606384277e+00,2.428023815155029297e+00,7.356650233268737793e-01,2.323409795761108398e+00,-1.078232049942016602e+00,-1.364079713821411133e-01,-7.575630545616149902e-01,-2.084242105484008789e+00,3.293341159820556641e+00,-1.134936809539794922e+00,1.315852105617523193e-01,7.463722229003906250e-01,1.022673584520816803e-02,-1.566856741905212402e+00,-1.646169543266296387e+00,9.268286824226379395e-01,1.351540565490722656e+00,-4.113232493400573730e-01,-2.894174866378307343e-02,-9.196527600288391113e-01,-2.309271246194839478e-01,6.440420150756835938e-01,-2.217646360397338867e+00,-1.860710024833679199e+00,4.017542839050292969e+00,-2.111562013626098633e+00,-1.689855009317398071e-02,-1.559355139732360840e+00,-1.536689639091491699e+00,-1.503307580947875977e+00,-1.837480545043945312e+00,-2.103938102722167969e+00,-6.159186959266662598e-01,1.856911778450012207e-01,-4.136563837528228760e-01,4.044406712055206299e-01,5.432459712028503418e-01,2.544174432754516602e+00,9.562397748231887817e-02,-9.679866433143615723e-01,-8.706312179565429688e-01,5.207060813903808594e+00,-1.159009099006652832e+00,-2.019112110137939453e+00,3.966011703014373779e-01,1.671347171068191528e-01,-2.164220571517944336e+00,-2.671192884445190430e+00,-1.311753988265991211e+00,-1.867000102996826172e+00,9.381005167961120605e-01,-1.204909324645996094e+00,-4.393954873085021973e-01,-1.689388632774353027e+00,-2.125972986221313477e+00,-1.264814257621765137e+00,-1.397588253021240234e+00,-4.739976674318313599e-02,-4.764227390289306641e+00,7.153397202491760254e-01,-2.148908853530883789e+00,-2.890232086181640625e+00,-3.395004570484161377e-01,-1.558766245841979980e+00,-2.057405233383178711e+00,-2.084990024566650391e+00,1.565035462379455566e+00,-1.035266637802124023e+00,-1.934381723403930664e+00,-1.815274953842163086e-01,1.911238789558410645e+00,6.406713485717773438e+00
1.745118618011474609e+00,-1.648709177970886230e+00,-1.687144279479980469e+00,1.865441560745239258e+00,3.448866903781890869e-01,2.245593309402465820e+00,-1.006172776222229004e+00,-1.462356686592102051e+00,-6.698072552680969238e-01,3.147338926792144775e-01,-1.469110250473022461e+00,1.231810474395751953e+01,-1.727304220199584961e+00,-3.126705884933471680e-01,2.951399683952331543e-01,-2.911584615707397461e+00,-1.456831097602844238e+00,1.601398348808288574e+00,-1.412541389465332031e+00,-2.159702301025390625e+00,3.095855951309204102e+00,-2.001495361328125000e+00,-3.148137807846069336e+00,4.814880192279815674e-01,3.937886238098144531e+00,1.877310276031494141e+00,-1.083562135696411133e+00,1.967392325401306152e+00,-1.061683416366577148e+00,3.617185354232788086e-01,4.567305564880371094e+00,6.629555702209472656e+00,-1.605052232742309570e+00,1.889328360557556152e+00,-1.461233496665954590e+00,6.503132730722427368e-02,7.974783778190612793e-01,5.865367054939270020e-01,-7.021789252758026123e-02,-2.404611587524414062e+00,-7.856829166412353516e-01,-1.952423572540283203e+00,4.190996289253234863e-02,-8.160398602485656738e-01,-2.050625801086425781e+00,-5.050573348999023438e-01,-8.535308837890625000e-01,6.640886068344116211e-01,-2.151787519454956055e+00,-2.385298490524291992e+00,-1.996129989624023438e+00,-2.444125711917877197e-02,-2.966192178428173065e-02,-9.738048911094665527e-01,-2.500013589859008789e+00,3.610516786575317383e-01,3.997563123703002930e-01,-1.653325557708740234e+00,-7.982278466224670410e-01,-1.543374210596084595e-01,6.704070568084716797e-01,1.345098614692687988e+00,2.619614601135253906e+00,-2.362397432327270508e+00,-3.298444747924804688e-01,2.157221555709838867e+00,2.187638282775878906e+00,-1.294117331504821777e+00,-2.846554994583129883e+00,1.216745018959045410e+00,-5.296244025230407715e-01,-4.150374531745910645e-01,-3.118746519088745117e+00,1.833183526992797852e+00,-3.520670235157012939e-01,-2.431281805038452148e+00,-5.456935882568359375e+00,6.580504775047302246e-01,3.722464084625244141e+00,4.861796796321868896e-01,8.114885091781616211e-01,-3.178236007690429688e+00,-2.422325372695922852e+00,1.776390522718429565e-01,-3.108880043029785156e+00,-2.055979013442993164e+00,-2.650921344757080078e+00,4.838470220565795898e-01,-2.742489337921142578e+00,4.312768578529357910e-01,1.694533109664916992e+00,-1.776609778404235840e+00,-2.331844568252563477e+00,-2.681325197219848633e+00,-7.304665446281433105e-01,5.130015611648559570e-01,8.241826295852661133e-01,1.350800842046737671e-01,1.408597946166992188e+00,1.831900000572204590e+00
1.850635647773742676e+00,-1.307554244995117188e+00,-1.290301442146301270e+00,1.788339734077453613e+00,-4.189270436763763428e-01,2.141980409622192383e+00,-1.851444125175476074e+00,-1.831879973411560059e+00,-5.523050427436828613e-01,-8.532760143280029297e-01,-8.709504604339599609e-01,7.616467475891113281e+00,7.861844301223754883e-01,-1.277156233787536621e+00,-1.732385754585266113e-01,-3.720351934432983398e+00,2.795524895191192627e-01,-2.604005336761474609e+00,8.292077481746673584e-02,-8.196341991424560547e-01,8.395295143127441406e-01,-2.079052686691284180e+00,-1.700671792030334473e+00,-3.117496073246002197e-01,8.530386090278625488e-01,-1.565760016441345215e+00,-3.869197666645050049e-01,4.467454552650451660e-01,-5.678997039794921875e-01,1.168833613395690918e+00,7.340814590454101562e+00,6.530994415283203125e+00,-5.538261532783508301e-01,4.116502106189727783e-01,2.747692763805389404e-01,-2.686381340026855469e+00,5.092710852622985840e-01,2.448977679014205933e-01,1.196494579315185547e+00,-1.836969494819641113e+00,-1.565645217895507812e+00,-1.169174790382385254e+00,2.343415319919586182e-01,4.012793004512786865e-01,-1.383177995681762695e+00,2.422996237874031067e-02,-3.705829620361328125e+00,-1.630585908889770508e+00,4.013292789459228516e-01,-1.808295965194702148e+00,-2.684425354003906250e+00,-4.807524085044860840e-01,-1.398915052413940430e-01,-4.606014490127563477e-01,-8.334878683090209961e-01,-3.016738653182983398e+00,8.539932966232299805e-01,-1.265340089797973633e+00,-1.985763788223266602e+00,6.765089035034179688e-01,7.691998481750488281e-01,-9.571326375007629395e-01,-8.374746441841125488e-01,-1.383896589279174805e+00,-2.697023391723632812e+00,5.075538635253906250e+00,4.448937416076660156e+00,-2.737326622009277344e+00,-3.464193582534790039e+00,1.441517353057861328e+00,-1.144140839576721191e+00,1.749291539192199707e+00,-3.119131326675415039e+00,2.439738988876342773e+00,-1.234818816184997559e+00,-2.938946962356567383e+00,-5.752481460571289062e+00,3.636957108974456787e-01,5.019333839416503906e+00,-7.364027500152587891e-01,-6.426303088665008545e-02,-1.328258275985717773e+00,-1.915572643280029297e+00,-1.322152137756347656e+00,-2.529971837997436523e+00,4.893657267093658447e-01,-3.136842489242553711e+00,-1.275030732154846191e+00,-1.381709933280944824e+00,3.915869951248168945e+00,5.478256940841674805e-01,-1.109801650047302246e+00,-3.265148878097534180e+00,-2.014787912368774414e+00,-1.945600748062133789e+00,5.973797798156738281e+00,-6.045784354209899902e-01,8.041047453880310059e-01,3.452534675598144531e+00,1.021641492843627930e+00
2.177793383598327637e-01,3.496499657630920410e-01,-6.229405403137207031e-01,-1.523910880088806152e+00,6.633773446083068848e-01,-3.404133915901184082e-01,6.945614218711853027e-01,-3.190066099166870117e+00,-2.461300790309906006e-01,3.078519344329833984e+00,-1.528243064880371094e+00,2.729834794998168945e+00,-1.501828551292419434e+00,-1.009665131568908691e+00,2.068013906478881836e+00,-2.490272283554077148e+00,3.635768592357635498e-01,-1.360252737998962402e+00,-1.356690287590026855e+00,-2.064479351043701172e+00,2.082386493682861328e+00,-2.695323228836059570e+00,-1.131775140762329102e+00,-1.257094740867614746e+00,-3.233186900615692139e-01,2.261370182037353516e+00,4.296667575836181641e-01,2.585272550582885742e+00,1.305877923965454102e+00,2.204018354415893555e+00,1.891950845718383789e+00,1.419957256317138672e+01,-9.120543599128723145e-01,-2.198357343673706055e+00,-1.930886507034301758e+00,-2.203305244445800781e+00,-7.370398640632629395e-01,6.892361044883728027e-01,4.630251973867416382e-02,-1.641301035881042480e+00,-1.695786118507385254e+00,-5.525271296501159668e-01,-7.263352274894714355e-01,2.344617545604705811e-01,2.731330990791320801e-01,3.076964378356933594e+00,-1.203127264976501465e+00,1.641696691513061523e+00,-1.036931991577148438e+00,-3.927352666854858398e+00,-2.235934734344482422e+00,-1.305038928985595703e+00,1.108235001564025879e+00,-8.509209752082824707e-01,-7.649865746498107910e-01,-2.872643947601318359e+00,2.046467542648315430e+00,-2.850861549377441406e+00,-2.185501098632812500e+00,4.807806909084320068e-01,1.093313932418823242e+00,9.088290333747863770e-01,2.142835408449172974e-01,-4.607750892639160156e+00,-1.532074928283691406e+00,7.935625910758972168e-01,6.175578236579895020e-01,-2.503450810909271240e-01,-3.436076879501342773e+00,9.878467023372650146e-02,2.979436159133911133e+00,1.880983233451843262e+00,-1.362350821495056152e+00,1.585480570793151855e+00,-1.118452191352844238e+00,-1.005257129669189453e+00,-5.625715255737304688e+00,3.301863670349121094e-01,3.680077075958251953e+00,2.302016973495483398e+00,1.686735272407531738e+00,-2.710450887680053711e+00,-1.177251696586608887e+00,-6.362091302871704102e-01,-1.215412259101867676e+00,3.865177929401397705e-01,-2.356904745101928711e+00,1.671802520751953125e+00,2.758986055850982666e-01,4.896122217178344727e-01,8.790656924247741699e-01,1.014509946107864380e-01,-2.873684167861938477e+00,-1.043189048767089844e+00,-2.148511886596679688e+00,-1.111753731966018677e-01,-4.583732783794403076e-01,-1.246553301811218262e+00,8.863220363855361938e-02,3.253640174865722656e+00
-7.531337141990661621e-01,1.095394968986511230e+00,-1.087303638458251953e+00,-1.436775088310241699e+00,3.869979679584503174e-01,-1.002493619918823242e+00,8.844390511512756348e-01,-4.257936954498291016e+00,8.438501954078674316e-01,3.465538501739501953e+00,-1.640619874000549316e+00,1.370944619178771973e+00,-5.642639994621276855e-01,-1.762687683105468750e+00,-7.438491582870483398e-01,-3.627619981765747070e+00,-1.326417326927185059e+00,4.048462510108947754e-01,3.989811837673187256e-01,-1.588071703910827637e+00,2.008774042129516602e+00,-2.479179859161376953e+00,1.213439702987670898e+00,-1.904675841331481934e+00,-1.996383547782897949e+00,-1.134681254625320435e-01,-7.967042326927185059e-01,1.378927946090698242e+00,-1.749402284622192383e-01,2.896000146865844727e+00,3.731891393661499023e+00,9.013234138488769531e+00,-2.096445798873901367e+00,-1.513199567794799805e+00,-2.660833358764648438e+00,-2.186478853225708008e+00,-7.927937507629394531e-01,5.891898646950721741e-03,-1.396564841270446777e+00,-1.552369952201843262e+00,1.486388564109802246e+00,-1.242747306823730469e+00,1.079300761222839355e+00,2.380844116210937500e+00,-1.623326838016510010e-01,3.346044778823852539e+00,-4.184386134147644043e-01,6.892597079277038574e-01,-3.333674669265747070e-01,-3.417220354080200195e+00,-2.192177295684814453e+00,1.672023653984069824e+00,7.021828174591064453e+00,1.122312664985656738e+00,-5.672199726104736328e-01,-3.052861452102661133e+00,7.916299343109130859e+00,-1.137205883860588074e-01,-1.148406863212585449e+00,1.984908699989318848e+00,-4.256338477134704590e-01,-1.268923431634902954e-01,-1.322388768196105957e+00,-3.557242631912231445e+00,-2.329735040664672852e+00,-6.216155737638473511e-02,2.021991729736328125e+00,-2.062780141830444336e+00,-1.715362787246704102e+00,1.135455965995788574e-01,9.111050367355346680e-01,2.941226005554199219e+00,-2.412811517715454102e+00,5.768268108367919922e-01,-1.789981603622436523e+00,-2.985630929470062256e-01,-6.337471961975097656e+00,4.294613003730773926e-01,3.038694620132446289e+00,-1.191666126251220703e+00,1.030601263046264648e+00,-2.741109609603881836e+00,2.148079633712768555e+00,-2.186829566955566406e+00,-1.571356654167175293e+00,-3.302020132541656494e-01,-2.584046602249145508e+00,1.668885946273803711e+00,-1.402142405509948730e+00,5.833845734596252441e-01,1.125392079353332520e+00,5.658335685729980469e-01,-1.822024226188659668e+00,-1.492527484893798828e+00,-1.849985480308532715e+00,-1.118878126144409180e+00,-8.756528496742248535e-01,-3.477266430854797363e-01,-1.744319438934326172e+00,2.358421802520751953e+00
1.060065507888793945e+00,1.099307298660278320e+00,-5.999487042427062988e-01,-1.141469001770019531e+00,1.677850961685180664e+00,1.193969607353210449e+00,-1.595474720001220703e+00,-3.139636218547821045e-01,-1.855426430702209473e+00,-1.902189850807189941e+00,-1.565725564956665039e+00,-1.598821401596069336e+00,1.526256084442138672e+00,-1.188776254653930664e+00,1.825306296348571777e+00,-5.252199172973632812e+00,5.745792388916015625e-01,-2.325622797012329102e+00,1.748722791671752930e+00,2.405895948410034180e+00,2.910828292369842529e-01,-8.545307517051696777e-01,2.062446475028991699e-01,-3.216638863086700439e-01,-2.275645017623901367e+00,-5.342701077461242676e-01,7.288238406181335449e-01,-1.592774152755737305e+00,6.101710796356201172e+00,1.006512403488159180e+00,-6.637038588523864746e-01,3.078033447265625000e+00,2.634566307067871094e+00,-6.588513851165771484e-01,-4.899668097496032715e-01,-2.968866348266601562e+00,-3.188326358795166016e+00,-1.861217737197875977e+00,2.883578538894653320e-01,-5.718411207199096680e-01,-2.179918289184570312e+00,5.485355854034423828e+00,5.111055374145507812e-01,1.457563519477844238e+00,-5.071955919265747070e-01,-7.058158516883850098e-01,-4.239285945892333984e+00,7.868885397911071777e-01,1.011939048767089844e+00,-2.791091442108154297e+00,-9.351903200149536133e-02,-8.420639634132385254e-01,-1.239911913871765137e+00,-1.712901592254638672e-01,-1.648661971092224121e+00,-2.944823741912841797e+00,2.006768465042114258e+00,-1.632133245468139648e+00,-2.407412290573120117e+00,2.352701663970947266e+00,9.743289351463317871e-01,1.150073558092117310e-01,-2.568711519241333008e+00,-1.042919158935546875e+00,-1.138711929321289062e+00,-2.180266857147216797e+00,4.782209098339080811e-01,-3.496060669422149658e-01,-1.790809512138366699e+00,-2.034301042556762695e+00,7.628091424703598022e-02,2.003897905349731445e+00,1.614176392555236816e+00,3.771345615386962891e-01,-1.728995084762573242e+00,-1.747318506240844727e+00,-2.824335098266601562e+00,-2.950443029403686523e+00,3.168999910354614258e+00,9.417559504508972168e-01,-7.303365468978881836e-01,1.654488801956176758e+00,3.349180221557617188e-01,-1.955964326858520508e+00,-1.633462309837341309e+00,1.073075771331787109e+01,-3.624526262283325195e+00,2.074451923370361328e+00,7.015652954578399658e-02,4.163126468658447266e+00,-1.910485327243804932e-01,1.775326967239379883e+00,-2.443418949842453003e-01,-4.005831718444824219e+00,-3.321962833404541016e+00,8.503239154815673828e-01,-2.324106693267822266e+00,2.052435398101806641e+00,2.536036968231201172e+00,-1.606140017509460449e+00
3.105235993862152100e-01,-1.298850178718566895e+00,7.577178478240966797e-01,-1.743758656084537506e-02,-1.717648386955261230e+00,-1.550802588462829590e+00,1.379943042993545532e-01,-2.119228601455688477e+00,7.142397403717041016e+00,4.955542087554931641e+00,1.392988324165344238e+00,1.987813472747802734e+00,8.351631760597229004e-01,-2.325030088424682617e+00,7.201358079910278320e-01,-3.348474264144897461e+00,-4.006600677967071533e-01,-2.371602296829223633e+00,-2.269226074218750000e+00,2.969739213585853577e-02,-4.620612859725952148e-01,-3.624789714813232422e+00,-1.892091751098632812e+00,-6.363070011138916016e-01,-2.268248558044433594e+00,-2.474364519119262695e+00,9.683778285980224609e-01,-3.599130511283874512e-01,3.735818147659301758e+00,9.643073081970214844e-01,1.158518314361572266e+00,5.323886871337890625e+00,-1.761969089508056641e+00,2.263733744621276855e-01,-1.886398047208786011e-01,-3.541016340255737305e+00,1.667860269546508789e+00,-9.134052395820617676e-01,2.614826917648315430e+00,2.482154965400695801e-01,-6.349397897720336914e-01,2.463188767433166504e-01,-3.240988254547119141e-01,-1.032803297042846680e+00,4.387168288230895996e-01,-4.985319972038269043e-01,-9.242098331451416016e-01,2.589008808135986328e-01,-6.337165236473083496e-01,2.034233808517456055e+00,-3.116835594177246094e+00,-3.425173759460449219e+00,1.013032913208007812e+00,-1.538129568099975586e+00,-9.759653210639953613e-01,-2.154960393905639648e+00,-8.892617821693420410e-01,-1.250447034835815430e+00,-2.463027238845825195e+00,-3.352514505386352539e+00,-1.158367872238159180e+00,1.495545387268066406e+00,9.622690081596374512e-01,-3.399852812290191650e-01,1.092850923538208008e+00,2.946500778198242188e+00,8.834186792373657227e-01,-7.649724930524826050e-02,-4.181450903415679932e-01,4.432966709136962891e+00,-2.628564834594726562e-01,-2.731166124343872070e+00,5.003641843795776367e-01,8.205323219299316406e-01,-2.211033105850219727e+00,-1.948942661285400391e+00,-1.826656103134155273e+00,-1.184886455535888672e+00,2.710434198379516602e+00,-5.504078865051269531e-01,-5.124791711568832397e-02,-2.460079193115234375e+00,-4.184535980224609375e+00,1.780448436737060547e+00,-2.549223661422729492e+00,-2.719613909721374512e-01,-5.089454174041748047e+00,1.646493971347808838e-01,-2.289939641952514648e+00,-1.164145112037658691e+00,5.040990114212036133e-01,-2.786100149154663086e+00,-3.218748569488525391e+00,-1.342515707015991211e+00,3.059953927993774414e+00,-4.293981194496154785e-01,-2.114507436752319336e+00,-7.751958370208740234e-01,2.900121212005615234e+00,9.074582099914550781e+00
-6.819744706153869629e-01,-1.296951889991760254e+00,5.289691686630249023e-01,-1.280362606048583984e+00,-9.445186853408813477e-01,-1.764310002326965332e+00,-2.529024600982666016e+00,6.372833251953125000e-02,9.129410743713378906e+00,2.603968143463134766e+00,3.453108072280883789e+00,1.642809748649597168e+00,2.684361457824707031e+00,-2.142760515213012695e+00,-1.482461571693420410e+00,-2.039985418319702148e+00,-1.242064356803894043e+00,-2.976246833801269531e+00,-1.417018175125122070e+00,-1.145859956741333008e+00,-1.219839692115783691e+00,-3.393262147903442383e+00,-8.393540382385253906e-01,4.637117497622966766e-03,-2.042989015579223633e+00,-2.039881706237792969e+00,6.087858080863952637e-01,-7.703385949134826660e-01,3.501549482345581055e+00,3.126365900039672852e+00,1.400197625160217285e+00,4.733987331390380859e+00,-9.406073689460754395e-01,1.722313761711120605e+00,-1.041756272315979004e+00,-3.031478881835937500e+00,2.319357842206954956e-01,-7.468655705451965332e-01,1.075384378433227539e+00,1.626195788383483887e+00,-2.807958424091339111e-01,7.085009813308715820e-01,-1.412755250930786133e+00,1.565522886812686920e-02,2.089046001434326172e+00,-1.930406332015991211e+00,-1.915155887603759766e+00,-1.891995191574096680e+00,-7.026368975639343262e-01,-9.209023714065551758e-01,-2.693043708801269531e+00,-3.219344854354858398e+00,2.349531412124633789e+00,-1.359128355979919434e+00,-6.163621544837951660e-01,-1.871004462242126465e+00,-2.427478790283203125e+00,-2.397625207901000977e+00,-2.214292049407958984e+00,-3.703464031219482422e+00,-1.888236999511718750e+00,-3.351728022098541260e-01,1.524990320205688477e+00,-1.236820518970489502e-01,-4.131317138671875000e-01,2.647480964660644531e-01,1.179640531539916992e+00,4.368602752685546875e+00,-1.175530195236206055e+00,4.513398170471191406e+00,-2.453041523694992065e-01,-1.532139062881469727e+00,3.412422537803649902e-02,1.225354194641113281e+00,-7.865831851959228516e-01,-2.471665620803833008e+00,-1.181819796562194824e+00,-2.368144750595092773e+00,2.802597284317016602e+00,-6.029010415077209473e-01,-9.822652488946914673e-02,-2.698266029357910156e+00,-2.452589988708496094e+00,3.762578964233398438e-02,-3.108297109603881836e+00,8.507452607154846191e-01,-5.614770889282226562e+00,-4.831056296825408936e-02,-2.983736515045166016e+00,-1.666888236999511719e+00,9.044157266616821289e-01,-2.013651132583618164e+00,-3.541424274444580078e+00,-2.713552713394165039e+00,1.709005594253540039e+00,-3.744151592254638672e-01,-1.508738398551940918e+00,-4.258048832416534424e-01,4.212781429290771484e+00,3.210558891296386719e+00
-7.460270822048187256e-02,1.049189925193786621e+00,8.449014663696289062e+00,-1.112459063529968262e+00,1.153221964836120605e+00,-3.980569839477539062e-01,1.177895307540893555e+00,-3.527621030807495117e+00,-2.000664621591567993e-01,8.257107734680175781e+00,-2.292516469955444336e+00,1.265172958374023438e+00,1.378032445907592773e+00,-7.570400238037109375e-01,-8.186571002006530762e-01,-2.352912664413452148e+00,-2.211946547031402588e-01,-2.757620334625244141e+00,-1.903994441032409668e+00,-4.152307987213134766e+00,-6.977331638336181641e-01,-2.673739433288574219e+00,-2.805574655532836914e+00,-6.186277270317077637e-01,-4.108867421746253967e-02,1.858247220516204834e-01,1.109362244606018066e+00,-3.558773398399353027e-01,5.240828037261962891e+00,5.866053700447082520e-01,8.145168423652648926e-01,7.430947780609130859e+00,-1.333609104156494141e+00,-1.357670068740844727e+00,-2.382594585418701172e+00,-2.846585512161254883e+00,-3.220695734024047852e+00,1.427101016044616699e+00,-6.408445835113525391e-01,1.886831641197204590e+00,2.042803049087524414e+00,-8.825938105583190918e-01,-3.889916241168975830e-01,-3.036133944988250732e-01,-5.228635668754577637e-01,6.917756795883178711e-01,-6.733798980712890625e-02,2.832857966423034668e-01,-3.602957427501678467e-01,-3.114870309829711914e+00,-2.460442781448364258e+00,-1.615413546562194824e+00,-1.021675229072570801e+00,3.756153285503387451e-01,-4.732423126697540283e-01,-2.828454732894897461e+00,4.829017072916030884e-02,-2.506906986236572266e+00,7.650699019432067871e-01,-1.553840756416320801e+00,-1.697149276733398438e+00,-1.591578245162963867e+00,2.145210266113281250e+00,-4.120231628417968750e+00,2.399277687072753906e-01,2.266218662261962891e-01,-1.075723171234130859e+00,5.353649854660034180e-01,-2.665653228759765625e+00,3.300280570983886719e+00,2.072857618331909180e+00,-2.758685111999511719e+00,-4.464278221130371094e-01,1.505752921104431152e+00,5.609270930290222168e-01,-3.003922402858734131e-01,-7.112413644790649414e-01,-2.587622880935668945e+00,4.191601276397705078e+00,1.463170498609542847e-01,1.403398275375366211e+00,-2.664701700210571289e+00,3.759935498237609863e-01,9.809935688972473145e-01,-1.463098883628845215e+00,-7.471172213554382324e-01,-3.345908403396606445e+00,7.904155254364013672e-01,-1.342032313346862793e+00,1.765934109687805176e+00,-1.370645403861999512e+00,-3.491495847702026367e-01,1.195323228836059570e+00,1.010816991329193115e-01,4.375244379043579102e-01,-3.790896534919738770e-01,-3.161984682083129883e-01,-1.149443745613098145e+00,-1.554885506629943848e+00,5.184053897857666016e+00
-1.827384471893310547e+00,-2.560927867889404297e+00,-2.022351503372192383e+00,2.738084316253662109e+00,-2.956567525863647461e+00,-1.915964603424072266e+00,2.928685188293457031e+00,-1.306026458740234375e+00,5.702190995216369629e-01,5.250127792358398438e+00,9.916794300079345703e-01,4.252629756927490234e+00,-5.624231696128845215e-01,-1.422364354133605957e+00,2.966953814029693604e-01,-5.991092324256896973e-01,-8.998972773551940918e-01,5.670725703239440918e-01,2.730561792850494385e-01,-5.882887840270996094e-01,6.424437165260314941e-01,-2.387644529342651367e+00,4.438383877277374268e-02,-2.723058164119720459e-01,-1.551902055740356445e+00,3.220275402069091797e+00,1.664172649383544922e+00,-7.451483607292175293e-02,-2.893826484680175781e+00,1.238174661993980408e-01,3.853204250335693359e-01,2.821486949920654297e+00,-4.673993289470672607e-01,3.669304847717285156e+00,-3.353190898895263672e+00,2.817429542541503906e+00,1.640819162130355835e-01,1.503985047340393066e+00,1.991885185241699219e+00,-1.430692315101623535e+00,5.404312610626220703e-01,-3.865298986434936523e+00,4.645424336194992065e-02,-2.870716154575347900e-01,7.933562994003295898e-01,-1.886869549751281738e+00,4.853602409362792969e+00,2.594851016998291016e+00,-3.956248998641967773e+00,2.583149373531341553e-01,1.326734066009521484e+00,1.104856133460998535e+00,-6.886506676673889160e-01,-9.364058971405029297e-01,-1.499499320983886719e+00,7.599177956581115723e-01,-3.496513128280639648e+00,-2.205163478851318359e+00,-2.688471317291259766e+00,-2.612366914749145508e+00,-7.939823865890502930e-01,-8.755386471748352051e-01,1.825326919555664062e+00,-1.982764720916748047e+00,2.612001419067382812e+00,1.169211268424987793e+00,3.301766157150268555e+00,4.278718233108520508e-01,1.595909714698791504e+00,2.945170164108276367e+00,-2.751596450805664062e+00,-6.324041485786437988e-01,-2.374583244323730469e+00,-3.627175807952880859e+00,-9.848826527595520020e-01,-2.293024778366088867e+00,1.718065619468688965e+00,2.037157297134399414e+00,6.875181794166564941e-01,-1.358594536781311035e+00,1.050835609436035156e+00,-2.072435617446899414e+00,5.925095558166503906e+00,2.003569126129150391e+00,-2.889908313751220703e+00,-1.526501297950744629e+00,2.640983834862709045e-02,5.322838306427001953e+00,-9.440356492996215820e-01,-3.855075836181640625e+00,8.323953151702880859e-01,3.335585594177246094e+00,-4.377228617668151855e-01,-2.035254955291748047e+00,1.029670119285583496e+00,-1.983707070350646973e+00,-1.082660198211669922e+00,-1.557536840438842773e+00,-1.328472971916198730e+00,3.646162748336791992e-01
-2.649214565753936768e-01,1.345778107643127441e+00,9.086798429489135742e-01,-9.926174879074096680e-01,-1.517095685005187988e+00,-7.994174361228942871e-01,-3.800587892532348633e+00,-1.942719936370849609e+00,-3.494423329830169678e-01,-2.207825422286987305e+00,-3.977836370468139648e+00,1.665255904197692871e+00,8.751503825187683105e-01,-7.038651108741760254e-01,-1.721746563911437988e+00,-2.640750646591186523e+00,1.320993304252624512e+00,1.217494726181030273e+00,-2.623575925827026367e-01,-5.688812732696533203e-01,9.690161347389221191e-01,2.250585794448852539e+00,3.280166387557983398e-01,-2.623005628585815430e+00,5.128763318061828613e-01,1.438280701637268066e+00,-2.519717931747436523e+00,4.700183868408203125e-01,4.337296187877655029e-01,3.470089286565780640e-04,-7.584295868873596191e-01,2.400480806827545166e-01,7.016076445579528809e-01,-1.389583706855773926e+00,-3.461010694503784180e+00,-6.512311100959777832e-01,1.219269633293151855e+00,1.396141886711120605e+00,5.694671869277954102e-01,-1.467522382736206055e+00,-2.214023113250732422e+00,-1.843209266662597656e+00,-2.373551845550537109e+00,-8.509570360183715820e-02,-1.460397481918334961e+00,2.626796245574951172e+00,-2.331613779067993164e+00,2.971317432820796967e-02,6.740744411945343018e-02,-3.212683439254760742e+00,8.513817787170410156e-01,1.458972573280334473e+00,7.946277856826782227e-01,-3.450313568115234375e+00,-2.736194133758544922e-01,-7.774450182914733887e-01,2.015667915344238281e+00,-2.973771393299102783e-01,-7.003847956657409668e-01,1.579925346374511719e+01,2.970804929733276367e+00,-1.525966823101043701e-01,-1.965718626976013184e+00,1.562947869300842285e+00,-2.218896627426147461e+00,-1.192681789398193359e+00,1.563522696495056152e+00,-1.236217975616455078e+00,-2.007196426391601562e+00,-2.267142772674560547e+00,-2.132713317871093750e+00,3.515271186828613281e+00,-1.962934613227844238e+00,1.278485178947448730e+00,-1.700790166854858398e+00,-4.124500453472137451e-01,-2.723211526870727539e+00,7.426627874374389648e-01,3.339160680770874023e+00,4.448328018188476562e+00,-1.265940666198730469e+00,-6.984449625015258789e-01,2.601455926895141602e+00,-2.829454183578491211e+00,1.062137961387634277e+00,-2.409799396991729736e-01,-7.335237264633178711e-01,1.079723000526428223e+00,-1.282569289207458496e+00,1.311953306198120117e+00,8.555815815925598145e-01,2.471984386444091797e+00,-2.723036110401153564e-01,2.207044810056686401e-01,-2.148317813873291016e+00,-2.079944849014282227e+00,-1.351378798484802246e+00,2.713369131088256836e+00,-7.071173787117004395e-01,-2.848310470581054688e+00
1.953664779663085938e+00,-2.524733781814575195e+00,-1.334710240364074707e+00,2.541581630706787109e+00,-6.898296475410461426e-01,6.214976787567138672e+00,-1.474585652351379395e+00,-6.036934852600097656e-01,-1.007690310478210449e+00,-1.159243226051330566e+00,-5.420809984207153320e-01,4.009388446807861328e+00,1.268415689468383789e+00,-7.495027780532836914e-01,-2.125395059585571289e+00,-2.824687480926513672e+00,-8.757296949625015259e-02,-2.288106203079223633e+00,-1.338375210762023926e-01,1.964202165603637695e+00,-6.951639056205749512e-01,-1.639811754226684570e+00,-1.563798069953918457e+00,-1.609724998474121094e+00,9.672064781188964844e-01,-1.297257781028747559e+00,-1.411843180656433105e+00,7.358600199222564697e-02,-1.519661545753479004e+00,-3.857129812240600586e-02,6.753068447113037109e+00,2.357362985610961914e+00,-8.132617920637130737e-03,2.228635549545288086e+00,-5.144692063331604004e-01,-1.808961272239685059e+00,3.356260776519775391e+00,1.694799065589904785e+00,1.185162305831909180e+00,-3.392561435699462891e+00,-1.568952083587646484e+00,-5.382748246192932129e-01,1.531742572784423828e+00,1.108301877975463867e+00,-4.919869303703308105e-01,-7.702761292457580566e-01,-4.174702644348144531e+00,-2.337278366088867188e+00,2.642307519912719727e+00,-1.798869132995605469e+00,-2.264504194259643555e+00,-1.774731576442718506e-01,-1.469485998153686523e+00,-1.236573457717895508e+00,-4.933907687664031982e-01,-3.591522455215454102e+00,4.721836745738983154e-02,-4.423761367797851562e-01,-2.680123805999755859e+00,1.205389261245727539e+00,2.242023229598999023e+00,-1.366206645965576172e+00,-2.734166383743286133e+00,9.716163277626037598e-01,-3.463886260986328125e+00,4.520819187164306641e+00,6.875625610351562500e+00,-2.090693950653076172e+00,-4.643654346466064453e+00,1.515209913253784180e+00,-5.406863689422607422e-01,2.713907241821289062e+00,-2.124305725097656250e+00,2.871888160705566406e+00,-1.244969248771667480e+00,-1.480859518051147461e+00,-5.609077930450439453e+00,3.180329799652099609e+00,2.147728681564331055e+00,-1.171726465225219727e+00,1.497416138648986816e+00,7.227590680122375488e-01,-2.264708042144775391e+00,-9.253391623497009277e-01,-1.337477087974548340e+00,2.117874771356582642e-01,-2.444899082183837891e+00,-2.567723512649536133e+00,1.038224026560783386e-01,4.509487628936767578e+00,7.201418280601501465e-01,-5.194450020790100098e-01,-3.563329935073852539e+00,-1.004466772079467773e+00,-2.193189144134521484e+00,7.824426174163818359e+00,-1.775933861732482910e+00,2.650378644466400146e-01,2.373405218124389648e+00,-9.910360574722290039e-01
5.413815975189208984e-01,6.658960580825805664e-01,-4.722414612770080566e-01,-1.077656149864196777e+00,1.448263072967529297e+01,1.966907382011413574e+00,3.725871086120605469e+00,5.722619891166687012e-01,-1.031613945960998535e+00,-1.035962581634521484e+00,4.823891818523406982e-01,1.389791846275329590e+00,-2.609672546386718750e+00,1.214176297187805176e+00,2.673586845397949219e+00,1.529044508934020996e+00,-1.002063751220703125e+00,1.560724139213562012e+00,-3.017150640487670898e+00,5.849398374557495117e-01,7.753755450248718262e-01,-1.426082551479339600e-01,8.338416814804077148e-01,1.711069464683532715e+00,1.504530549049377441e+00,-6.375147700309753418e-01,-1.135898947715759277e+00,-2.964598417282104492e+00,3.689612150192260742e+00,-1.209920085966587067e-02,1.235936522483825684e+00,2.225971937179565430e+00,-1.093071848154067993e-01,-1.456676840782165527e+00,1.096117734909057617e+00,2.037447392940521240e-01,-3.522324800491333008e+00,-4.786190688610076904e-01,-5.996758460998535156e+00,-1.157331943511962891e+00,1.819322824478149414e+00,-4.799990952014923096e-01,-1.472023874521255493e-01,6.243829131126403809e-01,6.591746807098388672e-01,2.512460231781005859e+00,-2.295318841934204102e+00,-9.977746009826660156e-01,-1.556445240974426270e+00,-2.700176477432250977e+00,-2.656555891036987305e+00,8.485217094421386719e-01,3.652084589004516602e+00,1.909533262252807617e+00,-3.012943983078002930e+00,1.037003248929977417e-01,4.985545575618743896e-01,-2.200171798467636108e-01,2.121967554092407227e+00,-1.684448838233947754e+00,-1.420391082763671875e+00,-1.425055861473083496e+00,3.874794542789459229e-01,-3.978183269500732422e+00,-2.394232273101806641e+00,-1.518243193626403809e+00,-2.917418479919433594e+00,-2.832472324371337891e-01,-4.049017906188964844e+00,-2.221633911132812500e+00,1.485195994377136230e+00,1.515063166618347168e+00,1.959479749202728271e-01,2.173799753189086914e+00,2.511888444423675537e-01,-2.404819488525390625e+00,-9.782891869544982910e-01,-1.287411451339721680e+00,-1.351849079132080078e+00,2.010810375213623047e+00,-1.126118063926696777e+00,7.270419001579284668e-01,-2.802474498748779297e-01,-3.512106895446777344e+00,2.909400224685668945e+00,2.045426517724990845e-04,-1.641917705535888672e+00,1.999108076095581055e+00,1.725756764411926270e+00,1.298690438270568848e+00,-1.386594891548156738e+00,-4.472718760371208191e-02,4.063534364104270935e-02,-3.085879087448120117e+00,-4.868121743202209473e-01,-7.370187640190124512e-01,4.109955310821533203e+00,3.750499784946441650e-01,-2.309796094894409180e+00,1.320382475852966309e+00
-1.034660100936889648e+00,-1.850511074066162109e+00,6.581512689590454102e-01,1.597188711166381836e+00,-1.371075391769409180e+00,-1.983194589614868164e+00,-9.999879002571105957e-01,-2.099000453948974609e+00,9.513647079467773438e+00,2.942880868911743164e+00,2.468109846115112305e+00,2.197240591049194336e+00,1.849966496229171753e-01,-1.499322652816772461e+00,4.116243124008178711e-01,-2.741545677185058594e+00,-1.185559988021850586e+00,-3.127094030380249023e+00,-2.505181074142456055e+00,-2.731215238571166992e+00,3.413301467895507812e+00,-2.302115917205810547e+00,-2.310691595077514648e+00,-1.669137597084045410e+00,-1.039172768592834473e+00,-2.637349843978881836e+00,1.782763481140136719e+00,-1.572301506996154785e+00,4.942542612552642822e-01,1.016114592552185059e+00,2.582915067672729492e+00,3.707987785339355469e+00,-2.220703601837158203e+00,-3.844868242740631104e-01,-4.658199846744537354e-01,-2.448315382003784180e+00,3.261934995651245117e+00,-1.163894295692443848e+00,-5.946808457374572754e-01,4.260943830013275146e-01,1.310964107513427734e+00,-2.618067264556884766e+00,-1.482999324798583984e-01,3.719737827777862549e-01,1.064300388097763062e-01,7.215633988380432129e-01,1.325751781463623047e+00,-4.080466926097869873e-01,2.738626301288604736e-01,2.092366293072700500e-02,-1.943925023078918457e+00,-1.195124387741088867e+00,3.832005500793457031e+00,-1.324005126953125000e+00,-2.349789440631866455e-01,-2.116743564605712891e+00,-5.516694188117980957e-01,-1.095109939575195312e+00,-1.754324674606323242e+00,-1.864292740821838379e+00,-1.147179126739501953e+00,6.515831947326660156e-01,-8.028307557106018066e-01,-1.087395429611206055e+00,7.890537381172180176e-01,5.268621921539306641e+00,8.058111667633056641e-01,-1.783751010894775391e+00,-9.948473572731018066e-01,6.276065349578857422e+00,-5.211098790168762207e-01,-2.952499628067016602e+00,-1.829918920993804932e-01,-8.440916538238525391e-01,-1.586224913597106934e+00,-2.438819408416748047e+00,-2.282320737838745117e+00,-6.343643069267272949e-01,9.475305080413818359e-01,-9.222874045372009277e-01,2.314418852329254150e-01,-2.128409147262573242e+00,-2.203305482864379883e+00,-9.338299632072448730e-01,-1.152836084365844727e+00,-6.331617236137390137e-01,-4.422904014587402344e+00,7.311683893203735352e-01,-2.339176893234252930e+00,-2.316983938217163086e+00,-1.734765321016311646e-01,-2.471625804901123047e+00,-1.484325170516967773e+00,-1.132933974266052246e+00,9.021165966987609863e-01,-8.183974027633666992e-01,-2.488968133926391602e+00,-6.070126295089721680e-01,1.397090911865234375e+00,7.458430290222167969e+00
1.245389342308044434e+00,1.150713682174682617e+00,2.272462844848632812e+00,-1.686830759048461914e+00,2.752273380756378174e-01,-1.589897394180297852e+00,-7.721338272094726562e-01,-7.878900170326232910e-01,6.263562440872192383e-01,-2.348023653030395508e+00,-1.242813467979431152e+00,2.585568189620971680e+00,1.229337096214294434e+00,-1.079460859298706055e+00,2.144440710544586182e-01,-1.035138964653015137e+00,1.171417808532714844e+01,1.214814186096191406e+00,-5.714145898818969727e-01,3.064921796321868896e-01,-6.361560523509979248e-02,-9.820410013198852539e-01,-1.163029074668884277e+00,-2.678699493408203125e+00,6.082214117050170898e-01,-2.468859910964965820e+00,6.714454889297485352e-01,-8.358752727508544922e-01,2.956986188888549805e+00,-9.037865400314331055e-01,1.897616744041442871e+00,2.572590589523315430e+00,-1.629444003105163574e+00,-2.137091159820556641e+00,-1.697938203811645508e+00,-1.077403128147125244e-01,-3.180438280105590820e-01,-9.390546679496765137e-01,9.149239659309387207e-01,-9.679955244064331055e-01,-1.063878774642944336e+00,-1.869361400604248047e+00,-7.301536202430725098e-01,-8.115833401679992676e-01,-2.810976505279541016e+00,1.580529451370239258e+00,-2.125963687896728516e+00,-1.547707438468933105e+00,-4.951199591159820557e-01,1.225404620170593262e+00,-3.027612686157226562e+00,-1.068249344825744629e+00,-3.511767685413360596e-01,-2.193697452545166016e+00,-6.604070067405700684e-01,-2.257779598236083984e+00,2.497361660003662109e+00,-8.072787523269653320e-01,-2.233885288238525391e+00,3.707484960556030273e+00,1.880636692047119141e+00,1.145184993743896484e+00,4.215658187866210938e+00,-9.867590665817260742e-01,-1.822332143783569336e+00,5.732197314500808716e-02,-2.625795900821685791e-01,-1.941676616668701172e+00,-1.468099117279052734e+00,4.196419119834899902e-01,-1.493272662162780762e+00,-1.896968245506286621e+00,-4.461801648139953613e-01,2.256454706192016602e+00,-3.072327375411987305e+00,1.308387160301208496e+00,-3.274118661880493164e+00,-1.920767188072204590e+00,7.368529796600341797e+00,6.685678362846374512e-01,-4.535782814025878906e+00,2.230331420898437500e+00,1.875533103942871094e+00,-1.685767412185668945e+00,-2.262917309999465942e-01,7.152792066335678101e-02,-4.154655933380126953e+00,1.227048397064208984e+00,-2.691075563430786133e+00,2.196946382522583008e+00,-7.378680109977722168e-01,9.588548541069030762e-01,-1.539466738700866699e+00,-8.989185094833374023e-01,-1.736324191093444824e+00,9.651492834091186523e-01,-1.904935717582702637e+00,1.314769625663757324e+00,-1.798920631408691406e-01,9.658232331275939941e-01
9.910284876823425293e-01,-8.918448686599731445e-01,-2.587289094924926758e+00,8.639343827962875366e-02,7.058702111244201660e-01,1.696251392364501953e+00,4.334214925765991211e-01,-1.974254846572875977e+00,2.154297977685928345e-01,3.426757574081420898e+00,-3.065733909606933594e+00,3.309593796730041504e-01,-1.931429266929626465e+00,-3.034492492675781250e+00,-6.433160305023193359e-01,-3.344381570816040039e+00,5.783649682998657227e-01,-3.000144362449645996e-01,-1.169361352920532227e+00,6.293238639831542969e+00,-5.544783547520637512e-02,-2.443271160125732422e+00,9.416902065277099609e-01,2.418708652257919312e-01,-2.118690967559814453e+00,1.790071576833724976e-01,8.148546814918518066e-01,-7.453036308288574219e-01,3.555368661880493164e+00,-1.314434051513671875e+00,1.377157211303710938e+00,3.248345375061035156e+00,-1.244310855865478516e+00,1.465718388557434082e+00,1.233272314071655273e+00,1.100768566131591797e+00,4.797008037567138672e+00,7.009189724922180176e-01,1.116074085235595703e+00,-2.570684671401977539e+00,-1.924368500709533691e+00,2.171240568161010742e+00,-8.643432259559631348e-01,1.232058763504028320e+00,-2.285154819488525391e+00,6.447703242301940918e-01,-8.301706314086914062e-01,4.746462345123291016e+00,1.636805891990661621e+00,-1.778294444084167480e+00,-4.620858669281005859e+00,-2.899290561676025391e+00,-2.731947660446166992e+00,-1.899727940559387207e+00,-2.071810245513916016e+00,-8.319605588912963867e-01,1.563077092170715332e+00,-1.721571922302246094e+00,-1.958339214324951172e+00,-9.976673871278762817e-02,-1.713176965713500977e-01,1.904248118400573730e+00,-1.025506973266601562e+00,3.069466650485992432e-01,-4.760375618934631348e-01,1.220983505249023438e+00,4.726383835077285767e-02,-3.956786096096038818e-01,-2.044324636459350586e+00,-2.098345994949340820e+00,1.956333875656127930e+00,5.569604635238647461e-01,1.065431976318359375e+01,-1.136957287788391113e+00,-2.496897935867309570e+00,-4.054781794548034668e-01,-2.282841205596923828e+00,-2.150479078292846680e+00,8.402436375617980957e-01,-1.337405323982238770e+00,-2.054071426391601562e+00,1.924478530883789062e+00,-3.322279691696166992e+00,3.501593768596649170e-01,-5.996770262718200684e-01,9.637072682380676270e-01,-3.081100940704345703e+00,-3.767911344766616821e-02,5.641278624534606934e-01,5.463517308235168457e-01,-4.179137945175170898e-01,-9.039151072502136230e-01,-7.067732214927673340e-01,-2.391786098480224609e+00,2.541096687316894531e+00,-1.138044118881225586e+00,-6.703782081604003906e-01,8.074428141117095947e-02,-1.774605393409729004e+00,4.575987815856933594e+00
6.761332750320434570e-01,6.417013406753540039e-01,4.347343444824218750e-01,-1.223604008555412292e-01,2.371020078659057617e+00,-4.881607592105865479e-01,5.499057292938232422e+00,-2.555510520935058594e+00,-2.178986549377441406e+00,3.139366388320922852e+00,5.043103694915771484e-01,3.717581987380981445e+00,-2.285465717315673828e+00,-3.163264989852905273e-01,1.115192621946334839e-01,1.925922870635986328e+00,-3.314840197563171387e-01,9.352034330368041992e-01,-1.313492894172668457e+00,-2.934521675109863281e+00,-3.615661561489105225e-01,-9.725083112716674805e-01,-1.161220431327819824e+00,1.732801556587219238e+00,-1.516136765480041504e+00,2.179683923721313477e+00,-2.219912260770797729e-01,9.796234965324401855e-02,6.284265995025634766e+00,-2.952510356903076172e+00,1.102338552474975586e+00,7.518338680267333984e+00,-2.675986051559448242e+00,-2.227333784103393555e+00,1.128978013992309570e+00,-4.043792784214019775e-01,-2.301958799362182617e+00,2.263425476849079132e-02,-1.289819240570068359e+00,-1.284090638160705566e+00,-8.109928965568542480e-01,1.778102159500122070e+00,-9.781670570373535156e-01,-2.325473546981811523e+00,3.648739308118820190e-03,-9.431998133659362793e-01,-7.390298843383789062e-01,4.649392127990722656e+00,-2.201532125473022461e+00,-6.791166067123413086e-01,-3.352133750915527344e+00,-1.836248874664306641e+00,-1.461207985877990723e+00,-2.222184389829635620e-01,-2.621178150177001953e+00,2.066933631896972656e+00,1.643867254257202148e+00,-1.852297306060791016e+00,-5.587768554687500000e-01,-2.704784393310546875e+00,-1.087958574295043945e+00,2.007738351821899414e+00,1.165794754028320312e+01,-2.982313871383666992e+00,1.241670608520507812e+00,-1.391954421997070312e+00,-6.826586723327636719e-01,-2.191116958856582642e-01,-2.138688087463378906e+00,1.344202756881713867e+00,2.083769798278808594e+00,-2.250521421432495117e+00,2.879187166690826416e-01,-9.302350133657455444e-02,-2.269656658172607422e-01,1.072850078344345093e-01,-3.160247802734375000e+00,1.085059344768524170e-01,4.416129589080810547e+00,-1.288721114397048950e-01,4.528284072875976562e-01,-1.664577484130859375e+00,-3.839918136596679688e+00,2.598398685455322266e+00,-7.068260312080383301e-01,-2.688411474227905273e+00,-2.428828001022338867e+00,6.922245621681213379e-01,-1.183554053306579590e+00,9.390795826911926270e-01,-5.158899426460266113e-01,-1.271374821662902832e+00,-1.888298749923706055e+00,-6.315391659736633301e-01,-3.632298409938812256e-01,-1.521679043769836426e+00,8.795052170753479004e-01,-2.400567054748535156e+00,-4.595202803611755371e-01,3.539093494415283203e+00
1.930975675582885742e+00,-6.347811818122863770e-01,-6.197004318237304688e-01,-7.018337845802307129e-01,-8.998172283172607422e-01,1.550414562225341797e+00,-2.745872020721435547e+00,-4.128575801849365234e+00,-6.040987968444824219e-01,-5.345428586006164551e-01,-5.968739837408065796e-02,3.499468326568603516e+00,2.421896457672119141e-01,-9.503013491630554199e-01,-3.981153666973114014e-02,-3.097427845001220703e+00,-9.361871480941772461e-01,-1.610542654991149902e+00,3.569243669509887695e+00,-2.423751592636108398e+00,-8.611812442541122437e-02,1.376131325960159302e-01,1.574754834175109863e+00,2.615228593349456787e-01,1.539037108421325684e+00,-5.683763623237609863e-01,6.353284716606140137e-01,-1.405891299247741699e+00,2.614924907684326172e-01,3.322764635086059570e+00,1.828486442565917969e+00,5.148064136505126953e+00,-2.145369768142700195e+00,4.309471249580383301e-01,-2.672082185745239258e+00,-7.374850511550903320e-01,-1.066496372222900391e+00,9.373508691787719727e-01,-1.056906580924987793e+00,1.272175192832946777e+00,-1.125292778015136719e+00,-4.523783683776855469e+00,-9.583115577697753906e-01,-2.128084655851125717e-03,-6.580818295478820801e-01,4.658641219139099121e-01,-2.372087001800537109e+00,-2.915638089179992676e-01,-8.072396516799926758e-01,4.532145559787750244e-01,-1.669858455657958984e+00,1.599342584609985352e+00,-7.968103289604187012e-01,-2.356335371732711792e-01,1.593499302864074707e+00,7.992253303527832031e-01,1.131558418273925781e+00,-1.584617853164672852e+00,-1.989881753921508789e+00,4.187184810638427734e+00,2.376806735992431641e-01,-1.535064339637756348e+00,1.729352116584777832e+00,-1.656967163085937500e+00,-1.463270306587219238e+00,-8.209032416343688965e-01,3.839838981628417969e+00,-3.012501955032348633e+00,-2.319182395935058594e+00,-3.089286684989929199e-01,-9.976542592048645020e-01,3.595414161682128906e+00,-2.888439416885375977e+00,7.112463712692260742e-01,-1.438453078269958496e+00,-1.664729118347167969e+00,-4.661521911621093750e+00,-1.138604357838630676e-01,1.239150333404541016e+01,-9.435250163078308105e-01,-9.790385365486145020e-01,-1.247444272041320801e+00,2.077992111444473267e-01,1.591428995132446289e+00,-2.114409685134887695e+00,-1.441407084465026855e+00,-3.665560007095336914e+00,-1.320462822914123535e-01,-3.407773971557617188e+00,1.450460314750671387e+00,4.232849478721618652e-01,-3.401668742299079895e-02,-2.533437252044677734e+00,-3.228434324264526367e+00,-1.516428112983703613e+00,1.486536711454391479e-01,-3.026944398880004883e-01,8.625777363777160645e-01,-5.578246712684631348e-02,6.132718324661254883e-01
-1.906388550996780396e-01,-1.333905100822448730e+00,-1.150778770446777344e+00,3.199473023414611816e-01,4.644412547349929810e-02,-2.341559410095214844e+00,-1.576340198516845703e+00,-1.917873740196228027e+00,-6.083208918571472168e-01,2.838427543640136719e+00,-2.426357984542846680e+00,2.147714138031005859e+00,1.291168785095214844e+01,-5.120841860771179199e-01,-2.015625953674316406e+00,-4.004197120666503906e+00,1.382100701332092285e+00,-5.314624309539794922e-01,-4.647245705127716064e-01,-9.120846539735794067e-02,-3.049364328384399414e+00,-5.521244406700134277e-01,8.862740993499755859e-01,9.915774464607238770e-01,-7.351530194282531738e-01,-2.975191473960876465e-01,-1.256697416305541992e+00,-8.182815313339233398e-01,1.418809294700622559e+00,-5.541314482688903809e-01,2.390881299972534180e+00,3.083513975143432617e+00,1.069617867469787598e+00,-1.129295945167541504e+00,2.336272716522216797e+00,-3.618032217025756836e+00,-3.153991937637329102e+00,-9.984834790229797363e-01,3.883579492568969727e+00,6.243279933929443359e+00,6.545285135507583618e-02,5.076529383659362793e-01,-5.523478984832763672e-02,-1.441619396209716797e+00,-1.605366349220275879e+00,-9.372491836547851562e-01,-4.064599990844726562e+00,-1.780030250549316406e+00,6.730788946151733398e-01,-2.451323270797729492e+00,8.696243762969970703e-01,-1.720847725868225098e+00,3.439261615276336670e-01,-2.188668847084045410e-01,-2.592522144317626953e+00,-1.125217914581298828e+00,-3.066469430923461914e+00,-2.232254743576049805e+00,5.712367296218872070e-01,-4.409290105104446411e-02,-2.488637685775756836e+00,-2.015965223312377930e+00,2.965878248214721680e-01,-1.528471469879150391e+00,-9.203179925680160522e-02,4.020591825246810913e-02,3.792992115020751953e+00,-1.279740333557128906e-01,-3.140211820602416992e+00,7.383643984794616699e-01,2.044902801513671875e+00,-5.463058948516845703e-01,-1.393951892852783203e+00,6.264888644218444824e-01,2.580424785614013672e+00,2.599038124084472656e+00,-1.013122320175170898e+00,-2.725303411483764648e+00,4.055750846862792969e+00,-2.628513872623443604e-01,8.059172332286834717e-02,-3.985574960708618164e+00,-3.322702169418334961e+00,2.718091726303100586e+00,-1.875622510910034180e+00,2.255993604660034180e+00,-2.339235067367553711e+00,-5.033624768257141113e-01,-2.248223543167114258e+00,3.022236227989196777e-01,8.190633654594421387e-01,-3.077450275421142578e+00,-1.294095754623413086e+00,-2.525675535202026367e+00,-1.027737379074096680e+00,3.811697006225585938e+00,-1.339821577072143555e+00,2.822511911392211914e+00,8.855027556419372559e-01,-7.678264379501342773e-01
6.103602647781372070e-01,-3.459556579589843750e+00,7.799727916717529297e-01,5.546939969062805176e-01,1.440810680389404297e+00,-9.493079185485839844e-01,2.633469581604003906e+00,-2.794919729232788086e+00,1.654543757438659668e+00,3.386171817779541016e+00,1.033759713172912598e+00,6.564921885728836060e-02,-8.013186454772949219e-01,-1.848734736442565918e+00,-1.172010302543640137e+00,5.480942130088806152e-01,-2.510603666305541992e+00,2.902920007705688477e+00,-3.207055330276489258e+00,-1.323577046394348145e+00,-9.223482608795166016e-01,-2.988961935043334961e+00,-2.164360046386718750e+00,-3.151560783386230469e+00,2.898693323135375977e+00,-1.180312633514404297e+00,2.008096933364868164e+00,1.607172727584838867e+00,9.588786363601684570e-01,2.071995973587036133e+00,3.464490890502929688e+00,4.072604179382324219e+00,-1.122454047203063965e+00,1.684090971946716309e+00,1.705058366060256958e-01,-1.199374318122863770e+00,-1.375097155570983887e+00,-8.441830277442932129e-01,-2.552247524261474609e+00,-1.173266768455505371e+00,-3.348735570907592773e-01,1.106286525726318359e+00,-1.031197190284729004e+00,3.254054069519042969e+00,6.120276451110839844e-01,-1.824176684021949768e-02,-1.032832503318786621e+00,1.533097743988037109e+00,-9.782649278640747070e-01,-4.740406036376953125e+00,-2.510284185409545898e+00,-1.283202886581420898e+00,3.692359209060668945e+00,-1.591095566749572754e+00,-2.875346660614013672e+00,-3.733265638351440430e+00,-8.312349319458007812e-01,-1.486974716186523438e+00,8.031641006469726562e+00,-1.473204731941223145e+00,3.312203288078308105e-01,-4.466351568698883057e-01,-4.431880712509155273e-01,-3.170141696929931641e+00,-7.769420146942138672e-01,1.121540904045104980e+00,6.055030226707458496e-01,-1.224274992942810059e+00,-4.156713008880615234e+00,2.414847850799560547e+00,2.669813156127929688e+00,9.944279193878173828e-01,-2.396565675735473633e+00,2.452556133270263672e+00,2.094064950942993164e-01,-1.578789591789245605e+00,-2.450530767440795898e+00,-2.134655267000198364e-01,-2.218607425689697266e+00,-3.364058583974838257e-02,-1.579833745956420898e+00,-7.661486268043518066e-01,-3.336289525032043457e-01,-5.786529183387756348e-02,-1.593745231628417969e+00,-9.918059706687927246e-01,-3.721546411514282227e+00,2.625401258468627930e+00,-9.175261259078979492e-01,-8.960218727588653564e-02,4.202940464019775391e+00,-4.779142141342163086e-01,-1.515790343284606934e+00,-2.968996524810791016e+00,7.904308319091796875e+00,-2.889329671859741211e+00,-1.499174118041992188e+00,-1.027058720588684082e+00,7.012273073196411133e-01,1.394704461097717285e+00
-8.297231197357177734e-01,-9.827889204025268555e-01,2.222397923469543457e-01,2.170006990432739258e+00,-7.997216582298278809e-01,1.494544887542724609e+01,-1.356045365333557129e+00,-5.780951976776123047e-01,-1.364960074424743652e+00,-2.352202534675598145e-01,-2.941584289073944092e-01,1.426969766616821289e+00,-5.788587331771850586e-01,2.821028947830200195e+00,-8.748855590820312500e-01,-3.402800321578979492e+00,-9.038084745407104492e-01,-2.898458577692508698e-02,2.392484664916992188e+00,3.380002021789550781e+00,-1.003758907318115234e+00,-1.175622224807739258e+00,-9.858646988868713379e-01,-2.429647922515869141e+00,5.539974570274353027e-01,-6.139331459999084473e-01,-2.327507019042968750e+00,-1.536393642425537109e+00,-9.150823950767517090e-01,1.241316795349121094e+00,1.006065726280212402e+00,1.549847483634948730e+00,-3.286542594432830811e-01,2.736512184143066406e+00,-2.919176816940307617e+00,-1.729620218276977539e+00,1.742322206497192383e+00,1.495581746101379395e+00,-1.040412664413452148e+00,-9.755308628082275391e-01,-2.739809513092041016e+00,-3.173085749149322510e-01,3.364164590835571289e+00,1.446170955896377563e-01,1.365060091018676758e+00,-9.019939303398132324e-01,-1.258120417594909668e+00,-1.758578300476074219e+00,3.672548770904541016e+00,-1.222609043121337891e+00,-2.303777933120727539e+00,-8.033223152160644531e-01,-2.977665901184082031e+00,-7.334735393524169922e-01,4.623242914676666260e-01,-2.066118478775024414e+00,1.914705522358417511e-02,1.158085018396377563e-01,-2.319119453430175781e+00,-5.615029335021972656e-01,2.242570877075195312e+00,-9.362413287162780762e-01,-1.543006777763366699e+00,-3.056236207485198975e-01,1.657230019569396973e+00,2.251121997833251953e+00,3.619049787521362305e+00,-1.123164772987365723e+00,-2.498725414276123047e+00,1.156984716653823853e-01,-8.917707800865173340e-01,2.406541347503662109e+00,1.213906407356262207e-01,1.746543407440185547e+00,-1.376266598701477051e+00,1.132725924253463745e-01,-2.372385263442993164e+00,2.511220872402191162e-01,1.806642889976501465e+00,-2.311677932739257812e+00,2.661329984664916992e+00,1.761121988296508789e+00,-1.428718090057373047e+00,2.157484143972396851e-01,-9.889812469482421875e-01,6.731929779052734375e-01,-2.155625820159912109e+00,-4.362663924694061279e-01,-4.364770352840423584e-01,1.552795886993408203e+00,2.246511936187744141e+00,1.751884341239929199e+00,-1.137508988380432129e+00,-9.670451879501342773e-01,-2.393627882003784180e+00,3.335029125213623047e+00,-3.298801183700561523e+00,-1.470949649810791016e+00,1.343086481094360352e+00,7.120411396026611328e-01
-2.384057044982910156e+00,-1.629529833793640137e+00,-2.549380362033843994e-01,-3.981616795063018799e-01,-7.961652278900146484e-01,1.324327468872070312e+00,-3.802225589752197266e-01,-2.189938306808471680e+00,5.769348144531250000e-01,1.054597496986389160e+00,3.879671990871429443e-01,1.928005456924438477e+00,-7.456827163696289062e-01,-7.484419345855712891e-01,6.406418085098266602e-01,-2.836241483688354492e+00,-8.000137209892272949e-01,-1.051095724105834961e+00,-9.472240805625915527e-01,-2.355159997940063477e+00,2.089264631271362305e+00,-2.879701614379882812e+00,-2.064809203147888184e-01,-1.661498427391052246e+00,6.748967170715332031e-01,1.372705250978469849e-01,-7.253021001815795898e-01,2.568850278854370117e+00,-6.967743635177612305e-01,9.672314643859863281e+00,2.533771514892578125e+00,1.209382247924804688e+01,-1.199844360351562500e+00,-1.476888537406921387e+00,-2.393158674240112305e+00,-2.800341129302978516e+00,-7.603537440299987793e-01,7.839773297309875488e-01,-1.337862610816955566e+00,-2.214387655258178711e+00,-1.583855152130126953e+00,9.484519958496093750e-01,3.041796922683715820e+00,1.751114249229431152e+00,2.008199691772460938e+00,2.076854944229125977e+00,-1.120013356208801270e+00,1.398558616638183594e+00,-7.096266746520996094e-01,-4.059253692626953125e+00,-2.259644985198974609e+00,-1.421415328979492188e+00,2.457712888717651367e+00,-6.311094164848327637e-01,1.010390281677246094e+00,-2.828500747680664062e+00,2.095773935317993164e+00,-2.643961191177368164e+00,-1.355348825454711914e+00,-8.098692297935485840e-01,2.428088903427124023e+00,-1.978028893470764160e+00,-9.750444293022155762e-01,-5.450406074523925781e+00,-2.995221853256225586e+00,4.627820849418640137e-01,1.246227025985717773e+00,-2.051163673400878906e+00,-3.554415702819824219e+00,1.674603819847106934e+00,1.560401082038879395e+00,2.015702962875366211e+00,-3.341320276260375977e+00,1.847155690193176270e+00,-5.042201876640319824e-01,-2.282653808593750000e+00,-5.808278560638427734e+00,1.373447537422180176e+00,1.559209704399108887e+00,1.595599018037319183e-02,1.837370634078979492e+00,-1.152481794357299805e+00,1.134300947189331055e+00,-1.889587640762329102e+00,-1.234367847442626953e+00,1.962333023548126221e-01,-2.625606536865234375e+00,1.116147875785827637e+00,1.690820097923278809e+00,-1.264685273170471191e+00,1.481525182723999023e+00,1.512583255767822266e+00,-2.656942129135131836e+00,-1.714115023612976074e+00,-1.537117600440979004e+00,-4.555066227912902832e-01,-1.088506221771240234e+00,-1.634468793869018555e+00,2.256182193756103516e+00,2.668875217437744141e+00
9.033270478248596191e-01,1.220402941107749939e-01,1.236769318580627441e+00,-1.116611003875732422e+00,-2.673893868923187256e-01,-2.010902643203735352e+00,3.875710070133209229e-02,1.295552134513854980e+00,5.547060966491699219e-01,-1.857191920280456543e+00,-3.010528326034545898e+00,2.851268053054809570e+00,4.945406019687652588e-01,-5.904099345207214355e-01,3.339389562606811523e-01,-5.606704950332641602e-01,1.440596675872802734e+01,1.584412217140197754e+00,-4.654415547847747803e-01,1.407795667648315430e+00,5.337980017066001892e-02,-1.314911246299743652e+00,-3.344367444515228271e-01,-2.508919477462768555e+00,-4.643942415714263916e-01,-1.077810525894165039e+00,-1.203546375036239624e-01,3.469406962394714355e-01,4.577001631259918213e-01,-1.561025857925415039e+00,1.037961244583129883e+00,2.105788230895996094e+00,-1.392989635467529297e+00,-2.075059652328491211e+00,-2.242026567459106445e+00,9.195691347122192383e-01,1.567563533782958984e+00,1.206276789307594299e-01,2.534056663513183594e+00,-2.015776157379150391e+00,-1.756642937660217285e+00,-1.673161268234252930e+00,-9.324607253074645996e-01,-8.199134469032287598e-01,-2.664695262908935547e+00,1.926385164260864258e+00,-1.395301461219787598e+00,-1.200581550598144531e+00,-8.035858869552612305e-01,9.823864698410034180e-01,-2.246782064437866211e+00,-1.074980258941650391e+00,-4.312538206577301025e-01,-2.493349552154541016e+00,-9.856839776039123535e-01,-2.107522249221801758e+00,1.468848228454589844e+00,-5.043637752532958984e-01,-2.432760715484619141e+00,3.156618833541870117e+00,4.108136177062988281e+00,1.926802635192871094e+00,3.832713603973388672e+00,-6.787531375885009766e-01,-2.482970714569091797e+00,1.838792264461517334e-01,-9.203581213951110840e-01,-5.544061660766601562e-01,-1.607455492019653320e+00,-1.827811360359191895e+00,-1.002161383628845215e+00,-1.747971296310424805e+00,-4.244726300239562988e-01,1.992779135704040527e+00,-3.318185091018676758e+00,2.230950117111206055e+00,-2.394747972488403320e+00,-1.450156927108764648e+00,3.509765148162841797e+00,-8.791140466928482056e-02,-4.117227554321289062e+00,2.226762294769287109e+00,2.765306711196899414e+00,-2.204576492309570312e+00,6.826080679893493652e-01,-1.045060828328132629e-01,-1.664126873016357422e+00,1.149163484573364258e+00,-1.073679208755493164e+00,1.000067472457885742e+00,-1.844039440155029297e+00,2.183600187301635742e+00,-7.604955434799194336e-01,4.164707660675048828e-01,-1.861463308334350586e+00,1.381356239318847656e+00,-1.502039194107055664e+00,3.326442539691925049e-01,-1.343501925468444824e+00,-1.635220646858215332e-01
9.082058668136596680e-01,-7.543686032295227051e-01,6.570259332656860352e-01,-1.219356656074523926e+00,1.277109622955322266e+00,3.540495872497558594e+00,-2.237101554870605469e+00,1.815511584281921387e+00,-2.081257253885269165e-01,-3.262683391571044922e+00,-4.132798671722412109e+00,1.968611717224121094e+00,-2.063083410263061523e+00,2.063623666763305664e+00,-5.548570156097412109e-01,-1.564690232276916504e+00,-9.256770014762878418e-01,4.805029630661010742e-01,-3.617030620574951172e+00,-1.360704660415649414e+00,1.964046210050582886e-01,-1.639400243759155273e+00,-1.324484944343566895e+00,-5.344717502593994141e-01,2.062396049499511719e+00,-1.353375196456909180e+00,-2.399783611297607422e+00,1.731744050979614258e+00,5.502482652664184570e-01,-1.084909364581108093e-01,1.464575290679931641e+00,1.126594901084899902e+00,-1.128037333488464355e+00,-2.665222883224487305e+00,-2.387560844421386719e+00,1.245645508170127869e-01,3.532255172729492188e+00,8.246113657951354980e-01,-1.134397387504577637e+00,-4.141207695007324219e+00,-5.047157406806945801e-01,4.745882004499435425e-02,-2.245612382888793945e+00,-1.454893589019775391e+00,-1.375911712646484375e+00,2.643818780779838562e-02,-2.822507619857788086e+00,-6.977916955947875977e-01,-1.108803600072860718e-01,-2.198265552520751953e+00,-3.404803037643432617e+00,-1.706417441368103027e+00,4.335189703851938248e-03,-1.128295898437500000e+00,-1.137715697288513184e+00,-1.624096155166625977e+00,1.260177493095397949e+00,-1.452875733375549316e-01,1.385252833366394043e+00,3.366698503494262695e+00,1.022912597656250000e+01,-4.226438999176025391e-01,-2.312626600265502930e+00,-8.862832188606262207e-01,-4.260951519012451172e+00,-1.398566246032714844e+00,-3.727786540985107422e-01,-1.263052105903625488e+00,-5.220589160919189453e+00,-1.817065000534057617e+00,4.644054889678955078e+00,-4.534802436828613281e-01,-1.946293115615844727e+00,1.022163200378417969e+01,3.170871436595916748e-01,6.257066726684570312e-01,-4.657359123229980469e+00,1.534372419118881226e-01,6.448811292648315430e-01,1.487999916076660156e+00,-6.267645955085754395e-01,1.233551204204559326e-01,2.064693689346313477e+00,-2.149131298065185547e+00,-5.279557108879089355e-01,-1.455857038497924805e+00,-2.093391865491867065e-01,-8.851124048233032227e-01,1.363545060157775879e+00,7.384652137756347656e+00,6.168243288993835449e-01,-6.165645718574523926e-01,-2.687588930130004883e+00,-3.186704218387603760e-02,-3.014163017272949219e+00,-2.190062999725341797e+00,1.002351999282836914e+00,1.749402642250061035e+00,-8.914034068584442139e-02,-1.907101988792419434e+00
4.611009359359741211e-01,1.202784776687622070e+00,-8.718770146369934082e-01,-1.560532331466674805e+00,5.977184176445007324e-01,8.118674159049987793e-01,7.301175594329833984e-01,-9.020077064633369446e-03,-2.088210105895996094e+00,8.868041634559631348e-02,-6.769117116928100586e-01,-5.809268355369567871e-02,2.463240772485733032e-01,-6.317299604415893555e-01,8.220099806785583496e-01,-2.102118253707885742e+00,-2.942472696304321289e-01,-6.417354941368103027e-01,-1.625590920448303223e+00,2.036715984344482422e+00,3.108303993940353394e-03,-8.392719626426696777e-01,1.163116574287414551e+00,1.526196002960205078e-01,-1.159875631332397461e+00,-1.366135478019714355e+00,-1.664784252643585205e-01,1.234289407730102539e+00,5.832591056823730469e+00,1.191726088523864746e+00,1.463113188743591309e+00,4.919375419616699219e+00,1.917693763971328735e-01,-1.725803136825561523e+00,1.113905310630798340e+00,-3.131017684936523438e+00,-2.981402635574340820e+00,-1.350324869155883789e+00,5.675634741783142090e-01,-7.542703151702880859e-01,-2.887135982513427734e+00,1.245755863189697266e+01,2.441324710845947266e+00,-2.370136737823486328e+00,-1.086977243423461914e+00,-1.025081992149353027e+00,-4.154043197631835938e+00,2.075249195098876953e+00,-1.804074198007583618e-01,-5.866329073905944824e-01,-2.439719915390014648e+00,-2.520025253295898438e+00,1.028700247406959534e-01,-4.488103464245796204e-02,-1.900927543640136719e+00,-3.304648160934448242e+00,3.847145557403564453e+00,-1.276469230651855469e+00,-1.699697971343994141e+00,-1.335508376359939575e-01,2.017659664154052734e+00,9.192304015159606934e-01,7.813529968261718750e-01,-1.220423221588134766e+00,-2.196056842803955078e+00,-2.199872732162475586e+00,4.127862155437469482e-01,-1.200412034988403320e+00,-1.405911684036254883e+00,-3.423342704772949219e-01,9.739777445793151855e-01,4.578717350959777832e-01,-1.111752018332481384e-01,2.294226646423339844e+00,-3.530936539173126221e-01,-1.380664110183715820e+00,-4.663090705871582031e+00,-1.608036518096923828e+00,2.088534593582153320e+00,4.939796030521392822e-01,2.604969404637813568e-02,1.318819820880889893e-01,-1.118815183639526367e+00,-3.717054724693298340e-01,-1.494548916816711426e+00,4.334160327911376953e+00,-2.787631988525390625e+00,-3.639388084411621094e-01,1.199188590049743652e+00,3.396663665771484375e+00,1.074729919433593750e+00,-3.203679919242858887e-01,-1.920961260795593262e+00,-2.159973859786987305e+00,-2.473314046859741211e+00,3.402348160743713379e-01,-2.067164421081542969e+00,-9.377323389053344727e-01,7.133381843566894531e+00,-1.223389625549316406e+00
-5.562053322792053223e-01,-1.751477479934692383e+00,-4.003278911113739014e-02,-3.654549419879913330e-01,-1.656985521316528320e+00,-1.586383461952209473e+00,-2.017687797546386719e+00,-2.039781570434570312e+00,1.087871932983398438e+01,1.549021363258361816e+00,2.321283817291259766e+00,1.369816660881042480e+00,1.356318831443786621e+00,-1.564502239227294922e+00,2.019920498132705688e-01,-2.730446815490722656e+00,-9.521242380142211914e-01,-2.675773143768310547e+00,-9.378591179847717285e-01,-1.387069702148437500e+00,1.094208657741546631e-01,-2.327220678329467773e+00,-1.390525102615356445e+00,-1.236137151718139648e+00,-1.424450993537902832e+00,-3.987080097198486328e+00,1.166929841041564941e+00,-1.590353965759277344e+00,1.942726850509643555e+00,1.846481084823608398e+00,1.172731876373291016e+00,2.638071537017822266e+00,-1.386424541473388672e+00,1.123664900660514832e-03,-7.411153316497802734e-01,-2.329293727874755859e+00,2.898849487304687500e+00,-1.151446819305419922e+00,7.646520733833312988e-01,9.657887220382690430e-01,3.338355720043182373e-01,-1.250169277191162109e+00,-2.397355794906616211e+00,-6.178804039955139160e-01,7.896968126296997070e-01,-5.952149033546447754e-01,-3.251909315586090088e-01,-1.660658478736877441e+00,-2.231342345476150513e-01,1.551546812057495117e+00,-2.173689603805541992e+00,-1.830995798110961914e+00,4.678538322448730469e+00,-2.289249897003173828e+00,-8.311705589294433594e-01,-2.052223682403564453e+00,-1.484357953071594238e+00,-1.452041864395141602e+00,-2.187464475631713867e+00,-1.377071499824523926e+00,-5.484583973884582520e-01,-5.414174199104309082e-01,-4.672542512416839600e-01,1.845260262489318848e-01,6.698538064956665039e-01,2.131435632705688477e+00,1.299794912338256836e+00,-1.483604788780212402e+00,-3.267419636249542236e-01,4.963800907135009766e+00,-1.199262142181396484e+00,-2.290857553482055664e+00,3.257575631141662598e-02,1.203231215476989746e+00,-1.725686669349670410e+00,-2.790861845016479492e+00,-2.046188831329345703e+00,-1.935703277587890625e+00,2.426099538803100586e+00,-8.154996633529663086e-01,-2.085848599672317505e-01,-1.976479768753051758e+00,-2.296691894531250000e+00,-6.814794540405273438e-01,-2.198800325393676758e+00,-2.152918837964534760e-02,-4.538973331451416016e+00,2.254980802536010742e-01,-2.740038871765136719e+00,-2.023626565933227539e+00,8.655505776405334473e-01,-2.422384262084960938e+00,-2.481285333633422852e+00,-1.825888156890869141e+00,1.089923143386840820e+00,-7.749893069267272949e-01,-2.268553495407104492e+00,1.470618098974227905e-01,3.393134593963623047e+00,5.831932067871093750e+00
3.421143054962158203e+00,2.176409482955932617e+00,3.488640785217285156e-01,9.430778026580810547e-02,-2.038177490234375000e+00,1.644582629203796387e+00,-3.218434810638427734e+00,1.512961506843566895e+00,-5.721037834882736206e-02,-1.630932331085205078e+00,-1.407084345817565918e+00,2.307687699794769287e-01,9.000042080879211426e-01,-2.062048465013504028e-01,-6.750590801239013672e-01,-1.943334460258483887e+00,4.439806342124938965e-01,-2.600324153900146484e-01,-4.796566665172576904e-01,4.970887601375579834e-01,-1.347639799118041992e+00,-1.367968678474426270e+00,-1.290236234664916992e+00,-7.335584163665771484e-01,-6.994246840476989746e-01,-1.915192484855651855e+00,-2.215032100677490234e+00,4.493325352668762207e-01,-1.003311038017272949e+00,-2.122229099273681641e+00,2.523723125457763672e+00,-2.010414123535156250e+00,-3.321275413036346436e-01,-1.889675974845886230e+00,1.099980324506759644e-01,-2.080058336257934570e+00,9.474859237670898438e-01,1.302598953247070312e+00,2.870863676071166992e+00,-2.494198560714721680e+00,-4.429880976676940918e-01,-2.711563557386398315e-02,-1.644614934921264648e+00,-9.221988916397094727e-01,-7.705348134040832520e-01,-3.174232244491577148e-01,-4.318089008331298828e+00,-2.211225748062133789e+00,2.440277099609375000e+00,-1.167914420366287231e-01,-2.366641998291015625e+00,-2.778110027313232422e+00,-4.396490156650543213e-01,1.203097701072692871e+00,8.426839709281921387e-01,-3.877719640731811523e+00,2.416657656431198120e-01,2.071791648864746094e+00,-1.424888610839843750e+00,3.980843544006347656e+00,4.969411373138427734e+00,-2.009212493896484375e+00,-2.744516372680664062e+00,1.057959437370300293e+00,-3.881281137466430664e+00,4.386149346828460693e-03,2.078686475753784180e+00,-2.004219532012939453e+00,-3.674517869949340820e+00,-1.197377204895019531e+00,1.163504645228385925e-01,1.932177901268005371e+00,-7.163518667221069336e-01,4.043593883514404297e+00,-2.952552139759063721e-01,-8.682447671890258789e-02,-2.642429590225219727e+00,1.890568494796752930e+00,1.246938109397888184e+00,-4.430674612522125244e-01,-1.684931874275207520e+00,6.139235496520996094e-01,3.243536472320556641e+00,6.115176081657409668e-01,-1.756454944610595703e+00,1.381965041160583496e+00,-1.281388759613037109e+00,-3.742212295532226562e+00,5.326883196830749512e-01,1.438101959228515625e+01,4.293383955955505371e-01,2.120141237974166870e-01,-2.113208293914794922e+00,-1.538127660751342773e-02,-1.656186699867248535e+00,1.405256032943725586e+00,-2.348849534988403320e+00,6.131053566932678223e-01,1.227321624755859375e+00,-2.626761913299560547e+00
6.096048355102539062e-01,3.566985607147216797e+00,-3.567005157470703125e+00,-3.929922878742218018e-01,-8.306299448013305664e-01,1.047714591026306152e+00,1.508232951164245605e+00,-3.128637790679931641e+00,-1.051133513450622559e+00,-7.426896691322326660e-02,-2.510487556457519531e+00,7.096187472343444824e-01,-8.200683593750000000e-01,-4.547797143459320068e-01,2.684671878814697266e+00,-1.781672239303588867e+00,-7.540211081504821777e-02,2.352326512336730957e-01,1.483884572982788086e+00,1.834388971328735352e+00,1.027809232473373413e-01,-1.872421026229858398e+00,1.083657550811767578e+01,-1.056951761245727539e+00,-2.969433307647705078e+00,-2.382794857025146484e+00,7.060560584068298340e-01,1.270805835723876953e+00,-1.732335567474365234e+00,2.538908481597900391e+00,3.168499469757080078e+00,4.015232563018798828e+00,-1.500670671463012695e+00,-2.681235074996948242e+00,-1.089527487754821777e+00,3.929836750030517578e+00,-9.972730278968811035e-01,1.274955749511718750e+00,-8.026529550552368164e-01,1.345295011997222900e-01,-3.204731941223144531e+00,-1.217646360397338867e+00,4.524937272071838379e-01,-6.791843771934509277e-01,-3.925187587738037109e-01,9.811525344848632812e-01,-3.438066959381103516e+00,-1.217403531074523926e+00,-5.936278700828552246e-01,8.399479389190673828e-01,-2.189424037933349609e+00,9.275284409523010254e-01,5.465273261070251465e-01,4.332138538360595703e+00,2.028772115707397461e+00,1.793790906667709351e-01,3.531952381134033203e+00,-1.029630899429321289e+00,-1.987162828445434570e+00,-3.726045489311218262e-01,-1.242032051086425781e+00,-1.650680303573608398e-01,3.566203713417053223e-01,-1.267664194107055664e+00,-1.963742613792419434e+00,1.028783440589904785e+00,2.231112003326416016e+00,-3.907744884490966797e+00,-1.593980789184570312e+00,-2.128269433975219727e+00,-2.873703718185424805e+00,3.559125900268554688e+00,-7.251155972480773926e-01,3.203035295009613037e-01,-2.853975057601928711e+00,-7.295849323272705078e-01,-2.571908950805664062e+00,-6.861521005630493164e-01,4.803681373596191406e+00,-3.843322515487670898e+00,8.448875695466995239e-02,-1.247627496719360352e+00,8.186890184879302979e-02,-1.161752581596374512e+00,2.002893686294555664e+00,-1.418323040008544922e+00,-2.300541877746582031e+00,-6.504783630371093750e-01,-1.684801936149597168e+00,1.215452194213867188e+00,-1.887801647186279297e+00,2.504453897476196289e+00,-2.809279680252075195e+00,-1.954221367835998535e+00,-2.799723863601684570e+00,3.647221326828002930e-01,-9.844987988471984863e-01,1.060590863227844238e+00,-1.401376843452453613e+00,3.625454306602478027e-01
-5.865603685379028320e-01,5.976846814155578613e-01,4.977727532386779785e-01,1.521545886993408203e+00,1.520569205284118652e+00,-5.132638216018676758e-01,2.980183362960815430e+00,-8.804251551628112793e-01,-9.191038012504577637e-01,1.093960523605346680e+00,7.042340040206909180e-01,4.822508811950683594e+00,-1.478632092475891113e+00,7.481843829154968262e-01,-3.166377544403076172e-01,4.179223537445068359e+00,1.297491431236267090e+00,3.065457105636596680e+00,-1.806996613740921021e-01,-2.974045753479003906e+00,3.932662904262542725e-01,-1.759150624275207520e+00,-8.710468411445617676e-01,5.340279340744018555e-01,-1.130320668220520020e+00,2.179148674011230469e+00,-1.867952823638916016e+00,8.028507232666015625e-01,2.311990976333618164e+00,-3.256094694137573242e+00,1.319053053855895996e+00,4.150177955627441406e+00,-2.549431800842285156e+00,-2.516402244567871094e+00,2.193904966115951538e-01,1.108586430549621582e+00,-1.818034887313842773e+00,1.507700085639953613e+00,-1.881543159484863281e+00,-1.490263462066650391e+00,-6.176292896270751953e-01,5.086160898208618164e-01,-8.827738761901855469e-01,-2.188416719436645508e+00,4.581182599067687988e-01,-1.610825896263122559e+00,-7.815297842025756836e-01,3.021231651306152344e+00,-2.251706123352050781e+00,-1.576180577278137207e+00,-3.103301286697387695e+00,-1.772593140602111816e+00,2.305604219436645508e-01,7.333489060401916504e-01,-2.649276971817016602e+00,3.321791172027587891e+00,1.064662456512451172e+00,-1.094131767749786377e-01,1.188695579767227173e-01,-1.699755311012268066e+00,-7.479313015937805176e-01,2.041431427001953125e+00,1.554245948791503906e+01,-1.961716055870056152e+00,9.300099611282348633e-01,-1.256947517395019531e+00,-6.434767842292785645e-01,7.591327428817749023e-01,-3.302372217178344727e+00,-2.065737098455429077e-01,-2.168181687593460083e-01,-1.877775788307189941e+00,-1.157622098922729492e+00,-2.165748924016952515e-01,1.334304213523864746e-01,1.174593567848205566e+00,-2.657334566116333008e+00,5.864869952201843262e-01,2.962877511978149414e+00,-7.274301052093505859e-01,-2.463847696781158447e-01,-6.510433554649353027e-01,-1.952577948570251465e+00,1.040534019470214844e+00,-2.605104446411132812e-01,-4.003338813781738281e+00,-1.517421722412109375e+00,2.709811627864837646e-01,-1.406058788299560547e+00,5.182268023490905762e-01,-1.476167678833007812e+00,-1.197961345314979553e-02,-1.985271692276000977e+00,3.968720436096191406e-01,-1.349954605102539062e+00,-2.624485254287719727e+00,1.081373572349548340e+00,-1.844752073287963867e+00,-1.717737913131713867e+00,1.396343469619750977e+00
7.181239724159240723e-01,-5.200067162513732910e-01,1.991849303245544434e+00,6.096053719520568848e-01,-7.532862424850463867e-01,-7.501581311225891113e-02,1.951729416847229004e+00,-8.302178382873535156e-01,-1.099652051925659180e+00,6.656757354736328125e+00,-6.581574082374572754e-01,-7.333106994628906250e-01,1.092294573783874512e+00,-1.509116649627685547e+00,3.324451148509979248e-01,-1.505159497261047363e+00,-5.732647776603698730e-01,4.752925932407379150e-01,-3.050431728363037109e+00,-2.151690870523452759e-01,-2.394869923591613770e-01,1.767808318138122559e+00,-2.889141082763671875e+00,-2.443578004837036133e+00,8.378776162862777710e-02,3.407695293426513672e-01,-1.118743896484375000e+00,1.272685766220092773e+00,1.595762491226196289e+00,-4.106070995330810547e+00,-2.849981784820556641e-01,8.641665577888488770e-01,-4.402184113860130310e-02,2.775152921676635742e+00,-6.176686882972717285e-01,-1.023060798645019531e+00,2.034507274627685547e+00,1.042373180389404297e+00,2.720482587814331055e+00,-2.737936973571777344e+00,1.485995173454284668e+00,-2.021837383508682251e-01,-4.354432821273803711e-01,-2.469566345214843750e+00,2.392380833625793457e-01,-2.123375654220581055e+00,-2.239274501800537109e+00,1.796172618865966797e+00,-1.637014001607894897e-01,-6.270511746406555176e-01,-5.344943404197692871e-01,-1.407815337181091309e+00,-1.461466670036315918e+00,-1.575770139694213867e+00,-4.562449932098388672e+00,-1.572592973709106445e+00,-1.548480242490768433e-01,2.040845632553100586e+00,-1.281915426254272461e+00,2.839343786239624023e+00,1.583226442337036133e+00,4.645918309688568115e-01,-6.602278351783752441e-01,6.478305160999298096e-02,-1.323655694723129272e-01,1.114198565483093262e+00,5.697857141494750977e-01,1.583655118942260742e+00,-1.449395656585693359e+00,3.176971435546875000e+00,1.457717299461364746e+00,-1.724223375320434570e+00,4.830060005187988281e-01,4.592294096946716309e-01,-1.086987376213073730e+00,1.399826049804687500e+00,-3.246600627899169922e+00,1.414879417419433594e+01,9.925538301467895508e-02,7.054874897003173828e-01,1.979524374008178711e+00,-1.103250145912170410e+00,-2.161354303359985352e+00,5.654160022735595703e+00,1.170729398727416992e+00,-1.179463982582092285e+00,-2.460785388946533203e+00,-1.818384051322937012e+00,1.908807635307312012e+00,2.521246194839477539e+00,5.073362588882446289e-01,-1.358004927635192871e+00,-2.251180410385131836e+00,2.949154376983642578e-01,-2.783480584621429443e-01,1.282939195632934570e+00,-3.028566122055053711e+00,3.218853771686553955e-01,4.808341860771179199e-01,-6.511232852935791016e-01
-2.404388636350631714e-01,-2.945167779922485352e+00,-2.065207958221435547e+00,4.456883907318115234e+00,-2.244869470596313477e+00,-4.229510203003883362e-02,-1.015947818756103516e+00,-2.469193935394287109e+00,-2.134325981140136719e+00,1.349154591560363770e+00,-2.235311269760131836e+00,4.920732975006103516e+00,7.410169601440429688e+00,-1.782964229583740234e+00,-2.211896657943725586e+00,-4.075330257415771484e+00,-1.738974004983901978e-01,2.320835553109645844e-02,4.274370193481445312e+00,6.396415233612060547e-01,-1.652588486671447754e+00,-7.187549471855163574e-01,-2.825578451156616211e-01,3.039529919624328613e-01,-5.091935396194458008e-01,1.625625610351562500e+00,-2.710505723953247070e-01,-2.534542679786682129e-01,-2.292069196701049805e+00,2.664633691310882568e-01,6.972287654876708984e+00,2.751845359802246094e+00,2.015368223190307617e+00,1.731317304074764252e-02,-7.345933318138122559e-01,-1.242000102996826172e+00,-1.883472204208374023e+00,3.075934410095214844e+00,4.912752151489257812e+00,-7.083976268768310547e-01,-2.136669158935546875e+00,-1.047932386398315430e+00,-8.030238747596740723e-01,2.405363321304321289e-01,-5.380216836929321289e-01,6.984364390373229980e-01,-2.558599948883056641e+00,-7.730759382247924805e-01,2.467426508665084839e-01,-3.068771600723266602e+00,1.180183649063110352e+00,1.142387032508850098e+00,2.521781064569950104e-02,-1.022160887718200684e+00,-3.185146808624267578e+00,-1.763020992279052734e+00,-3.330572128295898438e+00,-1.821159362792968750e+00,-6.288819909095764160e-01,4.082085609436035156e+00,-1.579386472702026367e+00,-2.718982696533203125e+00,8.020114302635192871e-01,-4.206322729587554932e-01,-2.670062303543090820e+00,1.415089130401611328e+00,8.423176765441894531e+00,-2.646814584732055664e+00,-4.417526245117187500e+00,-1.201272487640380859e+00,-2.790318965911865234e+00,9.464241266250610352e-01,-4.185491085052490234e+00,7.605599164962768555e-01,1.385601758956909180e+00,-2.096590757369995117e+00,-2.700493812561035156e+00,-4.708203673362731934e-01,4.463903903961181641e+00,-6.730403304100036621e-01,-1.157797455787658691e+00,-1.166137814521789551e+00,-5.006502866744995117e-01,1.216603279113769531e+00,-2.035969018936157227e+00,1.120882272720336914e+00,6.064700484275817871e-01,2.348605394363403320e-01,-3.738113403320312500e+00,7.701133489608764648e-01,-2.192429453134536743e-01,2.675119638442993164e-01,-2.260031223297119141e+00,-2.830644130706787109e+00,-2.043668985366821289e+00,1.721241712570190430e+00,-9.247657060623168945e-01,2.692585706710815430e+00,-3.456166386604309082e-01,-1.404945254325866699e+00
4.318894445896148682e-01,2.237783670425415039e+00,2.560106664896011353e-02,2.685038089752197266e+00,-2.460806608200073242e+00,1.212694793939590454e-01,-4.278987407684326172e+00,-7.352945208549499512e-01,1.369118809700012207e+00,-2.416493415832519531e+00,-1.028520941734313965e+00,4.127413332462310791e-01,-7.604788988828659058e-03,9.336708784103393555e-01,-5.465294122695922852e-01,-2.166764259338378906e+00,-2.808977365493774414e+00,-2.087239980697631836e+00,1.547763347625732422e+00,1.287954926490783691e+00,-1.277073621749877930e+00,-2.860252857208251953e+00,1.879285931587219238e+00,3.303766846656799316e-01,-3.211581945419311523e+00,-2.362235076725482941e-02,6.247241422533988953e-02,2.965922951698303223e-01,-1.016935348510742188e+00,-2.883049249649047852e-01,2.888640880584716797e+00,-1.110314130783081055e+00,-7.412191033363342285e-01,5.465822815895080566e-01,-1.485296368598937988e+00,-1.542533993721008301e+00,5.360774993896484375e-01,-1.130546852946281433e-01,2.018325328826904297e+00,-2.645761013031005859e+00,2.788929939270019531e-01,-7.819744348526000977e-01,-1.921326756477355957e+00,4.345580101013183594e+00,4.102962091565132141e-02,6.531994938850402832e-01,-3.610574722290039062e+00,-2.133458614349365234e+00,7.434308528900146484e-01,8.048210740089416504e-01,-1.467024087905883789e+00,-1.986391425132751465e+00,-1.321076631546020508e+00,1.369023084640502930e+00,2.541207075119018555e-01,-2.692316055297851562e+00,-9.322494268417358398e-01,3.371068954467773438e+00,-4.627104699611663818e-01,2.761860936880111694e-02,-7.452074289321899414e-01,2.991583347320556641e-01,9.304946064949035645e-01,1.295410919189453125e+01,-2.652540445327758789e+00,1.786200404167175293e+00,1.100767135620117188e+00,-3.353293240070343018e-01,-3.824074506759643555e+00,-2.309972524642944336e+00,-1.825513005256652832e+00,6.170855164527893066e-01,-1.227216482162475586e+00,-2.357333749532699585e-01,-1.072618365287780762e+00,5.092792510986328125e-01,1.958125352859497070e+00,-8.849973678588867188e-01,-2.933269441127777100e-01,-7.118073701858520508e-01,-3.963415324687957764e-01,-6.623157262802124023e-01,-2.518665075302124023e+00,-6.296452283859252930e-01,-7.255998849868774414e-01,-9.411476254463195801e-01,-4.887579441070556641e+00,-4.035165309906005859e+00,-3.020809412002563477e+00,1.575579881668090820e+00,-2.973815679550170898e+00,1.577616810798645020e+00,-3.237796545028686523e+00,-8.375790715217590332e-01,3.325845599174499512e-01,2.122287750244140625e+00,1.764728784561157227e+00,1.462434887886047363e+00,-8.835293054580688477e-01,2.455464303493499756e-01
5.106615424156188965e-01,-1.913601160049438477e+00,-6.115982532501220703e-01,3.694245576858520508e+00,-2.411567211151123047e+00,5.399050116539001465e-01,-2.598694562911987305e+00,4.466496109962463379e-01,3.342374563217163086e+00,4.242928624153137207e-01,-1.837731719017028809e+00,3.199232339859008789e+00,-1.558469176292419434e+00,-2.552024126052856445e+00,-7.727360725402832031e-01,-1.635260820388793945e+00,6.355450153350830078e-01,2.196659706532955170e-02,-2.167842388153076172e+00,9.961075782775878906e-01,1.156548857688903809e+00,-2.284966707229614258e+00,-1.804860949516296387e+00,-2.573029279708862305e+00,1.563871741294860840e+00,-8.186150193214416504e-01,1.306344747543334961e+00,1.252852320671081543e+00,-1.511082053184509277e-01,-1.825771450996398926e+00,4.721580982208251953e+00,5.310129523277282715e-01,-1.537268638610839844e+00,4.576091766357421875e+00,1.420013546943664551e+00,9.810363650321960449e-01,1.207683181762695312e+01,2.811336517333984375e-01,2.389684200286865234e+00,-3.967088460922241211e+00,-1.243317961692810059e+00,-1.893980264663696289e+00,-1.079942703247070312e+00,-6.815967708826065063e-02,-4.470858871936798096e-01,-6.507696509361267090e-01,-1.733386158943176270e+00,2.314803749322891235e-01,1.494708895683288574e+00,-2.047838926315307617e+00,-3.725803136825561523e+00,-1.874255299568176270e+00,-1.346982240676879883e+00,-2.410104751586914062e+00,-2.181216239929199219e+00,-7.343066334724426270e-01,5.180438160896301270e-01,-9.130503982305526733e-03,-2.580098628997802734e+00,6.342320442199707031e-01,8.526665568351745605e-01,3.372359991073608398e+00,-1.033146977424621582e+00,2.401743650436401367e+00,-1.040560603141784668e+00,6.028130531311035156e+00,1.007939934730529785e+00,-2.032050341367721558e-01,-2.339849710464477539e+00,2.441358089447021484e+00,-1.825917840003967285e+00,-5.633695721626281738e-01,3.986401319503784180e+00,7.026317119598388672e-01,-1.613949894905090332e+00,-2.476763486862182617e+00,-2.617120504379272461e+00,1.241847634315490723e+00,1.457882881164550781e+00,-1.231611251831054688e+00,-3.206706523895263672e+00,-1.431262016296386719e+00,-3.818000555038452148e+00,3.201959431171417236e-01,-2.509158849716186523e+00,-2.563104867935180664e+00,-2.591907024383544922e+00,-1.910114288330078125e+00,-8.803345561027526855e-01,4.064779877662658691e-01,1.370922565460205078e+00,-1.565756678581237793e+00,-3.741186857223510742e+00,-1.729772090911865234e+00,5.492832660675048828e-01,1.233216643333435059e+00,-1.986676931381225586e+00,8.961650729179382324e-01,-5.875656604766845703e-01,1.164105892181396484e+00
5.701324939727783203e-01,4.606063663959503174e-02,-7.868194580078125000e-01,-4.689070582389831543e-01,-1.610413432121276855e+00,6.697788238525390625e+00,-2.644880533218383789e+00,-3.996181964874267578e+00,-5.857668071985244751e-02,1.448515951633453369e-01,-7.489354014396667480e-01,2.595220565795898438e+00,-2.339962571859359741e-01,2.769989252090454102e+00,-1.361386060714721680e+00,-3.735007762908935547e+00,-2.873583555221557617e+00,-1.707814782857894897e-01,3.965326547622680664e+00,-4.703551232814788818e-01,-1.721882581710815430e+00,-2.884277105331420898e-01,-1.827797651290893555e+00,-1.252324134111404419e-01,-1.226184964179992676e+00,-1.309451818466186523e+00,-1.154681801795959473e+00,-2.536197900772094727e-01,-3.839029669761657715e-01,8.760077953338623047e-01,9.302471280097961426e-01,3.023469686508178711e+00,-3.650868833065032959e-01,1.001168727874755859e+00,-1.751901030540466309e+00,-1.463102817535400391e+00,8.133506774902343750e-01,-6.009133160114288330e-02,-1.695409178733825684e+00,-1.025085091590881348e+00,-2.013322591781616211e+00,-4.502479135990142822e-01,-2.508704900741577148e+00,-1.674882292747497559e+00,1.341551184654235840e+00,-2.234236717224121094e+00,-1.298921823501586914e+00,-2.026611804962158203e+00,8.527659773826599121e-01,2.650281786918640137e-01,3.867723047733306885e-01,1.495162725448608398e+00,-7.840072363615036011e-02,8.317486196756362915e-02,-1.656362041831016541e-02,-3.833458125591278076e-01,2.495307922363281250e+00,2.283401012420654297e+00,-4.459975719451904297e+00,9.931458830833435059e-01,-1.908267438411712646e-01,-1.624691367149353027e+00,-1.976618051528930664e+00,-2.406393885612487793e-01,1.363191723823547363e+00,-6.280364990234375000e-01,2.430438995361328125e+00,-2.734310626983642578e+00,4.470750331878662109e+00,1.537187337875366211e+00,-1.083450794219970703e+00,2.867645025253295898e-01,-1.172448635101318359e+00,2.606453657150268555e+00,1.256432414054870605e+00,-7.618837058544158936e-02,-4.424862861633300781e+00,1.053291201591491699e+00,3.325974225997924805e+00,-2.021152973175048828e+00,1.047592830657958984e+01,-2.276805639266967773e+00,-3.203906297683715820e+00,-4.324516654014587402e-01,-4.223636627197265625e+00,8.921781554818153381e-03,-9.177117347717285156e-01,-2.259398221969604492e+00,-2.551612138748168945e+00,2.012723088264465332e-01,3.803952932357788086e+00,-4.287314713001251221e-01,-2.993042469024658203e+00,-1.809753179550170898e-01,-1.763047456741333008e+00,1.177833452820777893e-01,1.201102286577224731e-01,-2.658108472824096680e+00,3.536713123321533203e+00,5.142886638641357422e-01
6.318674683570861816e-01,7.383267879486083984e-01,1.267780542373657227e+00,-4.512888193130493164e-01,-5.761618614196777344e-01,-2.364756584167480469e+00,3.738004863262176514e-01,-1.414048314094543457e+00,3.324204385280609131e-01,-1.309877395629882812e+00,-1.637667298316955566e+00,1.211452007293701172e+00,3.088176548480987549e-01,-9.816000461578369141e-01,-1.935049891471862793e-01,7.691945433616638184e-01,1.442011451721191406e+01,1.328853249549865723e+00,-1.656351834535598755e-01,2.158313512802124023e+00,-3.104822933673858643e-01,-7.878414988517761230e-01,-4.874563217163085938e-01,-2.938148736953735352e+00,-7.729455232620239258e-01,-1.912905573844909668e+00,9.018343687057495117e-02,-3.405934572219848633e-02,3.012413680553436279e-01,-1.575578212738037109e+00,2.428904294967651367e+00,1.617604970932006836e+00,-9.609270691871643066e-01,-2.356316089630126953e+00,-2.153735160827636719e+00,6.645175218582153320e-01,1.843851506710052490e-01,4.773597717285156250e-01,1.381910562515258789e+00,-2.336287021636962891e+00,-1.701853632926940918e+00,-2.043696641921997070e+00,-9.718689322471618652e-01,-1.718536019325256348e+00,-2.508443593978881836e+00,2.657371044158935547e+00,-7.817702293395996094e-01,-1.163857936859130859e+00,-1.282791614532470703e+00,3.090158462524414062e+00,-1.611716866493225098e+00,-5.607773065567016602e-01,-2.889755070209503174e-01,-1.874418854713439941e+00,-2.320929467678070068e-01,-2.521590471267700195e+00,1.160347342491149902e+00,-7.702580094337463379e-01,-1.958243489265441895e+00,3.052007675170898438e+00,1.926355600357055664e+00,-7.323601841926574707e-02,4.281119823455810547e+00,-3.949528634548187256e-01,-2.502703189849853516e+00,1.303566813468933105e+00,-8.887051939964294434e-01,-1.634528040885925293e+00,-2.461221665143966675e-01,-2.651611089706420898e+00,-1.497522234916687012e+00,-2.500444889068603516e+00,-2.784527838230133057e-01,1.830161809921264648e+00,-3.431868314743041992e+00,2.309151649475097656e+00,-2.312543392181396484e+00,-1.786217451095581055e+00,3.702153205871582031e+00,4.702147096395492554e-02,-4.326071739196777344e+00,4.725968837738037109e+00,3.520246505737304688e+00,-2.288686513900756836e+00,1.990412622690200806e-01,-1.025171756744384766e+00,-6.738997101783752441e-01,-2.503912150859832764e-02,-9.422494173049926758e-01,7.357317805290222168e-01,-2.118293285369873047e+00,2.819210290908813477e+00,-4.518708288669586182e-01,3.401687145233154297e+00,-1.227375864982604980e+00,5.016787052154541016e-01,-2.640936970710754395e-01,1.497463136911392212e-01,-1.262919545173645020e+00,5.983004570007324219e-01
-6.868575811386108398e-01,7.801228165626525879e-01,1.286330318450927734e+01,2.747610025107860565e-02,-1.272102952003479004e+00,9.847464561462402344e-01,-1.874304294586181641e+00,-9.538225531578063965e-01,3.806671500205993652e-01,1.376675009727478027e+00,-2.385527133941650391e+00,-4.748502969741821289e-01,1.046307206153869629e+00,-7.211125493049621582e-01,-1.721688389778137207e+00,-1.341568112373352051e+00,1.321550488471984863e+00,-1.991728663444519043e+00,-4.439281225204467773e-01,-4.597512722015380859e+00,-1.706089451909065247e-02,8.428837060928344727e-01,-2.104314088821411133e+00,-2.896791219711303711e+00,1.348304867744445801e+00,-1.001642227172851562e+00,2.762386202812194824e-01,-4.107758402824401855e-01,2.333123922348022461e+00,2.956105470657348633e+00,-3.630197048187255859e-01,1.223229050636291504e+00,-4.859168231487274170e-01,-2.481779813766479492e+00,-4.082227230072021484e+00,-2.170936346054077148e+00,-1.690261602401733398e+00,4.420960903167724609e+00,-1.645770668983459473e+00,-1.791203916072845459e-01,1.535244941711425781e+00,-1.412864327430725098e+00,-3.589463233947753906e-01,1.099333405494689941e+00,1.311102986335754395e+00,7.786211371421813965e-01,-8.584445714950561523e-01,-2.138163566589355469e+00,1.662051200866699219e+00,-3.810089588165283203e+00,-2.184753179550170898e+00,4.495192170143127441e-01,-1.283045172691345215e+00,2.931905910372734070e-02,2.089776039123535156e+00,-2.943570375442504883e+00,4.216547310352325439e-01,5.077311992645263672e-01,1.315414309501647949e+00,5.583767414093017578e+00,1.000864207744598389e-01,-3.139441013336181641e+00,6.594088673591613770e-01,-8.780340552330017090e-01,-2.429327249526977539e+00,-3.692935109138488770e-01,-9.314938187599182129e-01,-1.226185202598571777e+00,-2.449917078018188477e+00,2.188501358032226562e+00,-2.809623956680297852e+00,-2.094401597976684570e+00,-3.066930294036865234e+00,2.109858751296997070e+00,8.097497224807739258e-01,-5.907208919525146484e-01,-3.883676230907440186e-01,-2.664609439671039581e-02,4.318321228027343750e+00,-7.777725458145141602e-01,-1.978544950485229492e+00,-1.457788705825805664e+00,5.040017604827880859e+00,-1.691798210144042969e+00,9.417786002159118652e-01,-1.364172101020812988e+00,-2.636788845062255859e+00,1.814618408679962158e-01,-1.775785923004150391e+00,1.945075750350952148e+00,-1.769294500350952148e+00,3.063619136810302734e+00,4.834095537662506104e-01,-1.505405753850936890e-01,-3.800438642501831055e-01,-1.442093729972839355e+00,-2.143214464187622070e+00,8.605254888534545898e-01,-1.332355976104736328e+00,-1.278543591499328613e+00
-7.284190058708190918e-01,3.701508045196533203e-02,-4.426366984844207764e-01,1.590671390295028687e-01,-3.046683073043823242e+00,-8.371856212615966797e-01,-1.101710081100463867e+00,3.111006498336791992e+00,5.165334343910217285e-01,1.420645117759704590e+00,-1.411082386970520020e+00,2.613605499267578125e+00,-2.205210447311401367e+00,1.607135415077209473e+00,1.548209309577941895e+00,5.213221907615661621e-01,-4.533513784408569336e-01,3.106940984725952148e+00,-2.108372211456298828e+00,-3.237747669219970703e+00,4.024622142314910889e-01,-2.055142164230346680e+00,-3.125432729721069336e-01,-2.147804498672485352e+00,1.329180955886840820e+00,3.672667741775512695e-01,-1.824614167213439941e+00,1.248313808441162109e+01,-3.031854391098022461e+00,7.897428870201110840e-01,2.738203763961791992e+00,4.147753238677978516e+00,-3.226884603500366211e+00,-2.507257938385009766e+00,-2.078990221023559570e+00,1.127292633056640625e+00,2.325217723846435547e+00,2.063577413558959961e+00,3.003318309783935547e-01,-1.967673182487487793e+00,4.164560735225677490e-01,8.627785444259643555e-01,2.807314693927764893e-01,-2.712191581726074219e+00,1.003543496131896973e+00,8.261104822158813477e-01,-5.454788208007812500e-01,-1.703338384628295898e+00,5.511509776115417480e-01,-3.755621194839477539e+00,-4.153527736663818359e+00,-2.977474689483642578e+00,3.065296173095703125e+00,4.375281810760498047e+00,-2.901553809642791748e-01,-1.860952079296112061e-01,1.890137195587158203e+00,2.121011734008789062e+00,-1.250140190124511719e+00,6.238355636596679688e-01,-9.183853268623352051e-01,3.776018619537353516e+00,1.918349266052246094e+00,-1.996978282928466797e+00,-1.691880702972412109e+00,1.231483697891235352e+00,6.133710741996765137e-01,-1.006070137023925781e+00,-4.417082786560058594e+00,6.893309354782104492e-01,-1.508489489555358887e+00,-1.142816662788391113e+00,-2.743813514709472656e+00,3.204988956451416016e+00,1.771029591560363770e+00,-1.016907572746276855e+00,-2.837965250015258789e+00,2.997124671936035156e+00,-3.967709541320800781e-01,-2.879266738891601562e+00,-3.148126900196075439e-01,-3.396989822387695312e+00,-4.467638432979583740e-01,1.159274339675903320e+00,-6.002619266510009766e-01,-3.547185897827148438e+00,-4.263274669647216797e-01,-2.951198816299438477e+00,-2.716971039772033691e-01,8.675420284271240234e-01,1.678888320922851562e+00,-7.542810440063476562e-01,-4.810264110565185547e+00,-4.970918297767639160e-01,-1.357961177825927734e+00,-2.356565713882446289e+00,-2.667694091796875000e+00,-8.386456966400146484e-01,-8.537245988845825195e-01,-1.094027683138847351e-01
-1.753688097000122070e+00,-1.713089585304260254e+00,-9.530159235000610352e-01,-2.993721067905426025e-01,1.800027847290039062e+00,-3.069058418273925781e+00,-3.645726740360260010e-01,-1.993782639503479004e+00,7.449455738067626953e+00,3.677608251571655273e+00,7.323899865150451660e-01,1.739788174629211426e+00,1.850541472434997559e+00,-1.511134505271911621e-01,5.376142859458923340e-01,-1.334078311920166016e+00,-1.572134137153625488e+00,1.808745115995407104e-01,-9.414883255958557129e-01,-2.012792110443115234e+00,2.958000898361206055e-01,-2.690790176391601562e+00,-3.292342722415924072e-01,-1.732105374336242676e+00,8.287476301193237305e-01,-2.276233673095703125e+00,3.335013985633850098e-01,9.337962269783020020e-01,-2.852178364992141724e-02,2.261154174804687500e+00,3.059723854064941406e+00,4.591293811798095703e+00,-9.443704485893249512e-01,-7.243713140487670898e-01,-5.889390707015991211e-01,-2.353771924972534180e+00,-6.885261535644531250e-01,-3.336025476455688477e-01,-1.369042754173278809e+00,8.774509429931640625e-01,1.974966406822204590e+00,-6.440595388412475586e-01,-8.341566920280456543e-01,-5.218445658683776855e-01,1.059224843978881836e+00,1.298128724098205566e+00,-9.480967521667480469e-01,-1.192900180816650391e+00,-1.822040677070617676e+00,-2.679921865463256836e+00,-1.658782362937927246e+00,-1.597985863685607910e+00,1.150921249389648438e+01,-1.313638567924499512e+00,-4.611834526062011719e+00,-2.363480091094970703e+00,-1.389555931091308594e+00,-1.881209135055541992e+00,1.010823011398315430e+00,-2.595713734626770020e-01,-5.015833973884582520e-01,-2.014347314834594727e+00,-3.684124946594238281e-01,-3.655348539352416992e+00,-1.017372250556945801e+00,4.611849486827850342e-01,1.265365123748779297e+00,-2.021049410104751587e-01,-4.619882583618164062e+00,1.407400131225585938e+00,3.248148411512374878e-02,-8.851889371871948242e-01,-2.885025739669799805e+00,1.875641584396362305e+00,2.374181151390075684e-01,-2.938655614852905273e+00,-2.792116403579711914e+00,-1.507543563842773438e+00,3.021579608321189880e-02,-3.492553234100341797e-01,-4.658654630184173584e-01,-1.692420601844787598e+00,1.513459086418151855e+00,-1.230269551277160645e+00,-1.652193427085876465e+00,5.977348238229751587e-02,-2.632851600646972656e+00,1.490688204765319824e+00,-2.050810813903808594e+00,-7.352796196937561035e-01,7.063995003700256348e-01,-1.603421211242675781e+00,-1.914428591728210449e+00,-1.735429525375366211e+00,-2.265026569366455078e-01,-1.619341611862182617e+00,-1.196981906890869141e+00,7.092862725257873535e-01,1.346471607685089111e-01,3.372895240783691406e+00
2.360934466123580933e-01,1.452547311782836914e-01,4.635680913925170898e-01,-1.535665392875671387e+00,1.064314961433410645e+00,-9.945356249809265137e-01,-1.899289131164550781e+00,-3.669610321521759033e-01,5.492811203002929688e+00,1.939162015914916992e+00,-4.020681977272033691e-01,4.050823211669921875e+00,2.870485544204711914e+00,-1.798968672752380371e+00,-9.180343151092529297e-01,-2.370615005493164062e+00,-2.757572531700134277e-01,-2.015252590179443359e+00,-2.505264282226562500e+00,-1.508331060409545898e+00,-9.208750128746032715e-01,-3.484617471694946289e+00,-7.580896615982055664e-01,-3.303031921386718750e-01,-7.258073687553405762e-01,-8.698605298995971680e-01,-8.541339039802551270e-01,-6.681696772575378418e-01,5.743010044097900391e+00,-3.120503723621368408e-01,5.978741049766540527e-01,5.542922019958496094e+00,-1.262310028076171875e+00,3.902684748172760010e-01,-1.138007640838623047e+00,-2.387169599533081055e+00,7.046428322792053223e-01,-1.007364988327026367e+00,2.322181701660156250e+00,1.852074742317199707e+00,-7.255660891532897949e-01,-1.238772869110107422e+00,-2.068619966506958008e+00,-1.230556845664978027e+00,4.914372861385345459e-01,-1.972921371459960938e+00,-2.893078804016113281e+00,-3.933162093162536621e-01,-1.065307855606079102e+00,-1.891247034072875977e+00,-4.619399070739746094e+00,-3.886786460876464844e+00,7.448563575744628906e-01,-1.926585793495178223e+00,-1.891870856285095215e+00,1.654485166072845459e-01,-1.187194705009460449e+00,-1.897691726684570312e+00,-4.008180499076843262e-01,-1.630364179611206055e+00,2.616164684295654297e-01,1.876224756240844727e+00,2.964588642120361328e+00,-7.327592372894287109e-01,4.254575669765472412e-01,5.167251080274581909e-02,1.763235181570053101e-01,3.441669225692749023e+00,-3.280790805816650391e+00,3.222704887390136719e+00,1.631277084350585938e+00,-1.370337367057800293e+00,3.958777189254760742e-01,3.658900260925292969e+00,-1.475894331932067871e+00,-5.724976062774658203e-01,-3.450753688812255859e+00,-3.324424028396606445e+00,5.861760139465332031e+00,3.301542699337005615e-01,-1.397801637649536133e+00,-3.198468685150146484e+00,-3.280944108963012695e+00,9.981203079223632812e-01,-2.637141942977905273e+00,1.573871076107025146e-01,-4.518764495849609375e+00,1.446006059646606445e+00,-2.277343988418579102e+00,2.622534334659576416e-01,5.685603022575378418e-01,-2.306449890136718750e+00,-3.310499906539916992e+00,-2.596160888671875000e+00,-4.859319925308227539e-01,-4.676581621170043945e-01,-9.022281169891357422e-01,2.717597961425781250e+00,8.412771224975585938e-01,3.536049604415893555e+00
-1.378905653953552246e+00,-3.158529996871948242e-01,-6.510906815528869629e-01,-1.626525402069091797e+00,8.972744941711425781e-01,-2.077886343002319336e+00,-1.326164841651916504e+00,-3.320085763931274414e+00,7.731765270233154297e+00,2.775335311889648438e+00,2.959977626800537109e+00,2.059344053268432617e+00,9.794039130210876465e-01,-3.446928858757019043e-01,-5.972402691841125488e-01,-1.851197361946105957e+00,-2.054862022399902344e+00,1.442735940217971802e-01,5.161361694335937500e-01,-2.372641801834106445e+00,1.322130918502807617e+00,-3.428830623626708984e+00,-1.618328690528869629e+00,-1.451988816261291504e+00,-1.992983520030975342e-01,-3.141900777816772461e+00,-6.010152697563171387e-01,-1.313981860876083374e-01,3.655616939067840576e-01,2.726960420608520508e+00,3.034811973571777344e+00,4.883929729461669922e+00,-1.826898097991943359e+00,-1.054575920104980469e+00,-1.018593430519104004e+00,-2.662907123565673828e+00,-4.375940561294555664e-01,-1.155215620994567871e+00,-2.324738740921020508e+00,4.321656525135040283e-01,2.415353059768676758e+00,-1.485387563705444336e+00,-2.211395353078842163e-01,5.602563619613647461e-01,1.393416076898574829e-01,1.056166529655456543e+00,-1.241729259490966797e-01,-1.527278542518615723e+00,-1.546888232231140137e+00,-1.582365155220031738e+00,-1.587799668312072754e+00,-9.797284007072448730e-01,1.071146869659423828e+01,-1.675884723663330078e-01,-2.738761186599731445e+00,-2.010700464248657227e+00,1.570063233375549316e+00,-8.143141269683837891e-01,-9.326521754264831543e-01,-1.526181101799011230e+00,-1.709825515747070312e+00,-1.260975122451782227e+00,-7.118514776229858398e-01,-3.925054788589477539e+00,1.014143586158752441e+00,1.756107509136199951e-01,1.312895178794860840e+00,-4.880972802639007568e-01,-1.328625321388244629e+00,3.140802145004272461e+00,3.256496191024780273e-01,-8.815174698829650879e-01,-1.979457974433898926e+00,3.070455789566040039e-01,-5.521422028541564941e-01,-2.535535573959350586e+00,-4.014296531677246094e+00,-1.065772414207458496e+00,1.097077608108520508e+00,-6.798270940780639648e-01,1.664751291275024414e+00,-1.591742753982543945e+00,8.734034001827239990e-02,-1.419237732887268066e+00,-2.646632432937622070e+00,1.895937919616699219e-01,-3.522006750106811523e+00,8.475151062011718750e-01,-3.189015150070190430e+00,-1.104315757751464844e+00,1.057525992393493652e+00,-2.503998041152954102e+00,-1.294685363769531250e+00,-1.581896305084228516e+00,-7.918936014175415039e-02,-1.387501716613769531e+00,-8.577121496200561523e-01,-7.668496668338775635e-02,5.024451613426208496e-01,6.019551277160644531e+00
1.477454900741577148e+00,3.866484642028808594e+00,-1.298671841621398926e+00,-1.673866868019104004e+00,-1.180653691291809082e+00,4.666578173637390137e-01,-1.602824628353118896e-01,-5.152791500091552734e+00,-1.837974667549133301e+00,7.470381855964660645e-01,-2.766734838485717773e+00,9.006829857826232910e-01,1.863656193017959595e-01,-1.841042518615722656e+00,-1.465857744216918945e+00,-3.852229833602905273e+00,-3.811838030815124512e-01,8.411889895796775818e-03,5.356178283691406250e-01,-1.973235234618186951e-02,1.079365253448486328e+00,4.006617665290832520e-01,4.632996559143066406e+00,-1.383532166481018066e+00,-2.354594945907592773e+00,1.147928535938262939e-01,-1.417020916938781738e+00,2.344817519187927246e-01,1.054722189903259277e+00,6.341325640678405762e-01,2.579061746597290039e+00,5.178722858428955078e+00,-1.931140303611755371e+00,-1.914284586906433105e+00,-2.854480743408203125e+00,-2.512419521808624268e-01,-4.963212311267852783e-01,1.010991111397743225e-01,1.224649548530578613e-01,-4.535997807979583740e-01,-2.288444042205810547e-01,-1.997516393661499023e+00,7.962180972099304199e-01,1.970883607864379883e-01,-2.019185543060302734e+00,2.507216930389404297e+00,-2.376599550247192383e+00,4.745009839534759521e-01,6.124401688575744629e-01,-3.736184239387512207e-01,-1.791474342346191406e+00,2.505496025085449219e+00,7.167826890945434570e-01,2.153640270233154297e+00,2.345689058303833008e+00,-1.031670928001403809e+00,8.341361045837402344e+00,2.448462843894958496e-01,-1.991135358810424805e+00,5.371977806091308594e+00,-9.008365273475646973e-01,7.781962156295776367e-01,-4.647977650165557861e-01,1.451257020235061646e-01,-2.627103567123413086e+00,-5.556308031082153320e-01,2.766170740127563477e+00,-3.062021732330322266e+00,-5.018753409385681152e-01,-1.419951081275939941e+00,2.258765548467636108e-01,3.514928102493286133e+00,-8.362215161323547363e-01,7.815209627151489258e-01,-2.962576627731323242e+00,1.390394449234008789e+00,-6.030249595642089844e+00,3.785845637321472168e-02,8.077157020568847656e+00,-1.569084048271179199e+00,-3.226970136165618896e-01,-2.380427837371826172e+00,9.456378221511840820e-02,-4.117383360862731934e-01,-4.357712566852569580e-01,-1.188074111938476562e+00,-3.004380702972412109e+00,-8.099641799926757812e-01,-2.808251619338989258e+00,2.261038541793823242e+00,2.603188157081604004e-01,6.600735187530517578e-01,-2.001229047775268555e+00,-9.315696954727172852e-01,-2.757314205169677734e+00,-8.000195026397705078e-03,-1.387022495269775391e+00,1.054224967956542969e+00,-1.684277415275573730e+00,5.013149380683898926e-01
3.272013902664184570e+00,2.178383618593215942e-01,-1.565015316009521484e-01,1.533436417579650879e+00,4.500918865203857422e+00,-5.313515067100524902e-01,1.543255901336669922e+01,-2.252575874328613281e+00,-4.153701782226562500e+00,3.900598526000976562e+00,-6.708171367645263672e-01,6.275396347045898438e-01,-1.084648489952087402e+00,-3.647128641605377197e-01,8.552796840667724609e-01,5.642955899238586426e-01,5.756964087486267090e-01,4.790811538696289062e-01,-1.862722277641296387e+00,1.039465665817260742e+00,-1.010517358779907227e+00,1.813888430595397949e+00,8.435826897621154785e-01,3.041956946253776550e-02,-1.776408672332763672e+00,1.004930019378662109e+00,1.779836118221282959e-01,7.113687992095947266e-01,4.383700847625732422e+00,-3.956846714019775391e+00,1.357977151870727539e+00,3.656147480010986328e+00,-6.815021634101867676e-01,-2.887260675430297852e+00,1.449624776840209961e+00,9.995404481887817383e-01,-2.487994194030761719e+00,5.969259142875671387e-01,6.554238498210906982e-02,-2.621418952941894531e+00,1.072377413511276245e-01,1.212006926536560059e+00,4.422836601734161377e-01,-2.683605432510375977e+00,-1.756910324096679688e+00,1.440005064010620117e+00,1.221968531608581543e+00,2.612271547317504883e+00,-3.075018405914306641e+00,7.503321766853332520e-01,3.174814879894256592e-01,3.601295709609985352e+00,-1.849877238273620605e+00,-1.121865749359130859e+00,-4.421492576599121094e+00,-6.730360388755798340e-01,3.916479945182800293e-01,-3.084487438201904297e+00,1.185823321342468262e+00,-2.186376094818115234e+00,-2.199486970901489258e+00,6.385215520858764648e-01,3.514525890350341797e+00,-3.086120605468750000e+00,1.661508679389953613e-01,7.438560128211975098e-01,2.444201260805130005e-01,-1.841286540031433105e+00,1.941712200641632080e-01,-1.745705008506774902e-01,2.176620811223983765e-01,-2.983298301696777344e+00,-6.157387793064117432e-02,5.423434376716613770e-01,-1.104319334030151367e+00,-9.276965260505676270e-01,-1.583175778388977051e+00,9.231151342391967773e-01,-1.261285543441772461e-01,-5.490440130233764648e-01,-1.157112866640090942e-01,-1.705412983894348145e+00,-2.750958681106567383e+00,1.293061494827270508e+00,2.963854551315307617e+00,-1.697876930236816406e+00,1.112643718719482422e+00,2.806724786758422852e+00,-7.839932441711425781e-01,-1.233826637268066406e+00,-1.603855639696121216e-01,-7.114302515983581543e-01,-1.147539615631103516e+00,-7.926178574562072754e-01,6.739680767059326172e-01,3.367329239845275879e-01,-6.676071286201477051e-01,-3.063663244247436523e-01,-8.938128352165222168e-01,1.491711139678955078e+00
1.946662425994873047e+00,5.061432123184204102e-01,-9.995276927947998047e-01,2.229447603225708008e+00,2.926976442337036133e+00,-8.950452208518981934e-01,1.557308578491210938e+01,-2.241906881332397461e+00,-4.209507465362548828e+00,4.253819465637207031e+00,-6.421674489974975586e-01,-5.520873069763183594e-01,-3.858426213264465332e-01,-6.583320498466491699e-01,8.590719699859619141e-01,1.531947016716003418e+00,1.041635394096374512e+00,8.334424495697021484e-01,-1.626688241958618164e+00,1.967121362686157227e+00,-1.260974049568176270e+00,2.505395412445068359e+00,3.573163747787475586e+00,-2.893336489796638489e-02,-2.714432954788208008e+00,6.427488327026367188e-01,5.936588644981384277e-01,6.614776849746704102e-01,2.297074794769287109e+00,-4.108760833740234375e+00,2.385846853256225586e+00,3.023665904998779297e+00,-3.383007049560546875e-01,-3.457118511199951172e+00,2.346842288970947266e+00,1.695597171783447266e+00,-2.248218297958374023e+00,8.225201964378356934e-01,9.310206174850463867e-01,-2.885175466537475586e+00,-1.276266217231750488e+00,1.543311953544616699e+00,8.557671308517456055e-01,-3.205493450164794922e+00,-1.130002379417419434e+00,1.886701464653015137e+00,7.669871449470520020e-01,2.644095659255981445e+00,-2.067228555679321289e+00,1.210348606109619141e+00,1.001202017068862915e-01,1.964046239852905273e+00,-1.618817687034606934e+00,-1.965413540601730347e-01,-4.111558437347412109e+00,-1.330943465232849121e+00,-2.855353653430938721e-01,-2.722339391708374023e+00,1.537258625030517578e+00,-2.060284852981567383e+00,-2.067990541458129883e+00,2.449730932712554932e-01,3.178017377853393555e+00,-2.757666587829589844e+00,-6.025278568267822266e-01,1.657026052474975586e+00,7.406407594680786133e-01,-2.340873479843139648e+00,-3.983603417873382568e-01,-9.651147127151489258e-01,-4.686374962329864502e-01,-2.931438922882080078e+00,1.608785241842269897e-01,-1.274232864379882812e-01,-1.365033507347106934e+00,-5.487757921218872070e-01,-1.030299305915832520e+00,1.715182662010192871e+00,-8.594514727592468262e-01,-1.778606295585632324e+00,-1.083830356597900391e+00,-4.955805838108062744e-01,-1.984322905540466309e+00,1.428284764289855957e+00,4.509712219238281250e+00,-1.692430853843688965e+00,1.605318307876586914e+00,1.249144434928894043e+00,-6.316608786582946777e-01,-7.591516375541687012e-01,-9.475729465484619141e-01,4.391095340251922607e-01,-1.288674235343933105e+00,-5.278640240430831909e-02,2.602870762348175049e-01,4.398271441459655762e-01,-1.322966694831848145e+00,2.200359106063842773e-01,-1.250897765159606934e+00,7.172324061393737793e-01
2.199780225753784180e+00,1.257321715354919434e+00,-6.548724323511123657e-02,-1.875147521495819092e-01,-3.795969009399414062e+00,-1.025857925415039062e+00,-7.575588673353195190e-02,-2.896115541458129883e+00,2.447550058364868164e+00,-3.082699477672576904e-01,-7.096242308616638184e-01,5.477305650711059570e-01,2.012768507003784180e+00,-1.940301656723022461e+00,-2.371519804000854492e+00,-2.427635431289672852e+00,2.142923593521118164e+00,-2.166274785995483398e+00,-1.976671934127807617e+00,-1.986285150051116943e-01,1.164486289024353027e+00,-8.513813018798828125e-01,3.796024620532989502e-01,-6.871092915534973145e-01,-3.366612195968627930e+00,-3.388779163360595703e-01,-2.784256219863891602e+00,2.535400629043579102e+00,-6.542439460754394531e-01,1.100256323814392090e+00,1.006536960601806641e+00,1.688827753067016602e+00,-2.975813388824462891e+00,-4.520997524261474609e+00,-2.568017482757568359e+00,-9.508080482482910156e-01,5.264707207679748535e-01,1.262621164321899414e+00,2.270231962203979492e+00,7.218283414840698242e-01,9.017939567565917969e-01,-1.095104217529296875e+00,2.871885001659393311e-01,-2.929331779479980469e+00,-5.783186480402946472e-02,1.792531251907348633e+00,6.373327970504760742e-01,-2.138261795043945312e+00,2.344293355941772461e+00,3.341838121414184570e+00,-1.032053709030151367e+00,4.604569375514984131e-01,-1.354941248893737793e+00,8.096322417259216309e-01,1.110723781585693359e+01,-1.261144161224365234e+00,2.660166263580322266e+00,-1.143273711204528809e-01,-3.202303886413574219e+00,-1.158639416098594666e-01,-2.966207265853881836e+00,-2.256600856781005859e-01,1.044466122984886169e-01,7.579646110534667969e-01,-1.894811630249023438e+00,1.954932570457458496e+00,2.365063428878784180e+00,-2.974688529968261719e+00,5.111762523651123047e+00,1.051095724105834961e+00,-3.860468044877052307e-03,-2.166028022766113281e+00,-8.975310921669006348e-01,2.128425121307373047e+00,-2.304554224014282227e+00,4.144812583923339844e+00,-3.485278606414794922e+00,-2.017395257949829102e+00,3.080908536911010742e+00,-1.955272555351257324e+00,1.292747139930725098e+00,-2.917365550994873047e+00,-1.564412832260131836e+00,-1.439361929893493652e+00,-1.133799195289611816e+00,-3.368319034576416016e+00,2.613845825195312500e+00,-2.321998119354248047e+00,-1.749985575675964355e+00,-2.428022861480712891e+00,-2.239695936441421509e-01,-1.732141375541687012e+00,-2.895722866058349609e+00,3.675025701522827148e+00,1.021331071853637695e+00,-4.819976687431335449e-01,-6.047128438949584961e-01,-2.143210172653198242e+00,1.097098588943481445e+00,2.414866447448730469e+00
3.274127542972564697e-01,9.535133242607116699e-01,3.476153612136840820e-01,-3.076577901840209961e+00,2.045934915542602539e+00,-7.961085066199302673e-03,-1.904605269432067871e+00,-1.239326715469360352e+00,-3.196348994970321655e-02,-2.481214046478271484e+00,4.257661700248718262e-01,8.804921507835388184e-01,-9.576302766799926758e-01,-1.484177708625793457e+00,8.663887977600097656e-01,-1.698678731918334961e+00,5.055655837059020996e-01,2.186431646347045898e+00,-3.662912368774414062e+00,9.342739582061767578e-01,2.241934061050415039e+00,-1.082247972488403320e+00,-1.575160384178161621e+00,-1.842982172966003418e+00,6.937260031700134277e-01,1.571183443069458008e+00,-6.224138736724853516e-01,-6.292768716812133789e-01,2.992119550704956055e+00,-9.785205721855163574e-01,-8.827122449874877930e-01,3.447357416152954102e+00,3.319064378738403320e+00,-9.976379871368408203e-01,-1.754933476448059082e+00,4.443217217922210693e-01,-4.054969251155853271e-01,-2.779325008392333984e+00,-1.077865481376647949e+00,-2.752323150634765625e+00,-2.285279989242553711e+00,1.855220198631286621e+00,-3.192182540893554688e+00,-8.255838751792907715e-01,-1.842238783836364746e+00,1.318474650382995605e+00,-3.282815933227539062e+00,-3.510152399539947510e-01,-4.049748182296752930e-01,-3.582136392593383789e+00,-6.590631008148193359e-01,-1.432535171508789062e+00,-2.814618647098541260e-01,-2.311560392379760742e+00,-2.553741216659545898e+00,-1.790020346641540527e+00,1.651351600885391235e-01,-3.194144725799560547e+00,-1.741537004709243774e-01,5.506324768066406250e+00,2.794968128204345703e+00,1.800485968589782715e+00,-1.321894526481628418e+00,-1.511365413665771484e+00,-1.049441218376159668e+00,-2.377514362335205078e+00,6.688081622123718262e-01,7.790824770927429199e-01,-2.238575696945190430e+00,-3.829692602157592773e-01,-1.270624250173568726e-01,1.284160017967224121e+00,-2.038589306175708771e-02,2.749033689498901367e+00,-1.036214590072631836e+00,-1.564779639244079590e+00,-1.681130528450012207e+00,-1.175271391868591309e+00,1.421840190887451172e+00,1.298043060302734375e+01,-6.193904876708984375e-01,2.820646464824676514e-01,-1.211727023124694824e+00,-2.733111381530761719e+00,-1.432394862174987793e+00,2.424920558929443359e+00,-2.953097581863403320e+00,4.357270240783691406e+00,9.185808151960372925e-02,1.651708841323852539e+00,1.930648803710937500e+00,9.887931942939758301e-01,-1.414684176445007324e+00,-2.318074226379394531e+00,-1.422355294227600098e+00,-1.947628021240234375e+00,-2.291321158409118652e-01,4.454437792301177979e-01,1.421653509140014648e+00,-2.162530459463596344e-02
1.139218807220458984e+00,1.905319988727569580e-01,-1.735343337059020996e+00,-1.935434192419052124e-01,1.209169626235961914e+00,2.945398330688476562e+00,8.849807381629943848e-01,2.441420219838619232e-02,-1.261091589927673340e+00,-1.803745985031127930e+00,-1.013436079025268555e+00,3.511703968048095703e+00,-1.810258030891418457e+00,-2.250506877899169922e+00,1.004706230014562607e-02,2.325640678405761719e+00,-2.786492705345153809e-01,6.941966056823730469e+00,-1.631108045578002930e+00,7.435235381126403809e-01,1.545539259910583496e+00,-2.276102542877197266e+00,-5.264273285865783691e-01,-1.324815154075622559e+00,3.477782726287841797e+00,-6.909614056348800659e-02,1.207892179489135742e+00,1.023751139640808105e+00,-6.097823977470397949e-01,-3.726431608200073242e+00,3.787867307662963867e+00,-5.803174972534179688e-01,7.790389060974121094e-01,-1.318407297134399414e+00,-1.530750751495361328e+00,1.400996112823486328e+01,1.191485524177551270e+00,-1.105672717094421387e+00,-1.281330704689025879e+00,-4.724313259124755859e+00,-1.676004409790039062e+00,-1.275070428848266602e+00,-1.232789039611816406e+00,-1.514850020408630371e+00,-3.771111249923706055e+00,-1.797899246215820312e+00,2.456573545932769775e-01,4.528485834598541260e-01,5.353609323501586914e-01,-2.456372261047363281e+00,-4.130571365356445312e+00,-1.171357989311218262e+00,-1.658496022224426270e+00,1.016715645790100098e+00,-1.431188344955444336e+00,9.006676673889160156e-01,1.853917479515075684e+00,-1.500068604946136475e-02,8.703033626079559326e-02,-9.473551511764526367e-01,-4.130957722663879395e-01,3.231817960739135742e+00,2.521694660186767578e+00,-2.566578626632690430e+00,3.470446109771728516e+00,3.461403846740722656e-01,1.281608104705810547e+00,-2.904367685317993164e+00,-1.141959428787231445e+00,3.923579216003417969e+00,-1.557870745658874512e+00,-8.776833415031433105e-01,2.993167638778686523e+00,2.413383960723876953e+00,8.129232376813888550e-02,3.400110602378845215e-01,-3.927678108215332031e+00,3.947462737560272217e-01,8.018029332160949707e-01,2.119521051645278931e-01,-1.434595108032226562e+00,-3.232273459434509277e-02,-3.631812095642089844e+00,-3.040712475776672363e-01,3.275598883628845215e-01,-2.056551218032836914e+00,6.881392002105712891e-02,2.695241212844848633e+00,-1.293612599372863770e+00,3.310808837413787842e-01,1.617319583892822266e+00,-3.902027010917663574e-01,-1.620604276657104492e+00,-2.785840988159179688e+00,-2.399465084075927734e+00,-2.573336124420166016e+00,3.023136258125305176e-01,7.140256166458129883e-01,-2.465220689773559570e+00,-8.335899710655212402e-01
-1.684951424598693848e+00,1.240919470787048340e+00,3.706741333007812500e-01,-1.574117064476013184e+00,-9.424882531166076660e-01,1.701806306838989258e+00,-2.539175033569335938e+00,1.598435878753662109e+00,1.824325561523437500e+00,-5.687670111656188965e-01,-3.115363836288452148e+00,9.967022389173507690e-02,-4.493071079254150391e+00,8.273871421813964844e+00,3.752934336662292480e-01,-1.374589085578918457e+00,8.739896416664123535e-01,2.053987741470336914e+00,-5.866869091987609863e-01,-2.077517032623291016e+00,1.132365345954895020e+00,-4.426080584526062012e-01,1.676950156688690186e-01,-1.489015698432922363e+00,-1.001444533467292786e-01,-1.930909045040607452e-02,7.913008332252502441e-01,1.912187814712524414e+00,-1.139616966247558594e+00,-1.944339990615844727e+00,-5.833243131637573242e-01,-2.000528097152709961e+00,-1.677009344100952148e+00,-2.319502830505371094e-01,-6.395022273063659668e-01,2.603816986083984375e+00,1.262856674194335938e+01,1.054072141647338867e+00,-1.945977330207824707e+00,-1.363610506057739258e+00,1.328143924474716187e-01,-2.405407190322875977e+00,-3.182034015655517578e+00,-1.034486413002014160e+00,-8.230638504028320312e-01,2.708219587802886963e-01,-1.003736376762390137e+00,9.057402610778808594e-01,2.557511329650878906e-01,-1.652094125747680664e+00,-3.175078630447387695e+00,-2.527658224105834961e+00,8.741313815116882324e-01,2.568548917770385742e-01,-2.492144823074340820e+00,8.428519219160079956e-02,1.849027276039123535e+00,2.182804107666015625e+00,-7.305444478988647461e-01,2.769794702529907227e+00,3.691489934921264648e+00,2.104473829269409180e+00,-1.311240643262863159e-01,-9.121568873524665833e-03,-9.587501287460327148e-01,-2.775055468082427979e-01,-3.491427183151245117e+00,-9.424786567687988281e-01,-1.824215173721313477e+00,-2.148497581481933594e+00,4.758838713169097900e-01,-1.143496632575988770e+00,4.515195846557617188e+00,1.138806715607643127e-01,-5.949045419692993164e-01,7.082687318325042725e-02,2.693639099597930908e-01,1.327491879463195801e+00,-1.224906325340270996e+00,-1.955236554145812988e+00,-3.643261790275573730e-01,-1.242332696914672852e+00,-6.855732798576354980e-01,-1.280913233757019043e+00,2.879246473312377930e+00,-3.946549177169799805e+00,-6.856137514114379883e-01,-2.865306854248046875e+00,-7.848589420318603516e-01,2.058987379074096680e+00,1.058206796646118164e+00,-1.303848996758460999e-02,-1.731086492538452148e+00,1.805712729692459106e-01,-2.044192790985107422e+00,-2.171517610549926758e+00,-8.867181539535522461e-01,6.438489556312561035e-01,-3.884226322174072266e+00,4.514412879943847656e-01
-6.908348202705383301e-01,-1.179547429084777832e+00,9.822276830673217773e-01,-1.207847952842712402e+00,2.800129055976867676e-01,2.270556926727294922e+00,-1.525194764137268066e+00,4.629614949226379395e-01,-4.011058062314987183e-02,-1.620612382888793945e+00,-9.756554365158081055e-01,5.366346836090087891e-01,-3.223758339881896973e-01,-2.165336370468139648e+00,-1.606344461441040039e+00,-1.763186216354370117e+00,-1.790081620216369629e+00,-1.041879057884216309e+00,1.811822056770324707e+00,-7.498924732208251953e-01,8.750774264335632324e-01,-3.894136428833007812e+00,-5.718617439270019531e-01,-7.873238921165466309e-01,-1.091734096407890320e-01,4.712927937507629395e-01,8.107933402061462402e-01,-1.543102264404296875e-01,-1.028721094131469727e+00,4.373322963714599609e+00,1.447328090667724609e+00,3.437459468841552734e+00,-8.228611350059509277e-01,8.270058035850524902e-01,-3.617307901382446289e+00,-6.785868406295776367e-01,-5.772646069526672363e-01,-4.009938836097717285e-01,-2.385073423385620117e+00,-2.549561500549316406e+00,-6.391473412513732910e-01,-1.148975253105163574e+00,2.149979829788208008e+00,1.339367866516113281e+01,-7.279630899429321289e-01,1.556901812553405762e+00,1.299599111080169678e-01,1.052674770355224609e+00,-4.764852300286293030e-02,-5.032609462738037109e+00,-3.529936373233795166e-01,2.173096895217895508e+00,-3.219301402568817139e-01,-2.033688783645629883e+00,8.597008585929870605e-01,-1.750535488128662109e+00,1.799878954887390137e+00,-1.203602313995361328e+00,1.330352544784545898e+00,-6.285095810890197754e-01,6.966003775596618652e-01,-7.959687709808349609e-02,-4.068295061588287354e-01,-7.235666513442993164e-01,-1.918798834085464478e-01,-1.044105052947998047e+00,1.580663323402404785e+00,4.231948554515838623e-01,-4.125560760498046875e+00,2.157907009124755859e+00,-3.141270950436592102e-03,5.607360363006591797e+00,-2.541046619415283203e+00,-1.978755354881286621e+00,-1.474382400512695312e+00,-6.047959625720977783e-02,-2.516815185546875000e+00,1.682951450347900391e+00,-9.182861447334289551e-01,-9.392814636230468750e-01,1.187502264976501465e+00,3.670768439769744873e-02,1.148399829864501953e+00,-2.529375553131103516e+00,9.322681427001953125e-01,1.082729339599609375e+00,-3.905849456787109375e+00,3.243455886840820312e+00,-8.008635640144348145e-01,-1.798723936080932617e+00,-5.498083829879760742e-01,1.179406166076660156e+00,-1.071838617324829102e+00,-3.402986764907836914e+00,-6.698969751596450806e-03,-3.147494196891784668e-01,4.686395823955535889e-01,-3.217154741287231445e-01,-1.420616865158081055e+00,7.139271497726440430e-01
8.432970643043518066e-01,1.383709669113159180e+00,-1.727391958236694336e+00,-1.786076784133911133e+00,-3.981269598007202148e-01,-5.661944746971130371e-01,-8.579769134521484375e-01,-3.309872865676879883e+00,-6.635071039199829102e-01,1.437018752098083496e+00,-2.033151149749755859e+00,1.510557532310485840e+00,1.595930606126785278e-01,-1.923912405967712402e+00,-6.750435233116149902e-01,-3.806682348251342773e+00,-1.403000712394714355e+00,4.903378486633300781e-01,-1.026897430419921875e+00,1.405907273292541504e-01,1.828949213027954102e+00,-2.279196739196777344e+00,8.725535273551940918e-01,-1.641637444496154785e+00,-2.160561084747314453e+00,-1.411716699600219727e+00,-1.328703761100769043e+00,1.661944150924682617e+00,2.084440708160400391e+00,1.291359543800354004e+00,3.788370370864868164e+00,7.115001201629638672e+00,-1.680842638015747070e+00,-1.798048853874206543e+00,-3.861241936683654785e-01,-2.956741571426391602e+00,-1.168845176696777344e+00,-1.665123939514160156e+00,-6.035573482513427734e-01,-4.719856083393096924e-01,3.765918910503387451e-01,3.735379695892333984e+00,3.582015991210937500e+00,7.209967374801635742e-01,-2.034779310226440430e+00,9.103699922561645508e-01,-3.003642559051513672e+00,1.654519796371459961e+00,8.442972898483276367e-01,-2.884359598159790039e+00,-3.109745264053344727e+00,-4.901418089866638184e-01,4.311796665191650391e+00,2.719197273254394531e+00,-3.203564286231994629e-01,-3.439598798751831055e+00,1.053162670135498047e+01,1.970598459243774414e+00,-8.787888884544372559e-01,1.652542829513549805e+00,-1.302679181098937988e-01,2.539498090744018555e+00,-6.564610600471496582e-01,-1.709384679794311523e+00,-2.136577606201171875e+00,2.587292194366455078e-01,1.944656372070312500e+00,-2.383764266967773438e+00,-6.756015419960021973e-01,4.175868630409240723e-01,1.063093900680541992e+00,3.066877126693725586e+00,-9.667292237281799316e-01,1.275819540023803711e+00,-1.251417517662048340e+00,5.683844089508056641e-01,-7.469582557678222656e+00,9.300572797656059265e-03,3.593330860137939453e+00,-1.478724122047424316e+00,-3.592643141746520996e-02,-2.776652574539184570e+00,-8.862068653106689453e-01,-1.169422388076782227e+00,-2.031658411026000977e+00,1.569692373275756836e+00,-3.663053750991821289e+00,-5.864917635917663574e-01,-2.694143950939178467e-01,2.860898733139038086e+00,1.934781908988952637e+00,-1.007300496101379395e+00,-2.324517011642456055e+00,-1.919954776763916016e+00,-2.414239168167114258e+00,-3.307420015335083008e-01,-2.085183620452880859e+00,-1.431428343057632446e-01,1.925830245018005371e+00,6.789842247962951660e-01
-1.869041025638580322e-01,3.401023626327514648e+00,4.255172312259674072e-01,4.794257879257202148e-01,2.325674295425415039e+00,2.598659992218017578e+00,-2.189740419387817383e+00,3.159817934036254883e+00,-6.955104470252990723e-01,-3.082797288894653320e+00,-1.613563895225524902e+00,-2.497841119766235352e-01,-1.012613773345947266e-01,-4.443202912807464600e-01,1.332981944084167480e+00,-1.580562591552734375e+00,-4.978022277355194092e-01,3.256139993667602539e+00,-2.155034840106964111e-01,5.284893989562988281e+00,5.244147777557373047e-01,1.675501912832260132e-01,-2.921179234981536865e-01,-1.194731235504150391e+00,-1.388936161994934082e+00,5.486338615417480469e+00,-1.390971839427947998e-01,-1.753732562065124512e+00,2.078461408615112305e+00,-9.379246234893798828e-01,-7.041876912117004395e-01,-3.166626214981079102e+00,1.216993522644042969e+01,2.445797920227050781e+00,8.875243663787841797e-01,7.463569045066833496e-01,-3.578478395938873291e-01,-3.375230550765991211e+00,1.829575747251510620e-01,-1.937985658645629883e+00,-2.660590410232543945e+00,3.631036520004272461e+00,-1.200892567634582520e+00,-8.905031085014343262e-01,6.289523243904113770e-01,-2.757614374160766602e+00,-4.109805583953857422e+00,-7.456311583518981934e-02,-3.929319083690643311e-01,-2.387000322341918945e+00,1.519145220518112183e-01,-1.212503075599670410e+00,-2.092788934707641602e+00,2.471997261047363281e+00,-3.265537977218627930e+00,-1.260173439979553223e+00,-1.972816228866577148e+00,4.533347487449645996e-01,7.175115346908569336e-01,-4.533046782016754150e-01,-5.823729634284973145e-01,6.817409396171569824e-01,-2.437272548675537109e+00,1.529628276824951172e+00,-1.177188232541084290e-01,-1.458073258399963379e+00,-2.913539171218872070e+00,8.461565971374511719e-01,-1.274823904037475586e+00,-2.110255479812622070e+00,-2.641860961914062500e+00,9.604551196098327637e-01,7.260667085647583008e-01,1.219541668891906738e+00,-8.651493787765502930e-01,-1.038799524307250977e+00,2.276757478713989258e+00,-1.209954738616943359e+00,-1.564258933067321777e+00,2.571028947830200195e+00,-2.070538282394409180e+00,-1.454787015914916992e+00,-2.059243917465209961e+00,-1.015791654586791992e+00,-2.694644451141357422e+00,2.527607679367065430e+00,-2.579802989959716797e+00,1.057812929153442383e+00,-4.724617898464202881e-01,1.773923993110656738e+00,1.294705867767333984e+00,4.762540817260742188e+00,-1.702425003051757812e+00,-3.487118482589721680e+00,-3.138149380683898926e-01,5.506886243820190430e-01,-1.202923655509948730e+00,8.762652873992919922e-01,1.184925794601440430e+00,-3.132921695709228516e+00
-1.457912921905517578e+00,4.857307910919189453e+00,3.725119352340698242e+00,5.350988507270812988e-01,1.145039796829223633e+00,-1.997891664505004883e+00,-3.975389003753662109e+00,-7.937043905258178711e-01,1.500846028327941895e+00,2.729624509811401367e+00,-1.842601060867309570e+00,-2.498754739761352539e+00,-1.348055601119995117e+00,-1.170899868011474609e-01,5.298756361007690430e-01,-9.460541009902954102e-01,-7.063505053520202637e-01,3.873886585235595703e+00,2.842713296413421631e-01,-6.241945624351501465e-01,4.298904240131378174e-01,2.506034612655639648e+00,1.834879219532012939e-01,2.568191587924957275e-01,-1.400761485099792480e+00,7.176474094390869141e+00,9.010542631149291992e-01,-1.750086903572082520e+00,4.427651762962341309e-01,-1.650017380714416504e+00,-1.828333616256713867e+00,-2.338006019592285156e+00,2.501656532287597656e+00,3.011367797851562500e+00,-4.538435041904449463e-01,-4.691235125064849854e-01,-4.042694717645645142e-02,-7.970456480979919434e-01,-3.221479058265686035e-01,1.067961812019348145e+00,3.459086120128631592e-01,-7.070329785346984863e-01,-3.652091979980468750e+00,-9.629117846488952637e-01,3.956253051757812500e+00,-4.297345504164695740e-02,-2.063801288604736328e+00,-4.722718596458435059e-01,-1.772264480590820312e+00,-3.801663398742675781e+00,3.064658343791961670e-01,-1.239681124687194824e+00,2.044976651668548584e-01,2.410517215728759766e+00,-3.091843843460083008e+00,2.649123430252075195e+00,-3.013661146163940430e+00,2.738528251647949219e-01,-4.693383872509002686e-01,-1.278872191905975342e-01,-4.400173187255859375e+00,-1.087295889854431152e+00,-9.156875014305114746e-01,1.633951902389526367e+00,8.103833794593811035e-01,-8.611122965812683105e-01,-5.231288433074951172e+00,3.055764913558959961e+00,-4.853470921516418457e-01,-1.739846467971801758e+00,-1.358190178871154785e+00,-1.444290161132812500e+00,1.442687034606933594e+00,-2.235418558120727539e+00,2.434272050857543945e+00,5.631289482116699219e-01,1.001122474670410156e+01,-1.351211667060852051e+00,-1.859216332435607910e+00,1.601214408874511719e+00,-1.368003606796264648e+00,-4.249507904052734375e+00,-2.776520013809204102e+00,-7.554175257682800293e-01,-2.519693613052368164e+00,-2.553584277629852295e-01,-4.273313999176025391e+00,-2.107419013977050781e+00,-2.199932098388671875e+00,7.278286814689636230e-01,8.111168146133422852e-01,2.463297367095947266e+00,-3.913088142871856689e-01,-1.747890591621398926e+00,1.512922048568725586e+00,3.164690136909484863e-01,4.014641642570495605e-01,-3.824273824691772461e+00,-3.002150058746337891e+00,-3.916710019111633301e-01
1.206227421760559082e+00,1.693757891654968262e+00,8.114979743957519531e+00,-5.341930389404296875e-01,-8.026413917541503906e-01,3.096987009048461914e+00,-2.545937538146972656e+00,-1.716733098030090332e+00,5.057173967361450195e-02,-1.099313735961914062e+00,-1.972393393516540527e+00,9.649230837821960449e-01,2.488515853881835938e+00,-1.148472905158996582e+00,-1.805381298065185547e+00,-2.812426328659057617e+00,7.234067320823669434e-01,-1.906970381736755371e+00,-3.381958901882171631e-01,-2.888526916503906250e+00,-1.032855749130249023e+00,-1.075292825698852539e+00,-1.218873858451843262e+00,-2.203427076339721680e+00,6.639861464500427246e-01,-2.284776210784912109e+00,-8.213136792182922363e-01,-5.149463415145874023e-01,3.032480239868164062e+00,2.187293291091918945e+00,1.120326161384582520e+00,2.391862154006958008e+00,-5.235063433647155762e-01,-2.594457149505615234e+00,-2.730222463607788086e+00,-1.938733339309692383e+00,-1.671965599060058594e+00,9.204298853874206543e-01,-3.866686820983886719e-01,-2.279747128486633301e-01,6.447589397430419922e-01,-1.453186988830566406e+00,-8.582519292831420898e-01,-9.740533232688903809e-01,4.902176856994628906e-01,-5.573124885559082031e-01,-2.482016086578369141e+00,-2.815915584564208984e+00,2.911964654922485352e+00,-1.675629258155822754e+00,-4.631623268127441406e+00,-1.658629298210144043e+00,-1.763848781585693359e+00,4.882549047470092773e-01,2.444054841995239258e+00,-2.440325975418090820e+00,5.120263099670410156e-01,7.139407992362976074e-01,1.180750131607055664e+00,2.575506687164306641e+00,1.174441099166870117e+00,-2.003306627273559570e+00,4.010716974735260010e-01,-6.944537162780761719e-01,-2.361482620239257812e+00,-2.493165060877799988e-02,2.475752681493759155e-01,-2.714033603668212891e+00,-2.660536766052246094e+00,2.204439163208007812e+00,-1.154911756515502930e+00,-2.401478290557861328e+00,-2.457609891891479492e+00,6.826305866241455078e+00,-7.639657855033874512e-01,9.694221615791320801e-01,-3.490643262863159180e+00,-2.251794099807739258e+00,8.309770584106445312e+00,-8.242357373237609863e-01,-2.561974525451660156e+00,-6.798386573791503906e-01,1.862332820892333984e+00,-6.877405047416687012e-01,-1.905596256256103516e+00,-1.533718556165695190e-01,-3.312993764877319336e+00,1.690104603767395020e-01,-2.588908672332763672e+00,3.963337421417236328e+00,4.552779793739318848e-01,1.538346171379089355e+00,-1.606504797935485840e+00,-1.775355577468872070e+00,-1.013565659523010254e+00,-3.414485454559326172e-01,-1.968847870826721191e+00,2.635506629943847656e+00,1.499568074941635132e-01,-2.280654907226562500e-01
5.016440525650978088e-03,2.755794286727905273e+00,5.232128620147705078e+00,-9.195784106850624084e-03,4.304127395153045654e-01,-5.900831222534179688e-01,-3.509229183197021484e+00,1.773513108491897583e-01,2.445815801620483398e+00,4.104138374328613281e+00,-1.217825770378112793e+00,-1.625532507896423340e-01,-4.321147203445434570e-01,9.086733460426330566e-01,-6.976948976516723633e-01,-2.864520788192749023e+00,-1.773598670959472656e+00,-1.129799723625183105e+00,-1.271171689033508301e+00,-2.712297201156616211e+00,1.231485009193420410e-01,-1.290111541748046875e+00,-1.856270313262939453e+00,-1.897464156150817871e+00,-2.863582611083984375e+00,-1.133667305111885071e-03,-1.587373137474060059e+00,3.856744766235351562e-01,2.015095949172973633e+00,-2.889119148254394531e+00,-1.574828624725341797e+00,6.209060549736022949e-01,-9.301471114158630371e-01,-6.052029728889465332e-01,-5.319582819938659668e-01,-3.007400751113891602e+00,1.033992886543273926e+00,-2.930942773818969727e-01,-9.082699418067932129e-01,-1.506178498268127441e+00,5.073928833007812500e+00,-6.676406860351562500e-01,-2.561561584472656250e+00,-1.973566651344299316e+00,2.633739233016967773e+00,-1.156265974044799805e+00,-3.004941940307617188e+00,-1.741127490997314453e+00,6.548001766204833984e+00,-1.732849240303039551e+00,-4.868463993072509766e+00,-4.038388252258300781e+00,2.714838266372680664e+00,3.376688003540039062e+00,-1.021763563156127930e+00,-2.838904380798339844e+00,2.480634450912475586e+00,9.942323684692382812e+00,-3.613641858100891113e-02,2.904691219329833984e+00,9.787297844886779785e-01,1.916414856910705566e+00,3.729300796985626221e-01,3.510477304458618164e+00,-2.978403568267822266e+00,6.052327156066894531e-01,-1.290851593017578125e+00,3.747744113206863403e-02,-3.112889289855957031e+00,-4.357626289129257202e-02,-2.936671376228332520e-01,-1.731067180633544922e+00,-6.803973317146301270e-01,2.938904047012329102e+00,-1.678467094898223877e-01,2.638130426406860352e+00,-2.643685102462768555e+00,3.056110620498657227e+00,1.467649221420288086e+00,-6.635204553604125977e-01,3.474581241607666016e-02,-3.347643613815307617e+00,-9.892438650131225586e-01,-5.230321288108825684e-01,-1.463758945465087891e+00,1.959792710840702057e-02,-4.493691921234130859e+00,-3.082135200500488281e+00,-1.295874238014221191e+00,5.071052551269531250e+00,-1.417625993490219116e-01,7.229120135307312012e-01,-1.377207994461059570e+00,-8.035782575607299805e-01,6.797685623168945312e-01,-7.005789279937744141e-01,-2.230398178100585938e+00,8.211896419525146484e-01,-1.501149535179138184e+00,-2.292301952838897705e-01
-1.118242979049682617e+00,-1.320632219314575195e+00,2.546221613883972168e-01,1.542562007904052734e+00,-1.557162404060363770e+00,-1.207521110773086548e-01,-1.790092587471008301e+00,1.019549071788787842e-01,4.662983417510986328e+00,1.604307174682617188e+00,-2.465519666671752930e+00,2.768002271652221680e+00,-2.906052350997924805e+00,-1.010900884866714478e-01,-1.326521515846252441e+00,-1.876121401786804199e+00,-1.075328812003135681e-01,-2.261413037776947021e-01,-2.717382192611694336e+00,-5.664377212524414062e-01,2.705783843994140625e+00,-2.048382759094238281e+00,-1.551546573638916016e+00,-1.529232859611511230e+00,-1.151466444134712219e-01,8.067666888236999512e-01,-4.050991535186767578e-01,-1.548717170953750610e-01,7.072395086288452148e-01,-1.835190534591674805e+00,7.151054143905639648e-01,5.829548239707946777e-01,-2.415994882583618164e+00,3.292612075805664062e+00,-3.952498733997344971e-01,-1.300621032714843750e-01,1.413827896118164062e+01,3.906249403953552246e-01,7.182383537292480469e-01,-3.447033405303955078e+00,-4.969823360443115234e-01,-3.213277816772460938e+00,-1.481185197830200195e+00,7.560006529092788696e-02,-1.090790390968322754e+00,-3.224831819534301758e-02,1.337156891822814941e-01,2.614972352981567383e+00,-4.667985737323760986e-01,-1.245033144950866699e+00,-2.376437187194824219e+00,-1.451319217681884766e+00,-5.038564205169677734e-01,-2.850008726119995117e+00,-2.325327873229980469e+00,1.579842209815979004e+00,8.939964771270751953e-01,-5.453547239303588867e-01,-1.878981471061706543e+00,7.401213645935058594e-01,3.284265518188476562e+00,4.013592720031738281e+00,-5.517740845680236816e-01,1.480411767959594727e+00,-2.239864468574523926e-01,3.262702941894531250e+00,-1.191005945205688477e+00,1.463585257530212402e+00,-1.479182481765747070e+00,9.925283789634704590e-01,1.442438125610351562e+00,-1.847551703453063965e+00,3.739365339279174805e+00,-9.703668206930160522e-02,-2.753648281097412109e+00,-9.345510005950927734e-01,-2.115784645080566406e+00,8.570404648780822754e-01,3.994328901171684265e-02,-6.373640894889831543e-01,-1.244330406188964844e+00,-1.352736949920654297e+00,-3.286516666412353516e+00,-5.104452371597290039e-01,-1.434605002403259277e+00,-3.381492614746093750e+00,-1.946909070014953613e+00,-1.153310894966125488e+00,-5.691761970520019531e-01,-1.257905960083007812e+00,4.409459829330444336e-01,-1.515959978103637695e+00,-1.853277802467346191e+00,-3.764899075031280518e-02,6.982622146606445312e-01,-1.294346690177917480e+00,-4.540270268917083740e-01,5.203062295913696289e-01,-2.368273258209228516e+00,4.604918003082275391e+00
5.227763056755065918e-01,-8.180916309356689453e-01,-1.853827714920043945e+00,-1.516809821128845215e+00,4.212258815765380859e+00,-8.681454062461853027e-01,-1.369185209274291992e+00,-2.078326225280761719e+00,4.434659481048583984e-01,-8.882481455802917480e-01,-3.482680320739746094e+00,3.193527460098266602e+00,-3.098758220672607422e+00,-2.200370311737060547e+00,2.377554327249526978e-01,2.113157808780670166e-01,-3.011127948760986328e+00,6.611803770065307617e-01,-2.947392165660858154e-01,4.164548814296722412e-01,-1.611781418323516846e-01,-3.029416799545288086e+00,-1.267193913459777832e+00,4.778068542480468750e+00,1.466201692819595337e-01,-3.739991039037704468e-02,1.275281310081481934e+00,1.235876828432083130e-01,4.440345764160156250e-01,1.155947148799896240e-01,3.811159849166870117e+00,2.844344377517700195e+00,1.880984604358673096e-01,-9.579914212226867676e-01,-4.880581498146057129e-01,2.331237792968750000e+00,6.450130790472030640e-02,-5.692350268363952637e-01,-2.736718654632568359e+00,-3.936083078384399414e+00,-3.102675974369049072e-01,-1.306139707565307617e+00,-4.001025199890136719e+00,2.156996726989746094e+00,5.826983600854873657e-03,5.022126436233520508e-01,-1.207074761390686035e+00,3.611008822917938232e-01,-4.112345695495605469e+00,1.541350245475769043e+00,-7.873909473419189453e-01,1.025257229804992676e+00,1.211135983467102051e+00,-8.025397062301635742e-01,-1.767449498176574707e+00,2.215743780136108398e+00,5.269481539726257324e-01,-1.451267004013061523e+00,-6.213154792785644531e-01,-3.319655895233154297e+00,-1.345732927322387695e+00,-9.415428638458251953e-01,4.107393622398376465e-01,-3.985875546932220459e-01,1.550400555133819580e-01,-5.800982117652893066e-01,-1.419974327087402344e+00,1.021802544593811035e+00,1.689900279045104980e+00,-2.432897567749023438e+00,-4.758029878139495850e-01,-5.723502635955810547e-01,-3.093285560607910156e-01,2.170775175094604492e+00,4.336494505405426025e-01,-2.011832714080810547e+00,-8.449209481477737427e-02,-1.935943126678466797e+00,-1.515239477157592773e+00,5.840128064155578613e-01,-4.659055173397064209e-02,1.039741337299346924e-01,-2.529322862625122070e+00,-3.160645961761474609e+00,-2.160122394561767578e+00,-3.030359506607055664e+00,2.171714067459106445e+00,-7.331699132919311523e-01,-1.057863831520080566e+00,-1.569950342178344727e+00,-1.961174249649047852e+00,-8.892458081245422363e-01,-2.688520669937133789e+00,3.181136846542358398e+00,6.127716898918151855e-01,-2.332221031188964844e+00,1.232742500305175781e+01,-1.008353829383850098e+00,-2.183083534240722656e+00,1.668515324592590332e+00
3.577577114105224609e+00,-3.828185498714447021e-01,-3.639853715896606445e+00,3.986096382141113281e-01,2.415444374084472656e+00,9.794754385948181152e-01,-9.696664214134216309e-01,-4.978854656219482422e-01,-1.121821522712707520e+00,-1.362635970115661621e+00,-3.052359819412231445e+00,1.892391204833984375e+00,-2.965320825576782227e+00,-1.383386731147766113e+00,7.992829799652099609e+00,-3.292333126068115234e+00,4.305774569511413574e-01,-1.653596013784408569e-01,-1.048475980758666992e+00,2.204837322235107422e+00,2.285802364349365234e+00,-2.953334331512451172e+00,1.549566626548767090e+00,-3.391274929046630859e+00,4.351664185523986816e-01,-2.100878000259399414e+00,-8.528161048889160156e-01,2.922265052795410156e+00,4.413916170597076416e-01,2.052031278610229492e+00,1.411390006542205811e-01,5.455171585083007812e+00,-3.483835160732269287e-01,-1.481373667716979980e+00,-3.402028381824493408e-01,-1.948560953140258789e+00,-9.096273779869079590e-01,8.642054796218872070e-01,-1.365759968757629395e+00,3.616757690906524658e-01,-1.757318258285522461e+00,2.122680187225341797e+00,2.957983970642089844e+00,-3.638634085655212402e-01,-9.289642572402954102e-01,3.940220475196838379e-01,-4.273739814758300781e+00,1.428278207778930664e+00,-1.477939844131469727e+00,-3.489354848861694336e+00,-2.268474578857421875e+00,-7.312502264976501465e-01,8.054649233818054199e-01,9.503539800643920898e-01,-6.973716020584106445e-01,-2.918669223785400391e+00,4.491353511810302734e+00,6.392149329185485840e-01,-4.296726584434509277e-01,2.573408842086791992e+00,1.988688468933105469e+00,2.946281433105468750e+00,-1.926583051681518555e+00,-1.587381720542907715e+00,-2.260039091110229492e+00,3.966820240020751953e+00,1.238288357853889465e-01,-3.175511837005615234e+00,-4.269237518310546875e+00,-2.870726585388183594e+00,-6.476186513900756836e-01,8.320345878601074219e+00,-3.281260132789611816e-01,1.279092907905578613e+00,-2.129021883010864258e+00,-1.583162069320678711e+00,-5.673982143402099609e+00,1.200085401535034180e+00,1.429687142372131348e+00,6.194928884506225586e-01,-1.771173834800720215e+00,-9.010148048400878906e-01,-1.649836748838424683e-01,-9.117646217346191406e-01,3.490774929523468018e-01,1.824567675590515137e+00,-3.046840667724609375e+00,4.361864328384399414e-01,7.215749263763427734e+00,3.344157934188842773e+00,1.281649023294448853e-01,1.601642012596130371e+00,-2.594134092330932617e+00,-2.597262144088745117e+00,-2.726700067520141602e+00,5.123062133789062500e-01,-1.922098040580749512e+00,1.661799073219299316e+00,1.584842324256896973e+00,4.550960063934326172e-01
5.177921056747436523e-02,1.380906343460083008e+00,-8.634045124053955078e-01,2.763510048389434814e-01,-3.601365327835083008e+00,-1.715433716773986816e+00,-1.599678546190261841e-01,4.406745433807373047e-01,-5.847572535276412964e-02,1.609848856925964355e+00,-2.511106729507446289e+00,1.866353750228881836e+00,-2.177187919616699219e+00,9.508264064788818359e-02,9.461740851402282715e-01,4.426874816417694092e-01,-1.524279266595840454e-01,1.410159230232238770e+00,-1.940181493759155273e+00,-2.292682647705078125e+00,5.511423349380493164e-01,-1.951692104339599609e+00,-7.006913423538208008e-02,-3.387756824493408203e+00,1.327890753746032715e+00,2.985096871852874756e-01,-1.792157649993896484e+00,1.347164249420166016e+01,-2.303432226181030273e+00,4.650768041610717773e-01,3.085587024688720703e+00,4.736877918243408203e+00,-3.019656896591186523e+00,-2.726207971572875977e+00,-2.345772266387939453e+00,8.332532048225402832e-01,2.121461629867553711e+00,1.372073054313659668e+00,9.196204543113708496e-01,-2.233985424041748047e+00,7.116848826408386230e-01,4.130155146121978760e-01,4.175579249858856201e-01,-2.695498228073120117e+00,-2.234529703855514526e-02,1.585789680480957031e+00,-1.738965213298797607e-01,-1.093775868415832520e+00,5.911562964320182800e-02,-2.941552639007568359e+00,-3.182139635086059570e+00,-1.828513503074645996e+00,3.203281164169311523e+00,3.571643114089965820e+00,3.471622169017791748e-01,-9.974507093429565430e-01,3.430544614791870117e+00,1.242476701736450195e+00,-1.448663234710693359e+00,1.814262270927429199e+00,-1.574096679687500000e+00,3.621173620223999023e+00,9.561352133750915527e-01,-1.392075300216674805e+00,-1.514704823493957520e+00,2.246242284774780273e+00,7.464445233345031738e-01,-1.811716318130493164e+00,-3.592772722244262695e+00,7.967005670070648193e-02,-9.887347817420959473e-01,-7.399811148643493652e-01,-2.202517509460449219e+00,3.198631525039672852e+00,5.053368806838989258e-01,-1.275308728218078613e+00,-4.336593151092529297e+00,1.979889392852783203e+00,2.826641499996185303e-01,-2.451739072799682617e+00,-8.772937580943107605e-03,-2.979219675064086914e+00,-4.035988450050354004e-01,7.516868114471435547e-01,-1.049266576766967773e+00,-3.728210926055908203e+00,5.560727715492248535e-01,-3.334461212158203125e+00,-2.580586075782775879e-01,1.675092130899429321e-01,1.361572623252868652e+00,-6.109775900840759277e-01,-4.459115028381347656e+00,1.331160187721252441e+00,-1.680304527282714844e+00,-1.429036378860473633e+00,-2.472210168838500977e+00,-7.458409070968627930e-01,-1.216370582580566406e+00,4.690048098564147949e-01
-1.030153512954711914e+00,-4.798337072134017944e-02,4.533736228942871094e+00,-1.669358015060424805e+00,2.489763736724853516e+00,-7.718089818954467773e-01,3.105386018753051758e+00,6.098476052284240723e-01,1.887529730796813965e+00,-7.004550695419311523e-01,2.629822492599487305e+00,-5.059030652046203613e-01,-2.421875238418579102e+00,-1.389244437217712402e+00,-6.164963245391845703e-01,1.260659885406494141e+01,4.430405497550964355e-01,1.309091329574584961e+00,-2.820183038711547852e+00,-3.947008371353149414e+00,-1.386948108673095703e+00,-2.662911653518676758e+00,-2.767618656158447266e+00,-1.676523566246032715e+00,4.671339988708496094e+00,-3.099873542785644531e+00,1.288267374038696289e+00,1.366643190383911133e+00,2.372288942337036133e+00,-1.261121988296508789e+00,2.616291284561157227e+00,2.443108797073364258e+00,-2.552897930145263672e+00,-2.766649246215820312e+00,2.121922492980957031e+00,1.248321294784545898e+00,-1.336430788040161133e+00,-9.747110009193420410e-01,-4.126311302185058594e+00,-1.072569727897644043e+00,-4.975535571575164795e-01,-9.608487039804458618e-02,-4.916471540927886963e-01,1.936908006668090820e+00,-2.891674041748046875e-01,-4.113095998764038086e-01,1.268556952476501465e+00,-6.955354213714599609e-01,-9.329287409782409668e-01,-2.280457019805908203e+00,-3.914298295974731445e+00,-3.186305284500122070e+00,2.055798292160034180e+00,2.293497174978256226e-01,-1.158146977424621582e+00,-7.363134622573852539e-01,-5.527616739273071289e-01,-1.435420036315917969e+00,3.386996746063232422e+00,-5.477177143096923828e+00,-6.750077605247497559e-01,8.760103583335876465e-02,5.862983226776123047e+00,-4.441380977630615234e+00,4.488537788391113281e+00,-5.173372626304626465e-01,-2.512277841567993164e+00,-3.483552932739257812e-01,-3.385155916213989258e+00,6.108201503753662109e+00,2.003006696701049805e+00,-1.955114603042602539e+00,1.197612583637237549e-01,6.014239788055419922e-01,3.518640279769897461e+00,-2.385963439941406250e+00,-6.082153916358947754e-01,-1.142640829086303711e+00,-7.913374900817871094e-01,-1.051853060722351074e+00,-1.138015985488891602e+00,1.015009164810180664e+00,2.259843200445175171e-01,7.917020916938781738e-01,2.663899958133697510e-01,-3.288882732391357422e+00,-1.361467123031616211e+00,-4.232228100299835205e-01,-3.918494284152984619e-01,3.817372620105743408e-01,-1.236640095710754395e+00,-2.141061782836914062e+00,-6.611003279685974121e-01,2.455087453126907349e-01,9.444905519485473633e-01,-1.662830233573913574e+00,5.263646245002746582e-01,-1.291826248168945312e+00,-1.432618975639343262e+00,2.521959781646728516e+00
-2.038073241710662842e-01,-3.696855902671813965e-01,-5.697624683380126953e-01,-1.256405353546142578e+00,2.978803396224975586e+00,-4.690963625907897949e-01,2.598474979400634766e+00,4.388458132743835449e-01,2.213975429534912109e+00,-2.340291738510131836e+00,1.904358625411987305e+00,4.888134896755218506e-01,-3.196870803833007812e+00,-1.986898660659790039e+00,-6.861159205436706543e-01,1.351450443267822266e+01,-4.273783862590789795e-01,2.345166206359863281e+00,-3.725392580032348633e+00,-9.315410852432250977e-01,5.038645118474960327e-03,-2.878064155578613281e+00,-2.034622669219970703e+00,-1.314652800559997559e+00,6.424266815185546875e+00,-1.436837792396545410e+00,-1.255342811346054077e-01,1.349577069282531738e+00,1.141436696052551270e+00,-2.360483407974243164e+00,2.106623888015747070e+00,1.357902407646179199e+00,-2.268880844116210938e+00,-6.546804904937744141e-01,2.248061895370483398e+00,4.289641857147216797e+00,1.889427661895751953e+00,-1.649602293968200684e+00,-3.182861328125000000e+00,-2.937611341476440430e+00,-2.013924121856689453e+00,-9.074510335922241211e-01,-3.619299829006195068e-01,4.919898808002471924e-01,-1.677012681961059570e+00,-1.524437785148620605e+00,1.361222624778747559e+00,4.940635859966278076e-01,-3.096534729003906250e+00,-1.600772380828857422e+00,-2.100220441818237305e+00,-1.666707396507263184e+00,1.207375168800354004e+00,-1.361033678054809570e+00,-2.262503862380981445e+00,2.184865713119506836e+00,-7.014605998992919922e-01,-2.251197814941406250e+00,1.160152435302734375e+00,-5.886564254760742188e+00,8.315483927726745605e-01,2.191443681716918945e+00,3.167008161544799805e+00,-3.715098619461059570e+00,5.343371868133544922e+00,-2.898892462253570557e-01,-2.375857353210449219e+00,8.734965324401855469e-01,-1.309762835502624512e+00,5.881460189819335938e+00,3.743911266326904297e+00,-1.122639298439025879e+00,2.024022102355957031e+00,6.452861428260803223e-01,2.612238883972167969e+00,-2.360435009002685547e+00,-2.645047664642333984e+00,-7.834212779998779297e-01,-1.885048031806945801e+00,-1.235549524426460266e-01,2.002731151878833771e-02,9.869230985641479492e-01,-2.570045232772827148e+00,8.190811276435852051e-01,-1.020966410636901855e+00,-3.714154005050659180e+00,4.897675216197967529e-01,8.416134119033813477e-02,7.824209332466125488e-01,-1.907408952713012695e+00,3.701273202896118164e-01,-3.390273571014404297e+00,-1.768537521362304688e+00,4.564508050680160522e-02,2.443571686744689941e-01,-1.687956809997558594e+00,1.508143424987792969e+00,-1.283539414405822754e+00,-1.443066477775573730e+00,1.206816196441650391e+00
6.160588264465332031e-01,9.423072338104248047e-01,-7.900946140289306641e-01,-2.084553480148315430e+00,1.376763105392456055e+00,-8.002142310142517090e-01,-2.354263305664062500e+00,-1.803557276725769043e+00,5.869863033294677734e-01,1.378509402275085449e+00,2.854594886302947998e-01,1.078595042228698730e+00,1.820831656455993652e+00,-4.993913769721984863e-01,-1.007262706756591797e+00,-3.729899644851684570e+00,-1.847110629081726074e+00,-3.189925849437713623e-02,1.027184724807739258e+00,-1.190879106521606445e+00,1.505275011062622070e+00,-2.629308223724365234e+00,-4.031940698623657227e-01,2.961258217692375183e-02,-1.659692049026489258e+00,-2.289327144622802734e+00,-1.066870927810668945e+00,5.967458337545394897e-02,-1.511205732822418213e-01,1.949447989463806152e+00,4.637791156768798828e+00,4.372322082519531250e+00,-7.860213518142700195e-01,-2.228732347488403320e+00,4.298078827559947968e-03,-3.064461946487426758e+00,-2.872007846832275391e+00,-1.239180564880371094e+00,-2.215619802474975586e+00,5.388109683990478516e-01,2.563287496566772461e+00,2.176953315734863281e+00,2.016416788101196289e+00,1.677371740341186523e+00,-1.544257164001464844e+00,6.620540022850036621e-01,-3.859786510467529297e+00,-1.181991696357727051e+00,1.272593975067138672e+00,-3.592036008834838867e+00,-1.748901963233947754e+00,-8.893505930900573730e-01,7.015299320220947266e+00,5.107036113739013672e+00,-1.089430332183837891e+00,-3.886620521545410156e+00,5.549916744232177734e+00,1.398096084594726562e+00,-8.415772318840026855e-01,3.125367164611816406e-01,-4.936144948005676270e-01,-1.420365095138549805e+00,-2.639158964157104492e+00,-4.344475746154785156e+00,-2.872475385665893555e+00,-1.342387795448303223e+00,2.990292072296142578e+00,-1.498883366584777832e+00,-2.454429388046264648e+00,2.566869854927062988e-01,1.491515278816223145e+00,2.673344612121582031e+00,-2.177979946136474609e+00,5.167701244354248047e-01,5.658163428306579590e-01,-1.405645251274108887e+00,-4.932727336883544922e+00,-1.654654592275619507e-01,1.704706907272338867e+00,-1.438948154449462891e+00,1.023454189300537109e+00,-1.478185534477233887e+00,1.947692990303039551e+00,-1.496180295944213867e+00,-2.374032735824584961e+00,5.336092948913574219e+00,-3.285329341888427734e+00,-1.543717265129089355e+00,-1.493910312652587891e+00,6.848816871643066406e+00,8.308401703834533691e-01,-8.704501986503601074e-01,-1.937239170074462891e-01,-3.012038469314575195e+00,-2.110479593276977539e+00,9.495125412940979004e-01,-1.525018811225891113e+00,-2.793413996696472168e-01,1.094955325126647949e+00,-1.926903426647186279e-01
-4.958578050136566162e-01,2.315768152475357056e-01,2.712859392166137695e+00,1.187928676605224609e+00,1.170393899083137512e-01,-2.291373014450073242e+00,3.875656604766845703e+00,-3.460807323455810547e+00,-1.264233589172363281e+00,1.566215515136718750e+01,-2.392556428909301758e+00,-1.218263432383537292e-01,2.032025814056396484e+00,-2.627738118171691895e-01,5.030786246061325073e-02,-3.060951471328735352e+00,-8.949221372604370117e-01,-2.095199823379516602e+00,-8.804766535758972168e-01,-8.210624456405639648e-01,-1.603795170783996582e+00,-1.422372460365295410e+00,-9.266104698181152344e-01,7.698323726654052734e-01,-2.460767507553100586e+00,4.200465202331542969e+00,1.259269714355468750e+00,8.565961122512817383e-01,2.289227962493896484e+00,-2.768964529037475586e+00,-2.565207481384277344e-01,6.029400348663330078e+00,-1.380610704421997070e+00,1.435234904289245605e+00,-1.094529509544372559e+00,-1.647463798522949219e+00,-2.169051408767700195e+00,2.051347255706787109e+00,2.345486402511596680e+00,2.184033870697021484e+00,2.433026075363159180e+00,2.821702957153320312e-01,-4.751687943935394287e-01,-2.531059503555297852e+00,-5.484636500477790833e-02,8.189257979393005371e-01,1.813764572143554688e+00,3.741224050521850586e+00,-7.742710411548614502e-02,-1.058279752731323242e+00,-1.227822378277778625e-01,-1.381240248680114746e+00,-8.108400702476501465e-01,1.709164679050445557e-01,-2.557633161544799805e+00,-1.930910825729370117e+00,-1.359043955802917480e+00,-9.317796826362609863e-01,-2.997848987579345703e-01,-2.050533294677734375e+00,-2.988600969314575195e+00,-1.518413066864013672e+00,2.221854686737060547e+00,-2.449498653411865234e+00,-6.196173280477523804e-02,1.525263428688049316e+00,4.327441751956939697e-01,8.342228531837463379e-01,-1.248377323150634766e+00,1.100398004055023193e-01,7.884646058082580566e-01,-1.838269591331481934e+00,7.941914200782775879e-01,-1.791095733642578125e+00,9.984203577041625977e-01,7.091713547706604004e-01,1.816904544830322266e+00,-2.978505790233612061e-01,4.729732275009155273e-01,-7.161284089088439941e-01,2.457527160644531250e+00,-3.871288299560546875e+00,-2.022994279861450195e+00,2.937984228134155273e+00,-7.526361942291259766e-01,-1.470418810844421387e+00,-6.389787197113037109e-01,-7.587058097124099731e-02,3.497044742107391357e-01,-3.121395111083984375e-01,-7.920690774917602539e-01,-8.262671232223510742e-01,3.629561662673950195e-01,1.190682768821716309e+00,1.025718808174133301e+00,-1.253889650106430054e-01,-7.892364859580993652e-01,-2.927081823348999023e+00,-1.478888154029846191e+00,3.170004129409790039e+00
-1.081058621406555176e+00,-7.177671790122985840e-01,5.363171547651290894e-02,-5.038700699806213379e-01,-1.954418182373046875e+00,1.730799436569213867e+00,-2.711507797241210938e+00,9.379003942012786865e-02,3.986085653305053711e+00,-1.912589073181152344e-01,-1.920983910560607910e+00,1.632486581802368164e+00,-2.860017061233520508e+00,2.841727018356323242e+00,-1.846797704696655273e+00,-1.673432350158691406e+00,-6.619827151298522949e-01,7.834962606430053711e-01,-1.779718995094299316e+00,-1.099866747856140137e+00,9.810629487037658691e-01,-1.675272583961486816e+00,-1.661257266998291016e+00,-1.959266662597656250e+00,7.060936093330383301e-01,5.515745282173156738e-01,-6.944160461425781250e-01,1.039111852645874023e+00,4.672289490699768066e-01,-1.177269458770751953e+00,-2.434272319078445435e-01,2.936587929725646973e-01,-2.124609470367431641e+00,3.107210159301757812e+00,-8.553149104118347168e-01,-5.584623664617538452e-02,1.472431755065917969e+01,1.091749742627143860e-01,-4.407328367233276367e-01,-2.870104789733886719e+00,-9.144572019577026367e-01,-2.543082952499389648e+00,-1.803395271301269531e+00,-4.317466616630554199e-01,-3.659229874610900879e-01,-9.991746544837951660e-01,-7.349287271499633789e-01,1.277403950691223145e+00,-4.834359288215637207e-01,-1.778362393379211426e+00,-1.916534781455993652e+00,-1.353530406951904297e+00,9.045533835887908936e-02,-2.619271516799926758e+00,-2.683759689331054688e+00,1.377969384193420410e+00,1.413607835769653320e+00,4.166062176227569580e-02,-2.346858024597167969e+00,1.554824590682983398e+00,4.197095394134521484e+00,3.566672325134277344e+00,-1.264009714126586914e+00,1.011059761047363281e+00,2.196059823036193848e-01,9.427400231361389160e-01,-7.863680720329284668e-01,1.025867819786071777e+00,-1.389752745628356934e+00,1.323049426078796387e+00,1.938360333442687988e+00,-1.301608800888061523e+00,2.813352346420288086e+00,1.438912630081176758e+00,-1.581572890281677246e+00,-4.253360629081726074e-01,-2.672295331954956055e+00,1.077595233917236328e+00,3.813144862651824951e-01,-8.812779784202575684e-01,1.022972464561462402e+00,-1.920317053794860840e+00,-3.232776165008544922e+00,-7.886414527893066406e-01,-1.891553997993469238e+00,-3.338958740234375000e+00,-2.112502574920654297e+00,-2.040936470031738281e+00,-1.039278626441955566e+00,-5.754063129425048828e-01,3.233964681625366211e+00,-1.547497630119323730e+00,-2.738482952117919922e+00,-1.725101321935653687e-01,-7.552247643470764160e-01,-8.157925009727478027e-01,-1.121145248413085938e+00,7.535464316606521606e-02,-1.306499481201171875e+00,2.418317794799804688e+00
1.767395257949829102e+00,-5.898730754852294922e-01,-1.117928147315979004e+00,2.286044359207153320e+00,3.109996557235717773e+00,-8.818029761314392090e-01,1.463273143768310547e+01,-1.812131404876708984e+00,-2.785719633102416992e+00,1.417019844055175781e+00,1.263728022575378418e+00,-4.970976114273071289e-01,-6.520106792449951172e-01,-1.709990024566650391e+00,1.731109470129013062e-01,5.006667137145996094e+00,3.006401658058166504e-01,1.202498078346252441e+00,-2.840970754623413086e+00,1.373631596565246582e+00,-1.302117228507995605e+00,9.193236231803894043e-01,2.702325105667114258e+00,-1.411000967025756836e+00,-4.763872921466827393e-01,-1.675576686859130859e+00,1.419009685516357422e+00,1.409358382225036621e+00,1.845844030380249023e+00,-2.757364273071289062e+00,5.553705215454101562e+00,2.661329269409179688e+00,-3.158105909824371338e-01,-3.281926631927490234e+00,3.771714687347412109e+00,2.644270896911621094e+00,-2.076918601989746094e+00,-4.816354811191558838e-01,-4.586936831474304199e-01,-3.747430086135864258e+00,-1.748558402061462402e+00,1.375141263008117676e+00,7.349717020988464355e-01,-1.556274652481079102e+00,-1.080694317817687988e+00,9.433305859565734863e-01,-1.300966460257768631e-02,1.250811338424682617e+00,-2.181684732437133789e+00,2.686610221862792969e-01,-1.512275695800781250e+00,7.231335043907165527e-01,-4.173365533351898193e-01,-2.862577140331268311e-01,-3.860591650009155273e+00,-2.034449100494384766e+00,-8.389832377433776855e-01,-3.078788518905639648e+00,3.705280303955078125e+00,-3.858510255813598633e+00,-1.692380189895629883e+00,-9.400439262390136719e-02,3.187453031539916992e+00,-3.349444389343261719e+00,-4.601981043815612793e-01,2.565775632858276367e+00,7.605763077735900879e-01,-2.876092433929443359e+00,-1.722259044647216797e+00,1.747056245803833008e+00,2.202359288930892944e-01,-2.719977855682373047e+00,-3.078678846359252930e-01,1.307800173759460449e+00,-8.668640255928039551e-01,-2.214050054550170898e+00,-2.290539503097534180e+00,1.396829843521118164e+00,-1.461594343185424805e+00,-1.611490964889526367e+00,-2.272404909133911133e+00,1.089753270149230957e+00,-1.814951419830322266e+00,1.301943778991699219e+00,3.719341993331909180e+00,-1.987904071807861328e+00,9.352667927742004395e-01,1.621990084648132324e+00,-6.699414849281311035e-01,-2.895666360855102539e-01,-2.296542674303054810e-01,-8.747154474258422852e-02,-2.076949357986450195e+00,-7.864441871643066406e-01,1.639159083366394043e+00,1.026871353387832642e-01,-1.398569703102111816e+00,9.957041740417480469e-01,-7.549790143966674805e-01,3.623789548873901367e-01
2.909402847290039062e+00,-3.086071729660034180e+00,-1.193938970565795898e+00,2.856625795364379883e+00,-2.930004119873046875e+00,6.480545997619628906e-01,-1.492334246635437012e+00,-8.978217244148254395e-01,-1.834196925163269043e+00,7.993678748607635498e-02,-1.525110006332397461e+00,2.959443807601928711e+00,1.897672295570373535e+00,-1.308168888092041016e+00,1.144213914871215820e+00,-3.527161836624145508e+00,-5.340711474418640137e-01,-8.825255632400512695e-01,8.850732803344726562e+00,-1.681206941604614258e+00,-2.016307115554809570e+00,-3.672634810209274292e-02,-5.988107323646545410e-01,3.154485225677490234e-01,-5.120037123560905457e-02,-1.064985871315002441e+00,1.886026144027709961e+00,4.441618919372558594e-01,-1.522672057151794434e+00,5.530354380607604980e-01,4.097693443298339844e+00,1.238589048385620117e+00,2.566366270184516907e-02,-4.517959356307983398e-01,-3.955515846610069275e-02,-4.648895263671875000e-01,-1.943260908126831055e+00,1.710592627525329590e+00,2.341049432754516602e+00,-3.936566412448883057e-01,-1.248384237289428711e+00,-1.523269772529602051e+00,-2.137610197067260742e+00,6.599962711334228516e-01,-2.539569139480590820e-01,-3.524217605590820312e-01,-3.036034107208251953e+00,3.655993938446044922e-01,6.258745193481445312e-01,-7.996901869773864746e-01,-1.119705319404602051e+00,-3.108353912830352783e-01,-3.453187048435211182e-01,3.482509553432464600e-01,-2.637381076812744141e+00,-1.518081545829772949e+00,-2.410934925079345703e+00,5.985279679298400879e-01,5.538871139287948608e-02,3.568861246109008789e+00,5.037252902984619141e-01,-1.173307895660400391e+00,2.164219617843627930e+00,-5.710085034370422363e-01,-1.305158495903015137e+00,5.881264805793762207e-01,4.969139575958251953e+00,-4.023612499237060547e+00,-5.669378280639648438e+00,-2.129034519195556641e+00,-2.225368738174438477e+00,1.801954865455627441e+00,-3.101495504379272461e+00,1.038616523146629333e-01,1.293401360511779785e+00,-2.306574821472167969e+00,-3.046552896499633789e+00,1.357562065124511719e+00,5.846703052520751953e+00,-2.845984220504760742e+00,-1.428122758865356445e+00,-6.411938369274139404e-02,4.941573739051818848e-01,4.397502422332763672e+00,-1.739329099655151367e+00,1.248438119888305664e+00,-9.593248963356018066e-01,-2.076340436935424805e+00,-3.571120500564575195e+00,5.411977767944335938e+00,-1.548393607139587402e+00,1.148670077323913574e+00,-1.276620864868164062e+00,-3.454729318618774414e+00,-2.011519432067871094e+00,1.931110769510269165e-01,-1.753013372421264648e+00,1.291044950485229492e+00,-9.097995162010192871e-01,-7.922942638397216797e-01
-1.412756145000457764e-01,1.128579854965209961e+00,6.056479930877685547e+00,-5.851745009422302246e-01,2.911084592342376709e-01,3.110957145690917969e+00,-2.914467811584472656e+00,4.805130362510681152e-01,1.369810342788696289e+00,2.570943832397460938e+00,-3.258861005306243896e-01,3.322267904877662659e-03,5.102115273475646973e-01,3.103362321853637695e-01,-1.667679309844970703e+00,-2.652296781539916992e+00,-1.345161318778991699e+00,-7.967094182968139648e-01,-1.727799654006958008e+00,-2.156394958496093750e+00,3.568202555179595947e-01,1.783168762922286987e-01,-3.344431161880493164e+00,-2.984413862228393555e+00,-6.083214879035949707e-01,-9.354244470596313477e-01,-2.408970832824707031e+00,-7.877329587936401367e-01,1.311069488525390625e+00,-2.173763990402221680e+00,-1.758260965347290039e+00,-6.060450673103332520e-01,-7.213554978370666504e-01,9.319863319396972656e-01,-2.191232919692993164e+00,-2.501018524169921875e+00,1.997145771980285645e+00,2.590598464012145996e-01,-6.805149316787719727e-01,-3.155601739883422852e+00,3.534453630447387695e+00,-1.152900576591491699e+00,-3.657553493976593018e-01,-4.624510407447814941e-01,2.076279401779174805e+00,-2.463149070739746094e+00,-2.852057933807373047e+00,-1.441199421882629395e+00,5.133409976959228516e+00,-1.388592958450317383e+00,-3.697270870208740234e+00,-2.721533298492431641e+00,6.112697124481201172e-01,7.108696103096008301e-01,-8.343554139137268066e-01,-2.614617347717285156e+00,2.398484706878662109e+00,9.024391174316406250e+00,-8.371111750602722168e-01,4.550356864929199219e+00,3.092547893524169922e+00,6.633888483047485352e-01,-8.830567598342895508e-01,2.840481281280517578e+00,-2.334824085235595703e+00,-2.014642059803009033e-01,3.997649252414703369e-01,3.239376246929168701e-01,-2.742901563644409180e+00,2.961010217666625977e+00,-1.549310423433780670e-02,-9.682646989822387695e-01,-2.051637649536132812e+00,3.233933448791503906e+00,-9.312853813171386719e-01,3.054525375366210938e+00,-4.864055156707763672e+00,8.984492301940917969e+00,1.342925429344177246e+00,-4.089677035808563232e-01,2.038253545761108398e+00,-1.440438032150268555e+00,-3.898216485977172852e-01,6.424708962440490723e-01,-1.492730714380741119e-02,-1.151481494307518005e-01,-4.545953750610351562e+00,-1.974114656448364258e+00,-1.706749647855758667e-01,4.306566238403320312e+00,6.246141791343688965e-01,6.089446544647216797e-01,-1.622103810310363770e+00,-6.431016921997070312e-01,-3.755487799644470215e-01,3.845132589340209961e-01,-3.237304687500000000e+00,6.147190332412719727e-01,-9.385335445404052734e-02,-1.401879310607910156e+00
5.532938838005065918e-01,6.360043883323669434e-01,-5.826443195343017578e+00,1.149275898933410645e+00,1.396615386009216309e+00,1.199186682701110840e+00,-5.103700757026672363e-01,-1.670061200857162476e-01,5.033778548240661621e-01,-9.820269346237182617e-01,-9.529170393943786621e-01,4.262960255146026611e-01,1.433697581291198730e+00,-7.847867012023925781e-01,2.226756513118743896e-02,-1.867016315460205078e+00,-1.233434796333312988e+00,1.198269367218017578e+00,-6.973969936370849609e-01,1.256316852569580078e+01,-1.177093029022216797e+00,-2.596438169479370117e+00,3.105603218078613281e+00,1.282337121665477753e-03,-1.839132666587829590e+00,1.023245930671691895e+00,-1.680328130722045898e+00,1.245947599411010742e+00,2.043346166610717773e+00,-5.550126433372497559e-01,1.524067521095275879e+00,-2.604132592678070068e-01,2.380203485488891602e+00,1.037256717681884766e+00,-1.036738872528076172e+00,1.595655572600662708e-03,-4.384336769580841064e-01,2.144534327089786530e-02,1.741509556770324707e+00,-1.662323951721191406e+00,-1.080452799797058105e+00,3.981682300567626953e+00,2.171350002288818359e+00,-3.995344042778015137e-01,-1.669899463653564453e+00,-4.319644570350646973e-01,-4.526071071624755859e+00,9.027289152145385742e-01,-1.466531157493591309e+00,7.142176032066345215e-01,-2.702778577804565430e+00,-2.613906145095825195e+00,2.765010297298431396e-01,1.490763664245605469e+00,-3.344156980514526367e+00,4.171389341354370117e-01,-1.274326801300048828e+00,1.413502931594848633e+00,-1.782931566238403320e+00,-1.111705541610717773e+00,-6.744087338447570801e-01,7.738167047500610352e-01,-8.616576790809631348e-01,5.381334304809570312e+00,-1.824429392814636230e+00,-6.851903796195983887e-01,2.892644882202148438e+00,5.024586915969848633e-01,-3.760499477386474609e+00,-3.929125308990478516e+00,-8.924873471260070801e-01,1.344816327095031738e+00,1.663768053054809570e+00,2.077393770217895508e+00,-1.925963163375854492e+00,-6.075549721717834473e-01,-1.345135927200317383e+00,-2.127056598663330078e+00,-9.076896905899047852e-01,5.375363677740097046e-02,-2.004923343658447266e+00,7.759721279144287109e-01,-3.387007951736450195e+00,2.461375147104263306e-01,-7.633936405181884766e-01,1.956018328666687012e+00,-2.795105695724487305e+00,-1.077291727066040039e+00,-1.776793599128723145e+00,1.475924700498580933e-01,-1.120092198252677917e-01,-4.531425610184669495e-02,-4.420170783996582031e+00,-3.289258003234863281e+00,-2.460806369781494141e-01,-1.793399602174758911e-01,-3.148464858531951904e-01,4.219519138336181641e+00,9.011306762695312500e-01,-1.140533313155174255e-01
5.625734329223632812e+00,-2.178088426589965820e+00,-2.845127820968627930e+00,1.177056550979614258e+00,6.461895704269409180e-01,3.243989467620849609e+00,-7.633692026138305664e-01,-4.240797758102416992e-01,-1.651873588562011719e+00,-1.626147270202636719e+00,-2.231822729110717773e+00,3.274893760681152344e+00,2.448451042175292969e+00,-4.061591148376464844e+00,-1.510284185409545898e+00,-3.249531269073486328e+00,-4.903752803802490234e-01,-1.272187829017639160e+00,4.297465980052947998e-01,3.817426204681396484e+00,-1.089947700500488281e+00,-2.768391370773315430e+00,6.726785749197006226e-02,-4.062148928642272949e-01,-4.208135902881622314e-01,5.028500556945800781e-01,-1.414488315582275391e+00,3.027067780494689941e-01,-3.285959661006927490e-01,1.747951209545135498e-01,5.155770301818847656e+00,2.399307489395141602e+00,4.469241797924041748e-01,1.959338545799255371e+00,-1.649970531463623047e+00,-5.315303429961204529e-02,7.995407581329345703e-01,1.331152796745300293e+00,4.655554294586181641e+00,-2.866974115371704102e+00,-2.231284141540527344e+00,-2.263010144233703613e-01,1.036524415016174316e+00,4.307572364807128906e+00,-1.883507013320922852e+00,-8.316155076026916504e-01,-4.507837295532226562e+00,-9.438017010688781738e-01,-6.049810051918029785e-01,-2.024080276489257812e+00,-9.077681899070739746e-01,2.443256378173828125e+00,-3.729821920394897461e+00,-1.758608222007751465e+00,-5.946908593177795410e-01,-1.838724851608276367e+00,1.842590123414993286e-01,-1.005943894386291504e+00,-1.756250977516174316e+00,-5.484998971223831177e-02,-1.183479070663452148e+00,5.696627497673034668e-01,-2.141607284545898438e+00,3.042468070983886719e+00,-2.151618480682373047e+00,1.691797733306884766e+00,5.566772937774658203e+00,-4.115144312381744385e-01,-3.275968313217163086e+00,1.613611102104187012e+00,-4.684964716434478760e-01,4.998501300811767578e+00,-4.966352581977844238e-01,1.649672865867614746e+00,-1.479615569114685059e+00,-3.360127210617065430e-01,-5.423734188079833984e+00,1.743519783020019531e+00,2.812993764877319336e+00,-3.433171212673187256e-01,9.227015972137451172e-01,-1.539959192276000977e+00,-4.765842437744140625e+00,1.531273245811462402e+00,-2.384666204452514648e+00,1.011799097061157227e+00,-2.722583532333374023e+00,-2.644328773021697998e-01,1.758622378110885620e-01,9.946836233139038086e-01,5.518382191658020020e-01,-6.925163865089416504e-01,-4.110666275024414062e+00,-3.236973762512207031e+00,-6.709146499633789062e-01,5.522405624389648438e+00,-5.524194240570068359e-01,5.427870750427246094e-01,1.114456057548522949e+00,-1.132139801979064941e+00
-4.303534924983978271e-01,-1.758542418479919434e+00,4.710290431976318359e-01,-1.482943892478942871e+00,6.317340135574340820e-01,3.707394361495971680e+00,-9.370204210281372070e-01,2.910249829292297363e-01,8.981793373823165894e-02,-1.451530575752258301e+00,8.438173681497573853e-04,9.792338013648986816e-01,7.705109119415283203e-01,-2.058358192443847656e+00,-2.399083375930786133e+00,-1.538875102996826172e+00,-2.111209630966186523e+00,-9.611979722976684570e-01,6.488440632820129395e-01,-5.345299243927001953e-01,5.888555049896240234e-01,-4.160794734954833984e+00,-1.704610466957092285e+00,-9.424712061882019043e-01,7.522381544113159180e-01,5.152451395988464355e-01,5.654199123382568359e-01,-1.635587066411972046e-01,1.723660230636596680e-01,2.667307615280151367e+00,8.788944482803344727e-01,3.818000316619873047e+00,-8.382639884948730469e-01,1.194319009780883789e+00,-3.198245048522949219e+00,1.672817468643188477e-01,-3.223868310451507568e-01,-1.702399969100952148e+00,-2.815390586853027344e+00,-2.848286390304565430e+00,-8.597026467323303223e-01,-5.723155289888381958e-02,2.354966878890991211e+00,1.112107944488525391e+01,-1.115735650062561035e+00,-6.261780858039855957e-01,4.036412537097930908e-01,7.900151610374450684e-01,6.125320196151733398e-01,-5.204246997833251953e+00,1.597099155187606812e-01,2.570113897323608398e+00,-8.829737305641174316e-01,-2.561701774597167969e+00,-7.020881772041320801e-02,-8.808674216270446777e-01,2.135181665420532227e+00,-1.404561519622802734e+00,-6.053118109703063965e-01,-1.488858699798583984e+00,8.308813571929931641e-01,1.217467069625854492e+00,-6.811481118202209473e-01,-1.573001503944396973e+00,1.754968047142028809e+00,-1.427958250045776367e+00,3.015656948089599609e+00,3.233423829078674316e-01,-3.120927810668945312e+00,6.383134841918945312e+00,5.978988409042358398e-01,3.539860725402832031e+00,-2.055410861968994141e+00,-1.072750926017761230e+00,-9.336153864860534668e-01,1.479571014642715454e-01,-4.503183841705322266e+00,1.400686502456665039e+00,-1.288008242845535278e-01,-5.594621896743774414e-01,4.115160465240478516e+00,-3.730153143405914307e-01,-1.014509439468383789e+00,-2.386487483978271484e+00,-7.859701514244079590e-01,2.287687778472900391e+00,-4.367525100708007812e+00,4.632030010223388672e+00,-1.088016629219055176e+00,-2.557970762252807617e+00,1.612539887428283691e+00,-2.713355422019958496e-01,-1.336605548858642578e+00,-3.993270874023437500e+00,-8.399274945259094238e-01,2.565418481826782227e-01,-6.743713617324829102e-01,-1.021628499031066895e+00,9.087875485420227051e-02,3.136449456214904785e-01
4.349415898323059082e-01,-1.136826276779174805e+00,5.539199113845825195e-01,2.287600755691528320e+00,3.875370919704437256e-01,1.471213102340698242e+00,-1.701812863349914551e+00,-1.302941083908081055e+00,-2.085341215133666992e-01,3.036538362503051758e+00,-1.921078562736511230e+00,1.687020063400268555e+00,-1.404643893241882324e+00,-4.556015431880950928e-01,3.150991916656494141e+00,-1.927652955055236816e+00,5.418875217437744141e-01,2.114372968673706055e+00,-5.686231255531311035e-01,-7.211900949478149414e-01,-2.126098155975341797e+00,3.527544736862182617e-01,9.533048272132873535e-01,-2.694418907165527344e+00,2.147116899490356445e+00,-7.716299965977668762e-03,2.293137073516845703e+00,1.545424580574035645e+00,-2.534696161746978760e-01,-1.992831230163574219e-01,3.808207035064697266e+00,3.406400918960571289e+00,-1.328902006149291992e+00,2.931861400604248047e+00,-1.615026235580444336e+00,1.135312795639038086e+00,1.097075104713439941e+00,2.374396562576293945e+00,-1.216417998075485229e-01,1.500343680381774902e+00,-1.143074512481689453e+00,-2.841521739959716797e+00,-1.700518965721130371e+00,-6.523644328117370605e-01,2.346758365631103516e+00,8.414195179939270020e-01,-3.056688785552978516e+00,-1.799214243888854980e+00,-3.229584991931915283e-01,-4.698497772216796875e+00,-4.291932582855224609e+00,-2.317173480987548828e+00,-1.161509275436401367e+00,7.654898762702941895e-01,-2.536055088043212891e+00,-2.793557941913604736e-01,-2.298102378845214844e+00,-2.203091144561767578e+00,-4.380147457122802734e-01,9.966961145401000977e-01,-3.243552446365356445e+00,-7.020539641380310059e-01,-2.258072942495346069e-01,-1.184386730194091797e+00,1.066582918167114258e+00,5.407626152038574219e+00,1.655635833740234375e+00,-1.374944448471069336e+00,-6.371190547943115234e+00,6.873987913131713867e-01,-2.645458459854125977e+00,1.508163571357727051e+00,6.320623755455017090e-01,4.401166439056396484e-01,1.265424251556396484e+00,-2.100700855255126953e+00,4.416416168212890625e+00,9.004103541374206543e-01,1.353383064270019531e+00,-8.140308856964111328e-01,-2.550073862075805664e+00,-2.783514261245727539e+00,-2.468699455261230469e+00,2.457299083471298218e-01,7.913258075714111328e-01,-1.640094757080078125e+00,-5.478154182434082031e+00,-1.832080364227294922e+00,-1.233327865600585938e+00,2.393607616424560547e+00,4.037183821201324463e-01,1.290080308914184570e+00,-2.481049060821533203e+00,-1.887262821197509766e+00,-4.509211182594299316e-01,3.631045103073120117e+00,-1.987126350402832031e+00,-1.732087373733520508e+00,-1.625815510749816895e+00,2.805565834045410156e+00
1.437468767166137695e+00,-1.887448787689208984e+00,2.644739300012588501e-02,-8.095128089189529419e-02,-1.800835430622100830e-01,4.026067852973937988e-01,7.273400425910949707e-01,-2.961093902587890625e+00,2.875592470169067383e+00,4.700379073619842529e-01,2.358815431594848633e+00,3.150248289108276367e+00,-1.309234261512756348e+00,-9.202942848205566406e-01,1.743518710136413574e+00,-2.453020095825195312e+00,7.760180234909057617e-01,-3.002622604370117188e+00,-1.289442539215087891e+00,-1.116992592811584473e+00,-6.573140025138854980e-01,-9.062908291816711426e-01,-2.125337600708007812e+00,1.327880740165710449e+00,-1.398304998874664307e-01,-4.653108596801757812e+00,1.205055594444274902e+00,-2.897733211517333984e+00,2.984067440032958984e+00,7.311325073242187500e-01,1.407729983329772949e+00,3.543810606002807617e+00,-2.862366199493408203e+00,-6.488047838211059570e-01,8.672749996185302734e-01,-2.668522119522094727e+00,1.059360384941101074e+00,-1.451021194458007812e+00,8.493232727050781250e-01,-1.231908679008483887e+00,-3.099886178970336914e-01,-2.246501922607421875e+00,-1.255812168121337891e+00,-2.638298749923706055e+00,-1.231765985488891602e+00,-4.985532164573669434e-01,-8.879191875457763672e-01,-2.540694773197174072e-01,-7.792676687240600586e-01,8.715670585632324219e+00,-2.659804582595825195e+00,-1.461243152618408203e+00,-1.530228018760681152e+00,-1.483340859413146973e+00,4.796735942363739014e-03,-9.090851545333862305e-01,-2.034589499235153198e-01,-1.039284467697143555e+00,-2.759394645690917969e+00,-2.661970615386962891e+00,1.295281171798706055e+00,-4.756252169609069824e-01,1.094895362854003906e+00,-4.538865983486175537e-01,1.164441943168640137e+00,2.784945964813232422e+00,1.514630556106567383e+00,-3.824060201644897461e+00,1.387589097023010254e+00,2.248261928558349609e+00,2.213799357414245605e-01,-3.723089456558227539e+00,-5.520705580711364746e-01,1.532891631126403809e+00,-2.118852615356445312e+00,-1.998657464981079102e+00,-2.679082632064819336e+00,-7.680462300777435303e-02,6.170292377471923828e+00,2.520250082015991211e-01,-2.215267531573772430e-02,9.416290372610092163e-02,-3.241216897964477539e+00,1.958579897880554199e+00,-2.088375806808471680e+00,-1.416794657707214355e+00,-3.402401685714721680e+00,-1.252845048904418945e+00,-2.420284509658813477e+00,8.511428236961364746e-01,-1.023795604705810547e+00,-2.946264505386352539e+00,-2.506060838699340820e+00,7.232733368873596191e-01,1.643046259880065918e+00,1.242279410362243652e+00,9.741920828819274902e-01,-1.046362966299057007e-01,3.379981517791748047e+00,8.597518920898437500e+00
9.641879200935363770e-01,3.403317630290985107e-01,1.614977359771728516e+00,-6.712704151868820190e-02,4.157027602195739746e-02,-6.667962074279785156e-01,1.329609036445617676e+00,-6.083471179008483887e-01,-2.641825973987579346e-01,2.632604837417602539e+00,-6.653890609741210938e-01,-5.565081238746643066e-01,-2.690000459551811218e-02,-7.531970143318176270e-01,1.890801638364791870e-01,-1.897799134254455566e+00,-7.646219134330749512e-01,1.169187068939208984e+00,-3.117748022079467773e+00,-1.078503489494323730e+00,3.227971553802490234e+00,4.889626502990722656e+00,-2.355462551116943359e+00,-2.689412117004394531e+00,-4.837305247783660889e-01,-3.227160573005676270e-01,-1.393149256706237793e+00,6.302784681320190430e-01,3.878256976604461670e-01,-3.967146873474121094e+00,9.224725961685180664e-01,-3.190807104110717773e-01,-2.939337790012359619e-01,-1.224830389022827148e+00,-3.626441955566406250e-01,-1.532222270965576172e+00,1.919324994087219238e+00,9.153408408164978027e-01,4.518812298774719238e-01,-2.900736570358276367e+00,2.880104303359985352e+00,-6.166099905967712402e-01,1.563839673995971680e+00,-1.200544238090515137e+00,-3.907930254936218262e-01,1.014380604028701782e-01,-2.540889739990234375e+00,1.836264252662658691e+00,7.527127861976623535e-01,-8.881702423095703125e-01,-1.399500131607055664e+00,-2.347969859838485718e-01,1.377332687377929688e+00,1.235578507184982300e-01,-3.354094505310058594e+00,-1.512030243873596191e+00,3.873190641403198242e+00,5.726549148559570312e+00,9.770392626523971558e-02,6.419218063354492188e+00,1.433925628662109375e+00,1.006558537483215332e+00,-1.327246427536010742e+00,6.059252619743347168e-01,-2.156377553939819336e+00,1.185917854309082031e+00,-2.086096070706844330e-02,-7.734968662261962891e-01,-1.449579715728759766e+00,1.481665492057800293e+00,2.554889023303985596e-01,-1.065008640289306641e+00,-1.000518918037414551e+00,1.544768065214157104e-01,-5.647777915000915527e-01,1.437016606330871582e+00,-4.528057575225830078e+00,1.457968616485595703e+01,-4.913412630558013916e-01,2.140299826860427856e-01,-6.413266062736511230e-02,-1.398695707321166992e+00,-8.912420868873596191e-01,2.816811084747314453e+00,5.071681022644042969e+00,-1.384056210517883301e+00,-2.543149948120117188e+00,-2.427326440811157227e+00,5.373119711875915527e-01,3.271603822708129883e+00,-3.402967453002929688e-01,-1.455845952033996582e+00,-2.096337795257568359e+00,3.786730170249938965e-01,-1.862662434577941895e+00,-4.528807401657104492e-01,-3.059830188751220703e+00,2.129615306854248047e+00,-4.587188661098480225e-01,-1.451476454734802246e+00
1.792608022689819336e+00,-5.452373623847961426e-01,1.847813725471496582e-01,3.760544300079345703e+00,2.302081346511840820e+00,-6.882556676864624023e-01,-1.723911643028259277e+00,-4.045709371566772461e-01,2.285432815551757812e+00,-1.555678725242614746e+00,-3.689080476760864258e+00,3.520835161209106445e+00,-3.338091135025024414e+00,-1.457688927650451660e+00,4.483727931976318359e+00,-2.111952066421508789e+00,2.348937243223190308e-01,1.298033297061920166e-01,-3.224806547164916992e+00,-9.213902354240417480e-01,1.969512104988098145e+00,-2.991332530975341797e+00,-1.475152134895324707e+00,-2.823680400848388672e+00,2.511235237121582031e+00,-1.379234552383422852e+00,5.220394581556320190e-03,9.850344657897949219e-01,5.308231830596923828e+00,6.419684737920761108e-02,-9.033730030059814453e-01,3.757906198501586914e+00,-2.599471569061279297e+00,-1.169723123311996460e-01,8.737166523933410645e-01,-2.951100826263427734e+00,1.655881524085998535e+00,-1.454800009727478027e+00,-1.937925219535827637e+00,-1.177485227584838867e+00,6.414923071861267090e-01,-1.924515128135681152e+00,-9.483321905136108398e-01,-7.216448187828063965e-01,-7.981814146041870117e-01,-7.424910664558410645e-01,-3.471960067749023438e+00,6.553852558135986328e-01,-1.246097087860107422e+00,-2.686748743057250977e+00,-1.890203475952148438e+00,-1.268422484397888184e+00,4.516238812357187271e-03,-5.928084850311279297e-01,-3.440427064895629883e+00,3.029837131500244141e+00,1.829438686370849609e+00,-1.384919643402099609e+00,-9.787341952323913574e-02,1.546450853347778320e-01,2.731222629547119141e+00,6.128124713897705078e+00,1.497850894927978516e+00,6.616578102111816406e-01,9.398783445358276367e-01,4.104887962341308594e+00,-3.946842670440673828e+00,-2.178440988063812256e-01,-4.338257789611816406e+00,-1.932572424411773682e-01,1.898844718933105469e+00,-1.967925071716308594e+00,1.304923415184020996e+00,2.136007785797119141e+00,-1.976358652114868164e+00,-1.355726838111877441e+00,-2.389646530151367188e+00,-1.929129123687744141e+00,2.576841115951538086e+00,4.466525614261627197e-01,-2.506437063217163086e+00,-1.484785795211791992e+00,-2.549151897430419922e+00,-5.034115910530090332e-01,-1.682859659194946289e+00,-3.247589468955993652e-01,-5.868454456329345703e+00,1.883428394794464111e-01,-4.669183492660522461e-01,1.382826209068298340e+00,-1.708041548728942871e+00,-1.204462647438049316e+00,-1.811155200004577637e+00,-2.744750499725341797e+00,8.558718562126159668e-01,-1.887982249259948730e+00,2.499448806047439575e-01,1.762384653091430664e+00,-1.923050045967102051e+00,5.335577011108398438e+00
1.699910998344421387e+00,-2.346319198608398438e+00,7.887061834335327148e-01,-9.404241442680358887e-01,-3.448199927806854248e-01,4.215134978294372559e-01,1.290926933288574219e+00,-1.799852490425109863e+00,1.719320654869079590e+00,-9.513837099075317383e-01,2.726954698562622070e+00,1.538964271545410156e+00,2.098892450332641602e+00,-2.726687192916870117e+00,-7.212938070297241211e-01,6.125617027282714844e-01,-2.055878788232803345e-01,-5.786156654357910156e-01,-2.979730129241943359e+00,-2.203098773956298828e+00,-6.996779441833496094e-01,-1.778994917869567871e+00,-3.112939834594726562e+00,-7.137023210525512695e-01,2.625154018402099609e+00,-3.130673170089721680e+00,3.187733173370361328e+00,-1.013956904411315918e+00,3.037349462509155273e+00,-5.485410690307617188e-01,2.093802928924560547e+00,2.684849977493286133e+00,-2.695948123931884766e+00,-3.232189267873764038e-02,1.127986788749694824e+00,1.704246520996093750e+00,-3.755175173282623291e-01,-3.515457868576049805e+00,-3.076392412185668945e-01,1.179046779870986938e-01,-5.405489206314086914e-01,-6.661528348922729492e-01,6.804296970367431641e-01,1.665959954261779785e+00,-1.262399673461914062e+00,-2.623539209365844727e+00,3.872483372688293457e-01,-7.895600795745849609e-01,1.842480152845382690e-03,-3.201144337654113770e-01,-1.714891076087951660e+00,9.736374020576477051e-02,-2.541555166244506836e+00,-2.036558866500854492e+00,5.100683867931365967e-02,1.486086249351501465e-01,7.489173412322998047e-01,-2.308266878128051758e+00,-1.651064038276672363e+00,-3.841673135757446289e+00,-1.512191534042358398e+00,1.771170616149902344e+00,1.343989968299865723e+00,-2.136467456817626953e+00,4.439118385314941406e+00,1.432476639747619629e+00,2.259525537490844727e+00,-3.456497430801391602e+00,9.370172023773193359e-01,1.301767253875732422e+01,2.247723005712032318e-02,-2.230498313903808594e+00,2.518826723098754883e-01,-4.208441451191902161e-02,7.125482708215713501e-02,-1.166313529014587402e+00,-2.820595979690551758e+00,-1.556593328714370728e-01,4.499883174896240234e+00,-2.155289053916931152e-01,4.240543544292449951e-01,-1.821890950202941895e+00,-4.395488739013671875e+00,2.011257171630859375e+00,-2.092949151992797852e+00,1.965434104204177856e-01,-4.665158748626708984e+00,3.061020851135253906e+00,-1.780428290367126465e+00,-1.398922920227050781e+00,3.987425565719604492e+00,-3.804992198944091797e+00,-1.755509853363037109e+00,-4.111814498901367188e+00,7.387304902076721191e-01,1.214131951332092285e+00,-2.566962003707885742e+00,-1.405679941177368164e+00,2.934223890304565430e+00,2.143126249313354492e+00
-8.136761188507080078e-01,3.859321355819702148e+00,1.328617334365844727e+00,-7.201190590858459473e-01,2.455612182617187500e+00,2.451516628265380859e+00,-2.786434173583984375e+00,5.308193206787109375e+00,5.889511704444885254e-01,-3.188872098922729492e+00,-1.005339860916137695e+00,1.035307884216308594e+00,-5.450744628906250000e-01,-1.035329252481460571e-01,1.890875339508056641e+00,-2.010285258293151855e-01,-4.079481661319732666e-01,5.027714729309082031e+00,-7.786958813667297363e-01,2.379269599914550781e+00,1.516956090927124023e+00,-1.466547489166259766e+00,-1.478104233741760254e+00,-1.210525274276733398e+00,-6.226007938385009766e-01,5.030597686767578125e+00,-2.309669107198715210e-01,-2.896771430969238281e-01,1.033803343772888184e+00,-9.108610153198242188e-01,5.968494415283203125e-01,-2.018885135650634766e+00,1.112320613861083984e+01,4.193617030978202820e-03,1.568281203508377075e-01,2.065443754196166992e+00,-4.826559871435165405e-02,-3.059386968612670898e+00,-9.256752133369445801e-01,-2.085329055786132812e+00,-1.787767529487609863e+00,3.304279804229736328e+00,-1.534448742866516113e+00,-5.689335465431213379e-01,5.908539295196533203e-01,-2.242402553558349609e+00,-3.910309076309204102e+00,-3.844974637031555176e-01,-6.450986266136169434e-01,-4.185831546783447266e+00,-1.286422848701477051e+00,-2.449824810028076172e+00,-5.640993714332580566e-01,3.747459650039672852e+00,-2.992208719253540039e+00,-1.865557789802551270e+00,-1.787628650665283203e+00,6.674391627311706543e-01,1.125793218612670898e+00,-1.554243922233581543e+00,-4.993485808372497559e-01,6.961430907249450684e-01,-1.260250210762023926e+00,-8.890616893768310547e-01,-4.428593516349792480e-01,-2.153072834014892578e+00,-3.058266878128051758e+00,8.478084206581115723e-01,-3.028279781341552734e+00,-5.663350224494934082e-01,-2.346599817276000977e+00,6.284077763557434082e-01,6.881409883499145508e-02,1.954787373542785645e+00,8.680574297904968262e-01,-1.306802630424499512e+00,1.613091230392456055e+00,-7.699661850929260254e-01,-2.281180858612060547e+00,1.765429139137268066e+00,-2.276262044906616211e+00,-2.404114246368408203e+00,-9.070553183555603027e-01,-8.946848511695861816e-01,-2.247265338897705078e+00,1.456947684288024902e+00,-2.607820749282836914e+00,1.105447769165039062e+00,-5.685394406318664551e-01,2.965764045715332031e+00,1.596160173416137695e+00,3.702298641204833984e+00,-2.246460914611816406e+00,-3.993717908859252930e+00,-1.157800436019897461e+00,-8.227375745773315430e-01,-1.323889136314392090e+00,9.232058525085449219e-01,2.856495380401611328e-01,-2.796674251556396484e+00
3.419158458709716797e-01,-1.800544857978820801e+00,-2.255170822143554688e+00,1.885011434555053711e+00,8.655950427055358887e-01,2.272601842880249023e+00,2.541561126708984375e+00,-9.783264994621276855e-01,-4.949564635753631592e-01,-1.711332082748413086e+00,-4.630328714847564697e-01,2.119808435440063477e+00,-4.309917390346527100e-01,-2.339912414550781250e+00,-2.247104644775390625e+00,8.144432306289672852e-01,-1.011549353599548340e+00,7.936820983886718750e-01,-2.026187419891357422e+00,2.701757431030273438e+00,4.624941349029541016e-01,-3.249540805816650391e+00,-1.417498141527175903e-01,-1.691930294036865234e+00,6.181048154830932617e-01,-1.646935224533081055e+00,1.717967271804809570e+00,1.967986226081848145e+00,-8.647384643554687500e-01,1.308243870735168457e+00,1.213358879089355469e+01,3.621651649475097656e+00,9.084013104438781738e-01,-7.233248353004455566e-01,-3.974815830588340759e-02,1.541842341423034668e+00,4.701945781707763672e-01,-2.774967253208160400e-01,-3.655526638031005859e-01,-5.515421390533447266e+00,-3.077965259552001953e+00,2.164790630340576172e+00,1.990779757499694824e+00,5.339080810546875000e+00,-1.948777675628662109e+00,2.273670911788940430e+00,-1.791962623596191406e+00,7.137370109558105469e-01,-1.707532286643981934e+00,-3.065879344940185547e+00,-3.484597921371459961e+00,7.655431330204010010e-02,8.079109191894531250e-01,-8.547263741493225098e-01,-1.934723138809204102e+00,-3.771281242370605469e+00,9.905920028686523438e-01,-1.518881320953369141e+00,2.003685474395751953e+00,-1.984609603881835938e+00,-1.013815641403198242e+00,-1.231385469436645508e+00,-3.616631925106048584e-01,-4.673418104648590088e-01,-2.951962232589721680e+00,3.189471721649169922e+00,2.621938228607177734e+00,-2.469488859176635742e+00,-4.361231803894042969e+00,2.742601394653320312e+00,-9.687673449516296387e-01,1.118752002716064453e+00,-1.397158503532409668e+00,2.647960186004638672e+00,-5.795307159423828125e-01,-2.869154214859008789e+00,-4.743185997009277344e+00,7.690598368644714355e-01,-1.504940390586853027e+00,-1.471630096435546875e+00,-2.273688554763793945e+00,2.168247938156127930e+00,-1.253913760185241699e+00,-7.008696794509887695e-01,5.355806350708007812e-01,-1.039564967155456543e+00,-1.755984187126159668e+00,1.341362237930297852e+00,-1.173674106597900391e+00,5.882261395454406738e-01,4.373766183853149414e-01,5.037472844123840332e-01,-4.516024589538574219e+00,-2.164474248886108398e+00,-9.373785555362701416e-02,-8.048281669616699219e-01,-1.232835501432418823e-01,9.550212025642395020e-01,7.335545122623443604e-02,-6.664102077484130859e-01
1.365391850471496582e+00,4.348613262176513672e+00,3.061896264553070068e-01,-2.444082021713256836e+00,3.905656099319458008e+00,-4.671831056475639343e-02,6.420556902885437012e-01,-7.355471253395080566e-01,-7.001713663339614868e-02,-1.637054324150085449e+00,-1.139955520629882812e+00,-5.842223763465881348e-01,-1.089683890342712402e+00,-1.696344375610351562e+00,-1.049920022487640381e-01,-1.781122088432312012e+00,-1.112467169761657715e+00,-2.004700183868408203e+00,-1.532687664031982422e+00,1.065507888793945312e+00,-4.890944659709930420e-01,-1.070621490478515625e+00,2.496055960655212402e-01,-4.601142704486846924e-01,-1.061760306358337402e+00,-9.792163968086242676e-01,-3.895443975925445557e-01,-2.877796292304992676e-01,1.211363410949707031e+01,-4.695971012115478516e-01,-4.173818826675415039e-01,3.478136062622070312e+00,-2.973412573337554932e-01,-1.500558257102966309e+00,5.076063871383666992e-01,-2.301227807998657227e+00,-1.748866319656372070e+00,-2.262242794036865234e+00,-5.872782468795776367e-01,-3.601755499839782715e-01,-1.272060513496398926e+00,3.004964590072631836e+00,-1.880841255187988281e-01,-5.064205527305603027e-01,-6.164657473564147949e-01,-7.379220724105834961e-01,-3.931890964508056641e+00,1.058462619781494141e+00,-7.463441491127014160e-01,-1.008927941322326660e+00,-4.336732387542724609e+00,-2.422770261764526367e+00,-1.068610191345214844e+00,-6.958236694335937500e-01,-6.805354952812194824e-01,-4.609687626361846924e-01,3.797931671142578125e+00,-1.212192535400390625e+00,-4.972943663597106934e-01,5.488919019699096680e-01,-6.135582923889160156e-01,2.474422454833984375e+00,1.698748588562011719e+00,1.038161851465702057e-02,4.259245991706848145e-01,-2.035375118255615234e+00,-2.761427164077758789e+00,3.987106978893280029e-01,-1.316622853279113770e+00,-1.011529117822647095e-01,1.553835272789001465e+00,-1.105753034353256226e-01,3.262632846832275391e+00,2.712305545806884766e+00,-2.304097175598144531e+00,-1.569911956787109375e+00,-3.155430793762207031e+00,-3.785380840301513672e+00,5.068764686584472656e+00,3.730312585830688477e-01,-2.806781768798828125e+00,-7.948222756385803223e-01,-2.941084861755371094e+00,-4.744963943958282471e-01,-6.876242160797119141e-01,1.812971830368041992e+00,-3.898944616317749023e+00,7.320896387100219727e-01,-1.461712956428527832e+00,2.532910585403442383e+00,-7.293760776519775391e-01,-9.611635804176330566e-01,-2.285373449325561523e+00,-3.053486824035644531e+00,-1.072021842002868652e+00,-1.153605937957763672e+00,-2.546035945415496826e-01,2.881671190261840820e+00,7.688038945198059082e-01,2.006826162338256836e+00
1.035630702972412109e+00,6.809315085411071777e-01,-3.258470892906188965e-01,-4.602115452289581299e-01,5.687983036041259766e-01,2.299543380737304688e+00,-9.347898364067077637e-01,-2.037786722183227539e+00,-1.991715550422668457e+00,-1.110523223876953125e+00,-1.456970930099487305e+00,-4.472100138664245605e-01,-2.327270030975341797e+00,-1.270328611135482788e-01,3.822403430938720703e+00,-5.684428811073303223e-01,-8.476600646972656250e-01,-8.465502262115478516e-01,6.413298606872558594e+00,-5.538437366485595703e-01,-9.822949767112731934e-02,-2.590234994888305664e+00,-2.771731853485107422e+00,-2.617786407470703125e+00,7.568284273147583008e-01,-2.469997167587280273e+00,8.085777163505554199e-01,2.499265223741531372e-01,1.607977151870727539e+00,-1.182672500610351562e+00,-7.924737334251403809e-01,1.972016692161560059e+00,1.838265895843505859e+00,-2.342350244522094727e+00,-2.870592474937438965e-01,-4.252752959728240967e-01,-2.170358419418334961e+00,-1.134235978126525879e+00,-3.672088623046875000e+00,1.768035292625427246e-01,-1.973317265510559082e+00,-5.437875986099243164e-01,-7.464514374732971191e-01,2.845360040664672852e+00,-2.793663740158081055e+00,-1.890521883964538574e+00,-7.098815441131591797e-01,1.829749703407287598e+00,-1.374343395233154297e+00,-1.869423389434814453e+00,5.135378241539001465e-01,-8.732140660285949707e-01,7.087235450744628906e-01,1.499674201011657715e+00,-2.788909912109375000e+00,-4.932448565959930420e-01,6.596695184707641602e-01,-1.132699966430664062e+00,1.091196775436401367e+00,-4.517675340175628662e-01,-2.711898386478424072e-01,7.379361391067504883e-01,-1.108068823814392090e+00,-5.929257392883300781e+00,1.155591201782226562e+01,1.887843966484069824e+00,-8.960000276565551758e-01,-2.586073160171508789e+00,-2.195179462432861328e+00,-8.453427553176879883e-01,3.858216851949691772e-02,2.524219274520874023e+00,2.364696502685546875e+00,-2.688826322555541992e+00,-1.009492993354797363e+00,-2.362197399139404297e+00,-2.084693908691406250e+00,-1.999904394149780273e+00,-1.066162139177322388e-01,-2.117977619171142578e+00,2.474113702774047852e+00,2.941729307174682617e+00,8.986127376556396484e-02,-8.409244418144226074e-01,-1.710395097732543945e+00,6.683041095733642578e+00,-3.955612182617187500e-01,1.033012032508850098e+00,2.859272956848144531e-01,2.502427101135253906e+00,-2.581510305404663086e+00,2.624166727066040039e+00,2.848851680755615234e+00,1.408476352691650391e+00,-2.647145509719848633e+00,-3.672410249710083008e-01,-3.410094603896141052e-02,3.893582522869110107e-01,-1.762881755828857422e+00,4.824829101562500000e+00
7.425553202629089355e-01,-1.991784214973449707e+00,9.476402997970581055e-01,1.010734558105468750e+00,3.192506730556488037e-01,6.034177541732788086e-01,6.110663414001464844e-01,-9.909221529960632324e-01,-1.629776597023010254e+00,1.835882902145385742e+00,-2.956595182418823242e+00,1.173865699768066406e+01,1.892131119966506958e-01,-7.860795855522155762e-01,-7.677191495895385742e-01,-3.890593290328979492e+00,2.445204734802246094e+00,5.208859443664550781e-01,-2.187369346618652344e+00,-3.387135028839111328e+00,2.399982213973999023e+00,-2.292798995971679688e+00,-1.385869622230529785e+00,1.703240752220153809e+00,-4.160895049571990967e-01,4.898380041122436523e-01,-1.126954674720764160e+00,-2.219805479049682617e+00,-2.189628183841705322e-01,-1.214195728302001953e+00,2.927909135818481445e+00,5.282944202423095703e+00,-6.822720170021057129e-01,3.717694282531738281e-01,3.764164447784423828e-01,5.510184168815612793e-01,-1.592323064804077148e+00,-1.064050436019897461e+00,1.360394835472106934e+00,-1.703812599182128906e+00,5.075914263725280762e-01,-1.414384841918945312e+00,-5.351126790046691895e-01,-1.106840252876281738e+00,-2.918837070465087891e+00,-1.995075464248657227e+00,-1.238919615745544434e+00,2.083311080932617188e+00,1.044504046440124512e-01,-1.827049493789672852e+00,-1.043702483177185059e+00,-1.608238577842712402e+00,-2.390507221221923828e+00,-1.690215319395065308e-01,-2.302259683609008789e+00,-5.274266600608825684e-01,-9.525626897811889648e-01,-2.678121566772460938e+00,-3.103584237396717072e-02,-1.149754166603088379e+00,3.430667400360107422e+00,1.551369905471801758e+00,2.919281721115112305e+00,-3.012453079223632812e+00,-1.238522648811340332e+00,1.289340138435363770e+00,1.013645291328430176e+00,2.692162245512008667e-02,-2.024345159530639648e+00,1.818364620208740234e+00,3.285941600799560547e+00,-2.946256875991821289e+00,-1.470660686492919922e+00,-6.083898544311523438e-01,-1.833229899406433105e+00,-5.728023052215576172e-01,-3.622534990310668945e+00,-1.836907416582107544e-01,2.491214036941528320e+00,8.136214613914489746e-01,6.356464028358459473e-01,-2.685090899467468262e-01,9.109727740287780762e-01,6.035068035125732422e-01,-2.066909074783325195e+00,1.477633357048034668e+00,-2.731344938278198242e+00,1.100185394287109375e+00,-1.897200226783752441e+00,2.087008476257324219e+00,-1.406076669692993164e+00,2.187621116638183594e+00,7.260716438293457031e+00,-2.091914653778076172e+00,-1.190134584903717041e-01,1.665202498435974121e+00,4.685539007186889648e-01,-4.674056768417358398e-01,-5.782077312469482422e-01,1.237399220466613770e+00
-5.673096776008605957e-01,-6.382596492767333984e-01,-2.516693830490112305e+00,2.322888076305389404e-01,-8.945894241333007812e-01,1.938539385795593262e+00,-2.171057276427745819e-02,-3.599227666854858398e+00,-1.623649835586547852e+00,-2.197746038436889648e+00,1.311726808547973633e+00,-2.201888799667358398e+00,-2.925693988800048828e+00,-1.175158739089965820e+00,-3.258734643459320068e-01,1.950116872787475586e+00,1.547932624816894531e+00,-2.289144277572631836e+00,2.018380880355834961e+00,5.260366439819335938e+00,3.309744596481323242e-01,-1.040276646614074707e+00,1.069106101989746094e+00,-1.670765280723571777e+00,-1.885135769844055176e-01,-2.253507137298583984e+00,6.231321692466735840e-01,-1.078641533851623535e+00,-1.422637701034545898e+00,2.964651882648468018e-01,2.679553270339965820e+00,-1.147235743701457977e-02,2.702035903930664062e+00,1.349741816520690918e+00,-1.563109040260314941e+00,5.540499687194824219e-01,-1.691960811614990234e+00,8.397068083286285400e-02,-2.233353137969970703e+00,-3.351001024246215820e+00,-3.950752735137939453e+00,3.288249373435974121e-01,-1.673803478479385376e-01,1.232885360717773438e+00,-1.636648178100585938e-01,9.264412522315979004e-02,9.084226489067077637e-01,2.254448175430297852e+00,-1.820876717567443848e+00,1.630215764045715332e+00,7.810218259692192078e-03,-1.953686624765396118e-01,-1.448801398277282715e+00,-4.022177755832672119e-01,-2.398399114608764648e-01,-1.508113861083984375e+00,-1.216412901878356934e+00,-1.850788354873657227e+00,7.661520242691040039e-01,4.691523313522338867e-01,2.167714595794677734e+00,-3.315845489501953125e+00,-1.137533664703369141e+00,-3.353100717067718506e-01,-1.871955394744873047e+00,7.858906984329223633e-01,6.646043062210083008e-01,-1.801936626434326172e+00,2.706775367259979248e-01,-4.022708415985107422e+00,1.464085727930068970e-01,1.230710864067077637e+00,9.921677708625793457e-01,-2.035882920026779175e-01,-3.578866243362426758e+00,-2.377879381179809570e+00,-2.840430021286010742e+00,-8.223899006843566895e-01,2.501266896724700928e-01,2.859595119953155518e-01,-1.566215753555297852e+00,1.365894603729248047e+01,5.384735584259033203e+00,-2.087407112121582031e+00,-1.187648653984069824e+00,2.029929399490356445e+00,2.312399864196777344e+00,8.585863709449768066e-01,4.185213088989257812e+00,1.043330311775207520e+00,-2.451069355010986328e+00,5.141301155090332031e+00,1.688637256622314453e+00,3.717717885971069336e+00,-1.165937185287475586e+00,-2.027835130691528320e+00,1.708702325820922852e+00,4.620304703712463379e-02,-6.421716213226318359e-01,-1.501895070075988770e+00
1.796255707740783691e+00,-1.381076455116271973e+00,-1.506067633628845215e+00,4.157781898975372314e-01,1.589621424674987793e+00,2.902160644531250000e+00,-2.368991136550903320e+00,2.836085557937622070e+00,2.182901054620742798e-01,-1.492150425910949707e+00,-2.705607175827026367e+00,1.252652645111083984e+01,-8.038818836212158203e-01,8.373663574457168579e-02,-1.654298305511474609e-01,-3.328626394271850586e+00,-8.845922946929931641e-01,1.201824665069580078e+00,-1.889959573745727539e+00,-1.351484179496765137e+00,2.657524585723876953e+00,-3.321695566177368164e+00,-2.221479892730712891e+00,2.555567502975463867e+00,1.762735724449157715e+00,1.535890102386474609e+00,-2.474481344223022461e+00,1.240779995918273926e+00,-8.933490514755249023e-01,-1.601220518350601196e-01,4.071411132812500000e+00,3.980213403701782227e+00,-5.049548745155334473e-01,6.586704254150390625e-01,-9.177125692367553711e-01,2.066094577312469482e-01,1.588568329811096191e+00,2.533337473869323730e-01,7.950987219810485840e-01,-3.035276412963867188e+00,-5.666167140007019043e-01,-1.837641000747680664e-01,-3.598371744155883789e-01,4.124227762222290039e-01,-1.854947566986083984e+00,-1.122039198875427246e+00,-3.345218181610107422e+00,-2.819633185863494873e-01,-1.365122079849243164e+00,-2.631905555725097656e+00,-2.855641365051269531e+00,-1.445113778114318848e+00,1.455982178449630737e-01,-1.042312026023864746e+00,-2.215782642364501953e+00,-2.504839301109313965e-01,2.212774008512496948e-01,-7.122188210487365723e-01,-1.098895907402038574e+00,-8.282947540283203125e-01,2.692648887634277344e+00,1.292550086975097656e+00,1.273108720779418945e+00,-9.703039526939392090e-01,-2.271554946899414062e+00,7.366562485694885254e-01,1.847657680511474609e+00,7.364546060562133789e-01,-4.190293788909912109e+00,6.577039361000061035e-01,-1.124409660696983337e-01,3.572892844676971436e-01,-2.929613590240478516e+00,2.842030286788940430e+00,-2.990558147430419922e-01,-1.645344972610473633e+00,-4.707071781158447266e+00,5.182569026947021484e-01,1.136713624000549316e+00,1.277184784412384033e-01,9.789026975631713867e-01,-3.485479116439819336e+00,-2.120702981948852539e+00,-1.134845376014709473e+00,-2.248313903808593750e+00,-6.945462822914123535e-01,-2.560362339019775391e+00,-8.714596927165985107e-02,-1.911797523498535156e+00,2.904149055480957031e+00,2.060161083936691284e-01,-1.830891609191894531e+00,-2.847152471542358398e+00,-2.943215131759643555e+00,-1.551160812377929688e+00,2.545281410217285156e+00,1.874799370765686035e+00,1.125853538513183594e+00,1.754294037818908691e+00,1.866752468049526215e-02
-2.746475636959075928e-01,-9.613513350486755371e-01,-1.863719940185546875e+00,-8.425578474998474121e-01,6.192845344543457031e+00,-6.188768744468688965e-01,1.196560263633728027e+00,-7.928153872489929199e-01,3.347040653228759766e+00,-1.540825724601745605e+00,1.047472119331359863e+00,1.081469774246215820e+00,-3.008688688278198242e+00,-2.377697467803955078e+00,-6.956161856651306152e-01,1.024378108978271484e+01,-2.790685176849365234e+00,3.652601003646850586e+00,-3.302132844924926758e+00,2.067125439643859863e-01,-1.807844042778015137e-01,-2.527024030685424805e+00,-1.401744365692138672e+00,5.765491351485252380e-02,4.501976013183593750e+00,-8.512205481529235840e-01,-5.029339790344238281e-01,8.600693941116333008e-01,9.617371857166290283e-02,-1.161285638809204102e+00,4.741700172424316406e+00,1.897804379463195801e+00,-4.818911254405975342e-01,-3.562473505735397339e-02,2.217101097106933594e+00,2.598153114318847656e+00,7.094320058822631836e-01,-1.049909472465515137e+00,-4.245251178741455078e+00,-3.430757045745849609e+00,-1.500887751579284668e+00,-2.108158469200134277e-01,-1.807934522628784180e+00,1.860382854938507080e-01,7.206665277481079102e-01,-4.066255390644073486e-01,-2.608381211757659912e-01,-3.683121204376220703e-01,-3.236188411712646484e+00,-2.717412948608398438e+00,-2.245665073394775391e+00,-6.085242629051208496e-01,5.645942211151123047e+00,-4.924178421497344971e-01,-3.746115207672119141e+00,1.451913833618164062e+00,-5.217164158821105957e-01,-8.599140048027038574e-01,2.329339265823364258e+00,-4.472528457641601562e+00,-1.268454551696777344e+00,1.506535336375236511e-02,1.027116298675537109e+00,-2.970076084136962891e+00,1.052500486373901367e+00,-3.902246356010437012e-01,-1.985435962677001953e+00,1.090354800224304199e+00,-1.741114854812622070e+00,1.794747114181518555e+00,2.122887134552001953e+00,2.409026473760604858e-01,2.702008783817291260e-01,2.909291744232177734e+00,3.008635044097900391e+00,-3.052911996841430664e+00,-2.890268087387084961e+00,-1.186526775360107422e+00,-3.202366352081298828e+00,9.217184036970138550e-02,-8.671202659606933594e-01,6.636121869087219238e-01,-2.584454774856567383e+00,-1.459727525711059570e+00,-1.892440676689147949e+00,-3.574163675308227539e+00,1.076091051101684570e+00,-4.630534052848815918e-01,8.708339333534240723e-01,-1.726374030113220215e+00,1.392057895660400391e+00,-2.380306005477905273e+00,-3.011615037918090820e+00,-5.590061843395233154e-02,1.159312844276428223e+00,-2.588962554931640625e+00,4.851873397827148438e+00,-9.476339221000671387e-01,-1.157643198966979980e+00,-7.030162960290908813e-04
1.369382500648498535e+00,6.379676461219787598e-01,-2.897124588489532471e-01,3.034425735473632812e+00,-2.081493139266967773e+00,-1.515209674835205078e+00,-9.857627749443054199e-02,-2.739155292510986328e+00,-6.419508457183837891e-01,1.775931596755981445e+00,-2.803673028945922852e+00,3.300221920013427734e+00,4.234025955200195312e+00,-3.613047122955322266e+00,-5.629214048385620117e-01,-2.707309007644653320e+00,1.148118019104003906e+00,-9.263280779123306274e-02,-5.885685682296752930e-01,1.884292006492614746e+00,-1.807248592376708984e+00,-1.338130712509155273e+00,1.371392905712127686e-01,2.172274291515350342e-01,-1.885776162147521973e+00,1.692252159118652344e+00,-1.170930027961730957e+00,-5.574362277984619141e-01,9.212112426757812500e-01,-2.394542217254638672e+00,4.715769767761230469e+00,2.467129468917846680e+00,1.886166036128997803e-01,5.544833540916442871e-01,1.467954069375991821e-01,-1.399288058280944824e+00,1.995597124099731445e+00,4.407814443111419678e-01,1.168883514404296875e+01,-2.189682483673095703e+00,-2.300265789031982422e+00,-2.040281772613525391e+00,-1.652309775352478027e+00,-1.907518744468688965e+00,-1.971935033798217773e-01,6.393587589263916016e-02,-2.780925273895263672e+00,-4.162476956844329834e-01,-1.170589923858642578e+00,8.495914340019226074e-01,-2.508406639099121094e+00,-2.145823955535888672e+00,-3.734859704971313477e+00,-1.149449706077575684e+00,-2.425604104995727539e+00,-3.362921178340911865e-01,-2.776596546173095703e+00,-1.011907935142517090e+00,-1.291743516921997070e+00,-1.344391107559204102e+00,-2.155878782272338867e+00,8.087562322616577148e-01,-2.682522237300872803e-01,3.568524837493896484e+00,-4.393938183784484863e-01,3.193613767623901367e+00,1.579578876495361328e+00,-8.210071325302124023e-01,-7.415603995323181152e-01,8.149048089981079102e-01,-8.652406334877014160e-01,-1.635602235794067383e+00,6.918817162513732910e-01,1.683436036109924316e+00,-1.197353839874267578e+00,-1.612600497901439667e-02,-9.554909467697143555e-01,-1.140228748321533203e+00,5.137188911437988281e+00,1.459170281887054443e-01,-3.763116359710693359e+00,-2.751146078109741211e+00,-4.820864677429199219e+00,4.408681392669677734e+00,-3.518759965896606445e+00,-4.524891078472137451e-01,-1.446040749549865723e+00,-1.152668118476867676e+00,-1.398373126983642578e+00,8.092710971832275391e-01,3.770294189453125000e-01,-1.760298013687133789e-01,-3.662691354751586914e+00,-1.710449457168579102e+00,-1.178096532821655273e-01,3.578908920288085938e+00,-9.217254519462585449e-01,2.581938982009887695e+00,-4.536757469177246094e-01,2.186334133148193359e+00
1.445125222206115723e+00,4.185671806335449219e+00,2.136877477169036865e-01,-2.260085821151733398e+00,3.873462200164794922e+00,-3.053396344184875488e-01,6.924569010734558105e-01,-6.803928613662719727e-01,8.273234590888023376e-03,-1.535480737686157227e+00,-1.150318264961242676e+00,-7.250105738639831543e-01,-8.573850393295288086e-01,-1.892112016677856445e+00,8.788576722145080566e-02,-2.108140707015991211e+00,-9.531725645065307617e-01,-2.006897926330566406e+00,-1.510736584663391113e+00,1.363197326660156250e+00,-5.908935666084289551e-01,-8.974075317382812500e-01,3.570991456508636475e-01,-4.485662877559661865e-01,-1.142166733741760254e+00,-1.195909380912780762e+00,-2.548601627349853516e-01,-5.048570632934570312e-01,1.227126598358154297e+01,-4.993907809257507324e-01,-6.173619627952575684e-01,3.110080718994140625e+00,-2.769338786602020264e-01,-1.413533568382263184e+00,6.591202020645141602e-01,-2.271237373352050781e+00,-1.725969791412353516e+00,-2.235921144485473633e+00,-4.563819169998168945e-01,-9.234532713890075684e-03,-1.053978323936462402e+00,2.620303630828857422e+00,-3.216952085494995117e-01,-4.773289859294891357e-01,-7.636470198631286621e-01,-6.050031781196594238e-01,-3.814357042312622070e+00,9.829253554344177246e-01,-4.789650738239288330e-01,-8.377496004104614258e-01,-4.243414878845214844e+00,-2.371470451354980469e+00,-1.287602543830871582e+00,-7.685467004776000977e-01,-6.423690319061279297e-01,-4.352404773235321045e-01,3.453554630279541016e+00,-1.451691865921020508e+00,-3.909416496753692627e-01,6.081743240356445312e-01,-1.019028186798095703e+00,2.470185041427612305e+00,1.364342927932739258e+00,-3.262038528919219971e-02,7.841503620147705078e-01,-1.704165577888488770e+00,-2.684744358062744141e+00,1.778488457202911377e-01,-1.152213335037231445e+00,-1.837718039751052856e-01,1.280748009681701660e+00,-2.870648205280303955e-01,3.832167148590087891e+00,2.332269906997680664e+00,-2.456667423248291016e+00,-1.606852531433105469e+00,-2.627154827117919922e+00,-4.035425662994384766e+00,5.169390678405761719e+00,2.655300796031951904e-01,-3.419035196304321289e+00,-8.032649159431457520e-01,-2.976691961288452148e+00,-4.392583668231964111e-01,-4.563923478126525879e-01,2.008346796035766602e+00,-3.987026214599609375e+00,7.960416674613952637e-01,-1.647415280342102051e+00,2.303367137908935547e+00,-8.171766400337219238e-01,-1.116519331932067871e+00,-2.051417112350463867e+00,-3.298079252243041992e+00,-7.126996517181396484e-01,-1.099510431289672852e+00,-4.069402217864990234e-01,3.386596202850341797e+00,6.106815934181213379e-01,2.307857036590576172e+00
-5.707168579101562500e-01,-8.095340430736541748e-02,1.798153996467590332e+00,9.883870929479598999e-02,-1.355440020561218262e+00,2.846049785614013672e+00,-9.329934716224670410e-01,1.430129110813140869e-01,-8.089042901992797852e-01,1.327283143997192383e+00,-7.204410433769226074e-01,1.690029263496398926e+00,2.389292716979980469e+00,-2.100502252578735352e+00,-2.131341457366943359e+00,-3.904617309570312500e+00,1.687470793724060059e+00,-2.673740088939666748e-01,-2.218570470809936523e+00,-2.248296290636062622e-01,1.560259461402893066e-01,-7.927025556564331055e-01,9.135384112596511841e-02,-1.480109930038452148e+00,-1.913864493370056152e+00,-6.106644123792648315e-02,-1.106281399726867676e+00,-1.668158769607543945e-01,1.513454914093017578e+00,-2.114044189453125000e+00,8.628339171409606934e-01,4.494548797607421875e+00,-8.630542159080505371e-01,-2.144643783569335938e+00,-9.669275879859924316e-01,-3.377075791358947754e-01,1.534184455871582031e+00,3.717356324195861816e-01,1.514928221702575684e+00,-3.274703025817871094e+00,-3.743363618850708008e-01,-5.499343872070312500e-01,-3.174555897712707520e-01,-1.649328112602233887e+00,8.404930233955383301e-01,2.420127242803573608e-01,-1.838530182838439941e+00,-1.654674291610717773e+00,1.217472267150878906e+01,-2.374977111816406250e+00,-4.309039115905761719e+00,-2.802612066268920898e+00,-1.483349323272705078e+00,5.899127721786499023e-01,1.919962286949157715e+00,-2.919630050659179688e+00,2.780305624008178711e+00,1.223580121994018555e+00,-2.091214418411254883e+00,4.793808460235595703e+00,1.734019279479980469e+00,3.305247783660888672e+00,5.012871623039245605e-01,-6.863376498222351074e-01,-2.758000612258911133e+00,1.069940328598022461e+00,6.001147270202636719e+00,-1.679019093513488770e+00,-3.699235677719116211e+00,8.657005429267883301e-01,-8.466622233390808105e-01,-8.809572458267211914e-01,3.128475546836853027e-01,3.140655994415283203e+00,-2.255072355270385742e+00,2.093812704086303711e+00,-5.871602535247802734e+00,5.813947916030883789e-01,6.058752059936523438e+00,7.764261960983276367e-01,-1.642135381698608398e+00,-1.014608383178710938e+00,-8.704685568809509277e-01,-2.294398307800292969e+00,-2.383104711771011353e-01,7.743360400199890137e-01,-2.220903873443603516e+00,-1.225610300898551941e-01,-1.655388712882995605e+00,2.733273983001708984e+00,2.006552070379257202e-01,5.486704707145690918e-01,-1.210696578025817871e+00,-1.963553667068481445e+00,-2.137350797653198242e+00,9.257435202598571777e-01,-2.983029127120971680e+00,2.076309442520141602e+00,-6.708718538284301758e-01,3.287957310676574707e-01
-8.245741724967956543e-01,-1.253840446472167969e+00,-1.696825742721557617e+00,1.039253830909729004e+00,1.634240031242370605e+00,5.891527608036994934e-02,3.057306051254272461e+00,-3.555973529815673828e+00,-5.526502132415771484e-01,1.860028386116027832e+00,-1.240802779793739319e-01,2.473774433135986328e+00,6.949926614761352539e-01,-1.134603381156921387e+00,-1.080413937568664551e+00,-1.055338382720947266e+00,-2.763190984725952148e+00,-4.701057970523834229e-01,-5.706920623779296875e-01,-1.507762432098388672e+00,1.918667674064636230e+00,-2.476088047027587891e+00,-1.953932642936706543e+00,-4.403508603572845459e-01,4.686004221439361572e-01,2.180231571197509766e+00,2.398312240839004517e-01,-1.424474954605102539e+00,-9.022107720375061035e-01,-2.220785617828369141e+00,-2.093758285045623779e-01,3.373969554901123047e+00,-2.073723316192626953e+00,2.013289690017700195e+00,-2.793296575546264648e+00,2.292160272598266602e+00,-4.693767726421356201e-01,-1.990994930267333984e+00,-1.608356475830078125e+00,-1.111548662185668945e+00,1.065488532185554504e-01,-4.216980457305908203e+00,-1.120404124259948730e+00,3.328769922256469727e+00,-2.316285133361816406e+00,-7.601897120475769043e-01,7.341803073883056641e+00,1.035521388053894043e+00,-2.505058050155639648e+00,-2.726835727691650391e+00,1.853011608123779297e+00,5.260627269744873047e+00,-3.926452100276947021e-01,-3.005255460739135742e+00,-1.742897152900695801e+00,2.965763330459594727e+00,-5.254414081573486328e-01,-2.581036806106567383e+00,-1.072505354881286621e+00,-1.471902966499328613e+00,-1.436420440673828125e+00,1.174633026123046875e+00,7.175949960947036743e-02,-3.357726573944091797e+00,4.768758773803710938e+00,6.740969419479370117e-01,1.529931068420410156e+00,-4.004431664943695068e-01,2.788110733032226562e+00,4.546518802642822266e+00,2.732280455529689789e-02,-1.765070408582687378e-01,-1.198166131973266602e+00,-1.733192443847656250e+00,-9.107826948165893555e-01,-4.428271055221557617e-01,-1.281028985977172852e+00,-1.554887056350708008e+00,9.874562621116638184e-01,1.830467224121093750e+00,3.444727420806884766e+00,-1.505266785621643066e+00,-1.281206965446472168e+00,-9.982034564018249512e-01,-2.746070146560668945e+00,8.360663652420043945e-01,1.763672590255737305e+00,1.101516437530517578e+01,-7.147629857063293457e-01,-6.074506282806396484e+00,2.412604570388793945e+00,-1.568625688552856445e+00,7.569631338119506836e-01,-2.770755767822265625e+00,1.079435646533966064e-01,-2.500507831573486328e+00,8.364288806915283203e-01,-1.289804100990295410e+00,-2.657302379608154297e+00,2.234334230422973633e+00
1.441480636596679688e+00,2.856039628386497498e-02,-1.246595382690429688e+00,1.517686009407043457e+00,1.706683874130249023e+00,1.356334686279296875e+00,-1.081856131553649902e+00,1.445119738578796387e+00,-5.328611731529235840e-01,-3.058260679244995117e-01,-3.038248062133789062e+00,1.317139148712158203e+01,-1.720058798789978027e+00,2.551095187664031982e-01,-2.685796618461608887e-01,-2.976522445678710938e+00,-1.644990563392639160e+00,2.746193647384643555e+00,-1.675757408142089844e+00,-2.219419002532958984e+00,4.591572761535644531e+00,-1.768632650375366211e+00,-2.401802539825439453e+00,2.936999082565307617e+00,5.553706288337707520e-01,4.579080104827880859e+00,-1.994101047515869141e+00,8.891065716743469238e-01,-1.835980415344238281e+00,-1.750469803810119629e+00,4.633645534515380859e+00,3.410213470458984375e+00,3.840321898460388184e-01,3.832540810108184814e-01,-1.079109311103820801e+00,1.377986431121826172e+00,8.240765333175659180e-01,-9.797968715429306030e-02,2.732658982276916504e-01,-3.412295579910278320e+00,1.563760042190551758e-01,-1.183979988098144531e+00,-1.072139739990234375e+00,-2.160137295722961426e-01,-2.201678752899169922e+00,-1.274287998676300049e-01,-1.257507562637329102e+00,1.458135724067687988e+00,-2.788806200027465820e+00,-2.733919620513916016e+00,-1.562540650367736816e+00,6.354182958602905273e-02,4.287661015987396240e-01,-9.313523024320602417e-02,-3.148859262466430664e+00,9.341733455657958984e-01,-1.683674901723861694e-01,-4.647800326347351074e-01,-2.732692658901214600e-01,-4.863928854465484619e-01,2.785278558731079102e-01,9.672297239303588867e-01,2.319224596023559570e+00,-1.077788591384887695e+00,-1.954110383987426758e+00,9.674574732780456543e-01,-9.395247325301170349e-03,1.834388673305511475e-01,-2.608622550964355469e+00,1.714451760053634644e-01,-1.032635569572448730e+00,-1.293314099311828613e+00,-2.900103092193603516e+00,1.441722989082336426e+00,-1.285285055637359619e-01,-1.075067043304443359e+00,-3.368645906448364258e+00,7.979652285575866699e-01,5.939020514488220215e-01,1.987228989601135254e-01,5.837476253509521484e-01,-4.156419754028320312e+00,-2.145567655563354492e+00,-6.205289959907531738e-01,-2.291807174682617188e+00,-1.692696928977966309e+00,-1.840588688850402832e+00,5.356267094612121582e-01,-2.912340879440307617e+00,1.588879585266113281e+00,5.790283679962158203e-01,-9.083914756774902344e-01,-1.964303731918334961e+00,-2.839073896408081055e+00,-1.044599413871765137e+00,1.515965461730957031e-01,2.473106861114501953e+00,7.495269775390625000e-01,-1.632996201515197754e-01,4.266950488090515137e-02
8.943576812744140625e-01,-2.281847238540649414e+00,-3.604093790054321289e-01,6.453104615211486816e-01,7.174690365791320801e-01,1.865946054458618164e+00,-1.224813342094421387e+00,-3.448961973190307617e-01,-1.595997095108032227e+00,-2.177097797393798828e+00,-2.277514457702636719e+00,8.960595726966857910e-01,8.268019556999206543e-02,-2.495206832885742188e+00,-8.235641121864318848e-01,-3.369654417037963867e+00,-1.014896273612976074e+00,-1.062479138374328613e+00,4.417626857757568359e+00,2.449693381786346436e-01,2.480874806642532349e-01,-1.538517594337463379e+00,-1.332099437713623047e-01,-9.674680419266223907e-03,5.069452151656150818e-02,5.278984308242797852e-01,2.234224796295166016e+00,-6.977813839912414551e-01,-1.502995967864990234e+00,2.355930805206298828e+00,3.736276865005493164e+00,1.693010091781616211e+00,-2.166833728551864624e-03,1.566081523895263672e+00,-3.566085100173950195e+00,1.383277773857116699e-01,-1.817279100418090820e+00,-1.068892143666744232e-02,-1.554617404937744141e+00,-2.852496623992919922e+00,-5.241705775260925293e-01,-1.645815849304199219e+00,7.696092873811721802e-02,1.130060958862304688e+01,-1.302881121635437012e+00,1.990481257438659668e+00,-2.052310667932033539e-02,-4.911340773105621338e-01,-6.814736127853393555e-01,-4.452815532684326172e+00,2.288067102432250977e+00,6.559891223907470703e+00,-1.133547902107238770e+00,-2.055032730102539062e+00,-1.181820154190063477e+00,-9.362348318099975586e-01,1.074982285499572754e+00,-1.947207689285278320e+00,-8.063551783561706543e-01,2.243049144744873047e+00,-1.031726837158203125e+00,-3.874798119068145752e-01,-1.144236922264099121e+00,9.457661509513854980e-01,-1.330846428871154785e+00,-5.695325732231140137e-01,3.064376592636108398e+00,-6.350382566452026367e-01,-3.907858371734619141e+00,5.278266966342926025e-02,-1.559603810310363770e+00,4.268505573272705078e+00,-2.349781990051269531e+00,-2.305838108062744141e+00,-6.649374365806579590e-01,-1.115003585815429688e+00,-2.046868562698364258e+00,1.887492984533309937e-01,9.429610967636108398e-01,-1.183858513832092285e+00,6.650973558425903320e-01,6.657553315162658691e-01,1.431879878044128418e+00,-2.198114156723022461e+00,-2.910688221454620361e-01,3.176693439483642578e+00,-2.928959369659423828e+00,3.060500144958496094e+00,-2.733451843261718750e+00,-1.266229510307312012e+00,-1.081443905830383301e+00,1.180567741394042969e+00,-2.791528403759002686e-01,-4.010660171508789062e+00,-1.431546449661254883e+00,1.760974973440170288e-01,6.645516157150268555e-01,-1.436791270971298218e-01,-2.307325363159179688e+00,-1.453803420066833496e+00
3.773618638515472412e-01,-2.336737632751464844e+00,-1.195074677467346191e+00,3.186309814453125000e+00,-3.540184736251831055e+00,9.931493401527404785e-01,-1.755813837051391602e+00,-2.116370439529418945e+00,-1.493475317955017090e+00,-1.905106604099273682e-01,-1.153062224388122559e+00,3.735626935958862305e+00,2.798080742359161377e-01,-1.372915506362915039e+00,4.325591921806335449e-01,-3.664638757705688477e+00,4.634293913841247559e-01,-1.438229203224182129e+00,9.707089424133300781e+00,-1.430412054061889648e+00,-8.281893134117126465e-01,-1.966064125299453735e-01,5.570149421691894531e-01,-2.078988254070281982e-01,-1.200284838676452637e+00,-1.253443211317062378e-01,1.148633003234863281e+00,2.608603239059448242e-02,-2.124332189559936523e+00,2.518276453018188477e+00,3.817097187042236328e+00,3.000445604324340820e+00,-3.421020209789276123e-01,-1.211868822574615479e-01,-2.157387971878051758e+00,-1.422398388385772705e-01,-1.342643380165100098e+00,3.102203607559204102e+00,1.272841811180114746e+00,-1.721133708953857422e+00,-1.700081467628479004e+00,-2.239880323410034180e+00,-2.220352172851562500e+00,7.246348261833190918e-01,1.074888348579406738e+00,4.454646632075309753e-02,-1.584551930427551270e+00,1.548482328653335571e-01,3.068867027759552002e-01,-5.699746012687683105e-01,-7.419423460960388184e-01,1.646356463432312012e+00,-2.397123128175735474e-01,-4.353408887982368469e-02,-6.539670825004577637e-01,-7.616938352584838867e-01,-5.375192165374755859e-01,-2.246920913457870483e-01,-2.052726268768310547e+00,4.175213813781738281e+00,6.871790289878845215e-01,-1.766192436218261719e+00,2.856737136840820312e+00,-1.022932291030883789e+00,-2.187718391418457031e+00,1.091716885566711426e+00,5.519516944885253906e+00,-4.094769477844238281e+00,-3.299986362457275391e+00,-2.854217290878295898e+00,-3.759198904037475586e+00,1.936419844627380371e+00,-3.766207695007324219e+00,-3.415952920913696289e-01,-9.051649570465087891e-01,-2.846596240997314453e+00,-3.837554693222045898e+00,1.544918864965438843e-01,7.365646362304687500e+00,-3.352921485900878906e+00,-1.229057788848876953e+00,9.284305572509765625e-01,2.375666379928588867e+00,-2.291175574064254761e-01,-1.907586455345153809e+00,2.696659564971923828e-01,-3.471580743789672852e-01,-9.264101386070251465e-01,-3.460865020751953125e+00,2.247192382812500000e+00,-1.469993114471435547e+00,3.286504507064819336e+00,-1.499911785125732422e+00,-2.525278806686401367e+00,-2.667397260665893555e+00,-1.667812764644622803e-01,-9.297219514846801758e-01,4.743645489215850830e-01,-2.637821137905120850e-01,-1.007658123970031738e+00
2.763504743576049805e+00,-1.165394425392150879e+00,-2.176438331604003906e+00,3.786945104598999023e+00,1.728601574897766113e+00,4.152653366327285767e-02,-4.246039092540740967e-01,-1.020297557115554810e-01,-1.285414099693298340e+00,2.182129383087158203e+00,-3.247821092605590820e+00,1.472218751907348633e+00,-3.096866607666015625e+00,-2.117211103439331055e+00,6.208808898925781250e+00,-2.506775856018066406e+00,2.417622692883014679e-02,-2.020852804183959961e+00,-1.307539463043212891e+00,1.268647551536560059e+00,4.334884881973266602e-01,-1.725025892257690430e+00,4.906682372093200684e-01,-2.074863433837890625e+00,-1.954692482948303223e+00,-7.219719290733337402e-01,-1.797591209411621094e+00,1.860858440399169922e+00,-6.347061991691589355e-01,-1.769604206085205078e+00,1.331795901060104370e-01,3.689968585968017578e+00,-5.812484622001647949e-01,1.250860095024108887e+00,1.524935722351074219e+00,-2.184581041336059570e+00,2.635241985321044922e+00,1.842453598976135254e+00,1.244009613990783691e+00,-1.647588491439819336e+00,-1.078160881996154785e+00,6.500879526138305664e-01,2.264506518840789795e-01,-1.687240600585937500e+00,4.429296851158142090e-01,-1.081617236137390137e+00,-2.657107591629028320e+00,1.455236554145812988e+00,-6.755483746528625488e-01,-2.368842124938964844e+00,-1.732692956924438477e+00,-6.290130019187927246e-01,-1.651132941246032715e+00,4.454356133937835693e-01,-2.190116882324218750e+00,-1.912842869758605957e+00,2.310363054275512695e+00,1.635210275650024414e+00,-1.945748925209045410e-01,-1.670367866754531860e-01,1.215971708297729492e+00,2.035871028900146484e+00,-2.134150266647338867e+00,1.502030253410339355e+00,-1.828579783439636230e+00,8.341605186462402344e+00,-1.562430620193481445e+00,-1.667447566986083984e+00,-1.858663558959960938e+00,-2.738898277282714844e+00,-1.385036230087280273e+00,5.365786075592041016e+00,2.336848735809326172e+00,5.508984327316284180e-01,-1.599214076995849609e+00,-8.074086904525756836e-01,-3.267203092575073242e+00,2.219889640808105469e+00,-7.620924115180969238e-01,-9.411931633949279785e-01,-1.191288590431213379e+00,-9.317534565925598145e-01,-2.141105175018310547e+00,-7.284489274024963379e-01,-1.319706797599792480e+00,-3.506951034069061279e-01,-4.077416956424713135e-01,-1.920404553413391113e+00,1.157043552398681641e+01,2.240705013275146484e+00,-6.134773492813110352e-01,1.954081654548645020e+00,-2.530419588088989258e+00,1.051214814186096191e+00,-1.538019776344299316e+00,3.455908060073852539e+00,-3.854154050350189209e-01,-1.076067835092544556e-01,1.547293424606323242e+00,-4.263345003128051758e-01
9.504173994064331055e-01,1.720732003450393677e-01,1.373187661170959473e+00,-2.799642562866210938e+00,-1.294153928756713867e-01,-3.440814018249511719e-01,-2.612778663635253906e+00,-3.455774784088134766e-01,8.693406730890274048e-02,5.917107462882995605e-01,-2.097287416458129883e+00,-1.663256168365478516e+00,-2.042519569396972656e+00,2.478044986724853516e+00,2.986679315567016602e+00,-4.337041079998016357e-01,-1.378757596015930176e+00,7.223008871078491211e-01,4.954069614410400391e+00,-3.839986324310302734e+00,-2.041414976119995117e+00,-1.255473613739013672e+00,5.979079008102416992e-01,2.261389732360839844e+00,-3.232319056987762451e-01,-4.077896118164062500e+00,5.294909000396728516e+00,-4.243047833442687988e-01,-1.856325387954711914e+00,9.656861424446105957e-01,2.503641843795776367e-01,-9.161178469657897949e-01,-2.375128984451293945e+00,-1.074870109558105469e+00,7.220502495765686035e-01,1.101179122924804688e+00,-2.403522253036499023e+00,-1.382509589195251465e+00,-3.477275848388671875e+00,6.363029956817626953e+00,-6.172526627779006958e-02,-1.530277609825134277e+00,-3.194667577743530273e+00,4.956140041351318359e+00,3.841395974159240723e-01,3.356914520263671875e-01,2.693320624530315399e-02,-2.204083442687988281e+00,-6.355596184730529785e-01,-1.689667701721191406e+00,-1.048253774642944336e+00,-7.821230292320251465e-01,2.345290422439575195e+00,3.008474111557006836e+00,1.201023459434509277e-01,-6.409691572189331055e-01,1.006951630115509033e-01,1.129058599472045898e-01,3.466918706893920898e+00,-3.226492643356323242e+00,-2.694730997085571289e+00,-2.120384931564331055e+00,-9.762808680534362793e-01,-4.764127254486083984e+00,5.074457645416259766e+00,-9.284014701843261719e-01,-2.548592329025268555e+00,-2.555612564086914062e+00,1.309813380241394043e+00,4.089501500129699707e-01,-2.031262397766113281e+00,2.691702604293823242e+00,-9.486353397369384766e-02,-3.420986413955688477e+00,3.235091686248779297e+00,-2.291634082794189453e+00,8.944544792175292969e+00,-2.249962091445922852e+00,-1.857106208801269531e+00,-3.036833524703979492e+00,-1.840464770793914795e-01,-2.260115146636962891e+00,1.175730347633361816e+00,-6.086872518062591553e-02,9.385821819305419922e-01,7.705631852149963379e-01,-8.328179121017456055e-01,-9.434010982513427734e-01,-1.880247354507446289e+00,2.990068197250366211e+00,-1.426961421966552734e+00,9.384478628635406494e-02,2.097507715225219727e+00,-2.595416784286499023e+00,1.242978811264038086e+00,-5.430474877357482910e-03,1.844269156455993652e+00,-3.750016927719116211e+00,-2.374929666519165039e+00,9.723520278930664062e-01
1.015297412872314453e+00,-4.382176876068115234e+00,-2.854977369308471680e+00,1.578223466873168945e+00,-7.033172845840454102e-01,2.120718240737915039e+00,1.202706575393676758e+00,-9.549819231033325195e-01,-1.572558283805847168e+00,8.941549658775329590e-01,3.183758974075317383e+00,2.081925392150878906e+00,3.097101449966430664e+00,-1.770971298217773438e+00,-1.440108656883239746e+00,-2.843777179718017578e+00,-1.177073597908020020e+00,-4.799325168132781982e-01,-8.851950168609619141e-01,2.894966602325439453e+00,-8.104440569877624512e-01,-4.018102288246154785e-01,-3.861689567565917969e-01,-7.084032297134399414e-01,-4.925238490104675293e-01,9.093900322914123535e-01,1.156281232833862305e-01,-6.401565670967102051e-01,2.031748890876770020e-01,-9.868891239166259766e-01,3.331809282302856445e+00,3.581028461456298828e+00,2.874799072742462158e-01,4.884964525699615479e-01,-1.244834899902343750e+00,-2.007585614919662476e-01,5.764735937118530273e-01,4.662723064422607422e+00,1.111200571060180664e+00,-2.138489246368408203e+00,-2.137529134750366211e+00,6.544777154922485352e-01,2.200324296951293945e+00,-9.124818444252014160e-01,4.246186316013336182e-01,-1.433470964431762695e+00,-3.546285629272460938e+00,4.825340583920478821e-02,3.763857126235961914e+00,-1.945090293884277344e+00,-1.106414914131164551e+00,-1.269347369670867920e-01,-1.420166730880737305e+00,-6.439199447631835938e-01,-1.614497542381286621e+00,-2.364447832107543945e+00,-5.089027881622314453e-01,-1.295144796371459961e+00,-2.661671638488769531e+00,3.990305185317993164e+00,-9.104740619659423828e-02,2.990922033786773682e-01,-5.176504850387573242e-01,-7.734214663505554199e-01,-2.169816255569458008e+00,1.269268274307250977e+00,1.389040660858154297e+01,-1.753157258033752441e+00,-4.566973209381103516e+00,1.603188037872314453e+00,-2.258359909057617188e+00,2.083551168441772461e+00,-2.314235210418701172e+00,2.175827771425247192e-01,-6.925207376480102539e-01,-2.318780422210693359e+00,-4.676431179046630859e+00,3.916202068328857422e+00,2.932774305343627930e+00,1.454512715339660645e+00,4.167275726795196533e-01,3.319619596004486084e-02,-2.298922777175903320e+00,-7.050176262855529785e-01,7.743005752563476562e-01,1.518678426742553711e+00,-2.061778306961059570e+00,-1.575817912817001343e-02,-1.077818036079406738e+00,6.508680582046508789e-01,9.022822380065917969e-01,-5.685754418373107910e-01,-3.406883478164672852e+00,-2.681183815002441406e+00,-2.050131559371948242e+00,3.431005239486694336e+00,-2.507212162017822266e+00,1.432919621467590332e+00,2.141944408416748047e+00,1.632834970951080322e-01
-8.544063568115234375e-01,3.022126913070678711e+00,2.711774826049804688e+00,-1.484204053878784180e+00,3.255808949470520020e-01,1.764744520187377930e+00,-2.288156747817993164e+00,-2.335638999938964844e+00,-2.965709269046783447e-01,1.021350264549255371e+00,-3.771755456924438477e+00,-1.635890752077102661e-01,2.918255567550659180e+00,8.076173067092895508e-01,-2.607966661453247070e+00,-3.133674621582031250e+00,6.873857378959655762e-01,2.096164941787719727e+00,-2.710546731948852539e+00,-1.026924252510070801e+00,4.373064935207366943e-01,-7.581878900527954102e-01,4.066138267517089844e-01,-1.520654201507568359e+00,-2.485900878906250000e+00,3.169332027435302734e+00,-4.298377990722656250e+00,-9.607101678848266602e-01,1.101374864578247070e+00,-3.062549352645874023e+00,-2.061467647552490234e+00,1.246029019355773926e+00,-3.037580475211143494e-02,-2.464421033859252930e+00,-2.001838207244873047e+00,9.604596346616744995e-02,6.385684609413146973e-01,-1.335789442062377930e+00,2.018059194087982178e-01,-1.788032174110412598e+00,2.161436080932617188e+00,-8.507915735244750977e-01,-1.563086986541748047e+00,-2.506227016448974609e+00,-7.709411978721618652e-01,-1.313699007034301758e+00,-2.543704271316528320e+00,-1.150578632950782776e-01,3.152495145797729492e+00,-1.855409264564514160e+00,-2.568332910537719727e+00,-1.945759534835815430e+00,-4.786967933177947998e-01,7.867307066917419434e-01,1.847049295902252197e-01,-1.943616122007369995e-01,2.715630292892456055e+00,4.094919204711914062e+00,1.597554087638854980e-01,3.158479452133178711e+00,3.424720287322998047e+00,2.670610904693603516e+00,1.290609836578369141e+00,2.374995708465576172e+00,-1.633818268775939941e+00,-1.475736975669860840e+00,-1.480218172073364258e+00,7.244627475738525391e-01,-2.271216392517089844e+00,-1.434082031250000000e+00,6.405107021331787109e+00,-1.514700412750244141e+00,2.089296877384185791e-01,4.750026702880859375e+00,-1.110264658927917480e+00,1.353123283386230469e+01,-4.717282295227050781e+00,8.802967071533203125e-01,2.232025861740112305e+00,8.560211658477783203e-01,2.485644578933715820e+00,-2.812033414840698242e+00,-2.669407606124877930e+00,-8.438473343849182129e-01,-1.907205104827880859e+00,-1.384359121322631836e+00,-3.189683437347412109e+00,-4.450654387474060059e-01,-6.065760254859924316e-01,1.777742266654968262e+00,1.530894517898559570e+00,5.272276997566223145e-01,-1.632330417633056641e+00,2.480237245559692383e+00,-9.120447635650634766e-01,-7.932980060577392578e-01,-2.149674482643604279e-02,5.963122844696044922e-02,-2.753078222274780273e+00,-8.992458581924438477e-01
1.088742971420288086e+00,-1.070214748382568359e+00,7.267639636993408203e-01,-1.619577884674072266e+00,6.614888906478881836e-01,1.749167799949645996e+00,1.349427938461303711e+00,-1.123828053474426270e+00,1.433858275413513184e+00,-1.200883269309997559e+00,1.040020704269409180e+00,1.706777095794677734e+00,1.548236131668090820e+00,-2.005792379379272461e+00,-9.619646072387695312e-01,9.413866400718688965e-01,-3.704802989959716797e-01,6.552582979202270508e-01,-3.782969951629638672e+00,-1.822302579879760742e+00,4.531031250953674316e-01,-2.324235916137695312e+00,-3.175429105758666992e+00,-1.748268008232116699e+00,3.616831779479980469e+00,-1.975007057189941406e+00,1.302878618240356445e+00,3.759544491767883301e-01,3.442602634429931641e+00,-1.338380217552185059e+00,1.095409870147705078e+00,2.651783466339111328e+00,-2.665013790130615234e+00,-9.485566616058349609e-01,-3.260439038276672363e-01,3.262226104736328125e+00,3.863621652126312256e-01,-2.791577577590942383e+00,-1.328404784202575684e+00,-7.510926723480224609e-01,-7.636062502861022949e-01,-2.135127186775207520e-01,1.580233216285705566e+00,1.171540737152099609e+00,-1.803359389305114746e+00,-2.613611936569213867e+00,8.969265818595886230e-01,-5.702034235000610352e-01,-2.554125711321830750e-02,-2.849962711334228516e+00,-1.609257578849792480e+00,6.410750746726989746e-01,-1.848658442497253418e+00,-2.280635356903076172e+00,2.339711785316467285e-01,6.396961808204650879e-01,2.699974536895751953e+00,-2.038330316543579102e+00,-2.235893726348876953e+00,-2.699156999588012695e+00,-8.534355759620666504e-01,3.248537302017211914e+00,6.044853329658508301e-01,-2.834046840667724609e+00,5.287133693695068359e+00,6.435135602951049805e-01,1.540699958801269531e+00,-2.648148059844970703e+00,6.024286746978759766e-01,1.355785751342773438e+01,7.320495247840881348e-01,-1.589211583137512207e+00,9.079588055610656738e-01,9.318580627441406250e-01,1.544021964073181152e-01,-9.481965005397796631e-02,-4.670007705688476562e+00,-5.133825540542602539e-02,2.820672035217285156e+00,-4.708307981491088867e-02,2.481933116912841797e+00,-2.380321264266967773e+00,-4.471362590789794922e+00,-2.878894098103046417e-02,-1.080090999603271484e+00,-1.926072835922241211e-01,-3.650830984115600586e+00,3.820207357406616211e+00,-6.797229647636413574e-01,-2.133104324340820312e+00,4.311749458312988281e+00,-3.507907867431640625e+00,-1.656080722808837891e+00,-3.485050201416015625e+00,-1.624556779861450195e+00,7.068191468715667725e-02,-2.634245634078979492e+00,-1.185670018196105957e+00,1.895153999328613281e+00,1.343723297119140625e+00
1.359938740730285645e+00,6.016377210617065430e-01,-1.298091292381286621e+00,2.345129966735839844e+00,-1.056554198265075684e+00,-9.074000716209411621e-01,-2.118757963180541992e+00,-3.628498077392578125e+00,5.499368906021118164e-01,-1.041876673698425293e+00,-1.382148981094360352e+00,9.043582081794738770e-01,1.282766342163085938e+00,-9.049487709999084473e-01,8.017240762710571289e-01,-3.275617599487304688e+00,-1.299335360527038574e+00,-8.537487387657165527e-01,1.788278579711914062e+00,-3.894170522689819336e-01,3.425933718681335449e-01,7.092273831367492676e-01,2.735993623733520508e+00,-3.817352950572967529e-01,-2.155855894088745117e-01,3.178654611110687256e-02,6.266982555389404297e-01,-1.636438131332397461e+00,-5.550651550292968750e-01,2.363141775131225586e+00,1.956066191196441650e-01,-8.712457418441772461e-01,-1.206819415092468262e+00,1.515209794044494629e+00,-1.675649404525756836e+00,-1.240544795989990234e+00,-1.925241351127624512e+00,-1.379008412361145020e+00,-1.244961857795715332e+00,1.683754324913024902e+00,8.877127766609191895e-01,-3.431674718856811523e+00,-8.351024985313415527e-01,1.876343250274658203e+00,-1.390984892845153809e+00,2.767267823219299316e-01,-1.645705342292785645e+00,-3.045271873474121094e+00,-2.738040685653686523e+00,1.760440230369567871e+00,8.627824783325195312e+00,9.676658630371093750e+00,-1.579113483428955078e+00,-3.335247337818145752e-01,-5.343792438507080078e-01,2.808078289031982422e+00,8.045475482940673828e-01,-3.040206909179687500e+00,-2.737425327301025391e+00,2.384246826171875000e+00,-3.231542825698852539e+00,4.078761041164398193e-01,-1.245431065559387207e+00,2.358894824981689453e+00,4.152364134788513184e-01,1.840843558311462402e+00,2.015225648880004883e+00,-1.894455194473266602e+00,2.119808673858642578e+00,6.343517899513244629e-01,-2.412112712860107422e+00,1.889384537935256958e-01,-2.428540468215942383e+00,-2.840037345886230469e+00,-1.281310677528381348e+00,-1.573411941528320312e+00,9.645437598228454590e-01,-1.605642318725585938e+00,5.259846210479736328e+00,-8.139270544052124023e-01,1.114212274551391602e+00,-3.206485033035278320e+00,-2.139117717742919922e+00,-9.787585139274597168e-01,-1.969280958175659180e+00,-8.904161453247070312e-01,-3.557889461517333984e+00,-7.062239050865173340e-01,-4.290191173553466797e+00,-4.133851051330566406e+00,5.116970539093017578e-01,-1.839133620262145996e+00,-8.888056874275207520e-01,-2.139878273010253906e+00,4.062290191650390625e-01,1.368074893951416016e+00,9.030622243881225586e-02,-1.114957213401794434e+00,1.007928490638732910e+00,9.749531000852584839e-02
1.368925690650939941e+00,3.742891073226928711e+00,9.603606462478637695e-01,8.121860027313232422e-01,-1.455692887306213379e+00,4.719738960266113281e-01,-4.639219760894775391e+00,6.743209958076477051e-01,1.742726325988769531e+00,-3.406738519668579102e+00,-9.280651807785034180e-01,-1.043170213699340820e+00,-1.625154137611389160e+00,-6.277462840080261230e-02,-1.060308609157800674e-02,-1.309319853782653809e+00,-1.830161690711975098e+00,-2.142803370952606201e-01,6.749010682106018066e-01,2.671013355255126953e+00,-1.383424878120422363e+00,-1.373085498809814453e+00,2.855496168136596680e+00,2.082828134298324585e-01,-3.218219280242919922e+00,8.233867287635803223e-01,-2.711924314498901367e-01,-1.253538280725479126e-01,3.961379528045654297e-01,-7.272400259971618652e-01,1.134048819541931152e+00,-2.536027669906616211e+00,-3.016271889209747314e-01,1.819609522819519043e+00,-1.710651636123657227e+00,-4.423324167728424072e-01,1.543483257293701172e+00,2.068415284156799316e-01,2.462364673614501953e+00,-3.005436658859252930e+00,-1.231432795524597168e+00,2.831422388553619385e-01,-2.442166805267333984e+00,3.696983814239501953e+00,1.420622229576110840e+00,1.408233046531677246e-01,-4.420907497406005859e+00,-2.435390472412109375e+00,-1.296232640743255615e-01,-2.409591153264045715e-02,-2.618437767028808594e+00,-2.720118999481201172e+00,-2.361441850662231445e+00,1.067972898483276367e+00,1.673735380172729492e-01,-1.693217873573303223e+00,-9.085142612457275391e-01,2.279445171356201172e+00,-1.563533544540405273e+00,4.341461658477783203e-01,-1.225995302200317383e+00,9.179789423942565918e-01,5.140468478202819824e-01,1.323029994964599609e+01,-2.328989267349243164e+00,-1.691982746124267578e-01,-6.924708485603332520e-01,1.268434405326843262e+00,-3.468293666839599609e+00,-2.487033843994140625e+00,-1.935491919517517090e+00,1.221896767616271973e+00,1.051641464233398438e+00,-1.332651227712631226e-01,-1.670863866806030273e+00,4.277717471122741699e-01,4.704554080963134766e+00,-6.402804851531982422e-01,-4.403770267963409424e-01,1.551861315965652466e-01,-1.872527480125427246e+00,-5.227068662643432617e-01,-2.894264936447143555e+00,-5.173371434211730957e-01,-9.846739768981933594e-01,-5.868472456932067871e-01,-6.230483055114746094e+00,-3.753741979598999023e+00,-2.290102720260620117e+00,2.344371557235717773e+00,-2.395059585571289062e+00,2.241267681121826172e+00,-3.150105237960815430e+00,-2.045307397842407227e+00,9.195496439933776855e-01,2.448298692703247070e+00,8.587553501129150391e-01,7.853136956691741943e-02,-7.926775813102722168e-01,-2.929137647151947021e-01
-2.508969902992248535e-01,-1.768247127532958984e+00,2.977432250976562500e+00,-4.226628541946411133e-01,-4.909580647945404053e-01,-1.355612635612487793e+00,-3.912269324064254761e-02,-1.692444324493408203e+00,1.862357735633850098e+00,1.706037402153015137e+00,-2.419415861368179321e-01,3.859396934509277344e+00,2.730040788650512695e+00,-1.252757787704467773e+00,2.866690456867218018e-01,-1.092671275138854980e+00,3.741775274276733398e+00,9.804453849792480469e-01,-1.897156953811645508e+00,-3.803747415542602539e+00,-1.839709520339965820e+00,-2.525543212890625000e+00,-1.840463638305664062e+00,-1.895359396934509277e+00,1.383219957351684570e+00,-3.420341491699218750e+00,8.246101737022399902e-01,9.951783418655395508e-01,3.462937116622924805e+00,2.426899194717407227e+00,4.004629611968994141e+00,7.525483131408691406e+00,-2.513164281845092773e+00,-2.377417087554931641e+00,1.422041207551956177e-01,-3.075392961502075195e+00,-2.307660102844238281e+00,-3.574463427066802979e-01,-3.716146349906921387e-01,2.904398918151855469e+00,6.258732825517654419e-02,1.832697391510009766e-01,1.860110089182853699e-03,-8.963024020195007324e-01,-5.588102340698242188e-01,3.252154290676116943e-01,-2.217941284179687500e+00,-8.386909365653991699e-01,-6.508214473724365234e-01,-2.607551574707031250e+00,-4.057034492492675781e+00,-3.202589273452758789e+00,1.740581393241882324e+00,-7.474077343940734863e-01,-1.552133917808532715e+00,-1.613214492797851562e+00,5.691626667976379395e-02,-3.019022703170776367e+00,4.742395877838134766e-01,-9.856514930725097656e-01,-3.435545563697814941e-01,-4.180676639080047607e-01,5.366021156311035156e+00,-4.687970638275146484e+00,5.404385328292846680e-01,1.332530379295349121e+00,1.150480389595031738e+00,-1.953364729881286621e+00,-4.612964630126953125e+00,4.217783927917480469e+00,4.859597384929656982e-01,-2.499941349029541016e+00,-2.020843029022216797e+00,2.381893396377563477e+00,1.020121097564697266e+00,-9.395686984062194824e-01,-2.503113508224487305e+00,-1.809989333152770996e+00,5.742743492126464844e+00,-7.396470904350280762e-01,-2.507858514785766602e+00,-1.706065535545349121e+00,5.314628407359123230e-02,1.603620290756225586e+00,-1.545775532722473145e+00,-7.132723927497863770e-01,-5.149266719818115234e+00,3.865454792976379395e-01,-2.765973567962646484e+00,1.479530334472656250e+00,4.403780102729797363e-01,-1.706178665161132812e+00,-1.461613178253173828e+00,-2.003316164016723633e+00,1.122881099581718445e-02,1.237829588353633881e-02,-2.147093296051025391e+00,7.059158384799957275e-02,1.195626020431518555e+00,4.745789527893066406e+00
1.855673670768737793e+00,-2.913348197937011719e+00,1.627483725547790527e+00,3.574402570724487305e+00,-1.023390293121337891e+00,3.010848283767700195e+00,-1.169753670692443848e+00,-1.778205752372741699e+00,-3.111149668693542480e-01,2.026376247406005859e+00,-2.464758791029453278e-02,1.522986531257629395e+00,-4.923680052161216736e-02,1.020189881324768066e+00,-1.736483335494995117e+00,-1.357411503791809082e+00,-2.104169845581054688e+00,8.809920549392700195e-01,1.012624278664588928e-01,-8.712060451507568359e-01,-1.321695446968078613e+00,5.505506396293640137e-01,-6.157078742980957031e-01,-2.678374350070953369e-01,5.052706003189086914e-01,2.837754249572753906e+00,-1.455688238143920898e+00,8.088035583496093750e-01,-1.344194889068603516e+00,1.119585514068603516e+00,1.251074433326721191e+00,3.000572443008422852e+00,-1.916972398757934570e+00,-9.465107917785644531e-01,-3.138324022293090820e+00,2.213194668292999268e-01,9.305669069290161133e-01,1.496826553344726562e+01,-2.362425476312637329e-01,-2.146803140640258789e+00,-1.878947615623474121e+00,-1.117836117744445801e+00,-9.014940261840820312e-01,-3.229499816894531250e+00,4.423919677734375000e+00,-5.291532874107360840e-01,-1.086411476135253906e+00,-5.836935043334960938e-01,-6.062296032905578613e-01,-2.330195426940917969e+00,-1.287831425666809082e+00,2.039857149124145508e+00,-1.775743603706359863e+00,7.441351562738418579e-02,-6.689831614494323730e-01,8.847158551216125488e-01,-1.741444706916809082e+00,1.746123433113098145e-01,-2.459772109985351562e+00,3.615637063980102539e+00,-1.446465015411376953e+00,-3.495621919631958008e+00,1.044659733772277832e+00,2.961253821849822998e-01,-1.921425223350524902e+00,3.447709679603576660e-01,5.578077316284179688e+00,-9.135063886642456055e-01,-2.322094440460205078e+00,-1.148695707321166992e+00,-3.115689992904663086e+00,-8.636727929115295410e-01,-1.528077960014343262e+00,1.852787137031555176e+00,5.078740119934082031e+00,-1.095249772071838379e+00,-1.873937129974365234e+00,1.338868379592895508e+00,1.423581123352050781e+00,-2.155072927474975586e+00,1.757817387580871582e+00,-1.893261432647705078e+00,3.106685355305671692e-02,-1.538941502571105957e+00,-6.194492429494857788e-02,-3.183516740798950195e+00,-3.320332169532775879e-01,-1.826327919960021973e+00,-7.718567252159118652e-01,-4.653184711933135986e-01,1.241223886609077454e-02,5.522019863128662109e-01,-3.498372554779052734e+00,6.176722645759582520e-01,-1.769934058189392090e+00,-2.314144611358642578e+00,-1.246583275496959686e-02,7.008892297744750977e-01,-1.315759301185607910e+00,-5.337591767311096191e-01
1.285946488380432129e+00,3.138117074966430664e+00,5.412731766700744629e-01,-3.140244722366333008e+00,1.707295298576354980e+00,-2.695091366767883301e-01,-1.142724394798278809e+00,-7.808803915977478027e-01,-3.472387492656707764e-01,-1.313411355018615723e+00,-2.047185182571411133e+00,1.817882299423217773e+00,-1.885867238044738770e+00,-1.618742942810058594e+00,1.241273999214172363e+00,-2.445293903350830078e+00,2.002477198839187622e-01,-6.047136336565017700e-02,-3.030321598052978516e+00,-1.417360663414001465e+00,3.325098514556884766e+00,-1.692915320396423340e+00,-9.190648198127746582e-01,-2.235677719116210938e+00,5.069318413734436035e-01,-3.125975131988525391e-01,-6.609708666801452637e-01,1.817311048507690430e+00,6.075234413146972656e+00,-2.048975467681884766e+00,-4.806036353111267090e-01,5.668675899505615234e+00,-1.744028210639953613e+00,-2.488732576370239258e+00,-1.207563996315002441e+00,-1.092055559158325195e+00,-1.376053243875503540e-01,-3.037853717803955078e+00,-7.941902279853820801e-01,-1.432590365409851074e+00,-4.328760206699371338e-01,9.359688162803649902e-01,2.476368844509124756e-01,-8.625743985176086426e-01,-2.509744405746459961e+00,-4.212211966514587402e-01,-2.716242790222167969e+00,4.715406596660614014e-01,1.317514300346374512e+00,-3.381413698196411133e+00,-3.827126979827880859e+00,-1.907605528831481934e+00,1.120306923985481262e-01,8.255048394203186035e-01,-7.631589174270629883e-01,-9.522458314895629883e-01,6.960894107818603516e+00,5.078858137130737305e-01,-1.176469564437866211e+00,3.688632488250732422e+00,2.046869039535522461e+00,8.076204299926757812e+00,1.632581114768981934e+00,-1.147431135177612305e+00,-3.852412104606628418e-01,-8.296477198600769043e-01,-8.220731616020202637e-01,4.926184117794036865e-01,-2.795146942138671875e+00,6.602937579154968262e-01,3.073446750640869141e+00,7.130827903747558594e-01,8.896295428276062012e-01,2.647089242935180664e+00,-2.630750656127929688e+00,7.912223935127258301e-01,-6.627037525177001953e+00,-9.215618371963500977e-01,5.614150047302246094e+00,2.952988624572753906e+00,-1.227525472640991211e+00,-1.589181542396545410e+00,-2.068075180053710938e+00,-8.082995414733886719e-01,-1.201225042343139648e+00,1.460841059684753418e+00,-4.295631408691406250e+00,1.702370047569274902e+00,-1.325642108917236328e+00,3.258632898330688477e+00,2.467876821756362915e-01,-1.066419959068298340e+00,-1.477889537811279297e+00,-2.675594806671142578e+00,-2.162250280380249023e+00,-1.914933562278747559e+00,-1.612541437149047852e+00,1.253594636917114258e+00,-3.120549619197845459e-01,2.312183380126953125e+00
-6.081296205520629883e-01,-1.533404946327209473e+00,-1.964483380317687988e+00,1.473734855651855469e+00,6.241261363029479980e-01,8.311435699462890625e+00,-7.762675881385803223e-01,1.938590884208679199e+00,-1.658626496791839600e-01,-2.594339847564697266e+00,2.473565816879272461e+00,9.289587140083312988e-01,2.275723963975906372e-01,8.875711262226104736e-02,8.618599176406860352e-01,-1.096667528152465820e+00,1.632465600967407227e+00,1.151688098907470703e+00,1.611792802810668945e+00,7.709502696990966797e+00,-1.793471097946166992e+00,-3.092209339141845703e+00,4.658881723880767822e-01,-6.748207807540893555e-01,-6.277698874473571777e-01,-3.166862487792968750e+00,-7.019730210304260254e-01,-1.631206154823303223e+00,-6.984919309616088867e-01,1.424040675163269043e+00,3.770209789276123047e+00,1.591448634862899780e-01,6.999191045761108398e-01,2.716669142246246338e-01,-6.694918274879455566e-01,-5.305221080780029297e-01,-5.046998262405395508e-01,9.474845528602600098e-01,-1.100903630256652832e+00,-1.160402178764343262e+00,-3.594756841659545898e+00,1.192918062210083008e+00,4.158672332763671875e+00,1.740081310272216797e+00,5.719140172004699707e-01,6.206558942794799805e-01,-3.256631612777709961e+00,-2.471013069152832031e+00,1.677003622055053711e+00,-1.379217803478240967e-01,-4.080376148223876953e+00,-3.547606468200683594e+00,-1.742969512939453125e+00,1.664530396461486816e+00,-2.130925357341766357e-01,-1.562965035438537598e+00,-2.243573188781738281e+00,-6.667371392250061035e-01,-2.469718694686889648e+00,-3.005812406539916992e+00,5.290482044219970703e-01,-1.151930570602416992e+00,-6.803135871887207031e-01,-1.263327598571777344e+00,9.507717490196228027e-01,2.486606121063232422e+00,5.489968776702880859e+00,-1.710418343544006348e+00,-4.501666545867919922e+00,4.025490283966064453e-01,-2.811268329620361328e+00,1.708660483360290527e+00,-3.672597110271453857e-01,1.361473560333251953e+00,-1.362053394317626953e+00,-2.525546789169311523e+00,2.032745361328125000e+00,-8.471856713294982910e-01,-2.016445994377136230e-01,-1.030158638954162598e+00,-1.608901262283325195e+00,4.072101116180419922e+00,-1.125740885734558105e+00,-3.956273496150970459e-01,3.489539027214050293e-01,2.293073654174804688e+00,-3.090080738067626953e+00,-1.709790825843811035e-01,-1.604756236076354980e+00,3.232875585556030273e+00,-7.387394309043884277e-01,7.346747517585754395e-01,-2.643059015274047852e+00,-2.702322483062744141e+00,-1.021818041801452637e+00,3.011073350906372070e+00,-2.331576347351074219e+00,1.181504577398300171e-01,1.030198931694030762e+00,3.910192489624023438e+00
-1.289616584777832031e+00,6.045590713620185852e-02,1.335867786407470703e+01,5.088306590914726257e-02,-7.013303041458129883e-01,3.077741861343383789e-01,-7.928571105003356934e-01,7.019206881523132324e-02,2.789264023303985596e-01,2.520652294158935547e+00,-1.431778550148010254e+00,-1.530698299407958984e+00,4.081157147884368896e-01,2.291993349790573120e-01,-9.776660799980163574e-01,8.794591575860977173e-02,2.900448143482208252e-01,-2.562291145324707031e+00,-1.380929350852966309e-01,-5.090903759002685547e+00,-5.643100142478942871e-01,-7.779908776283264160e-01,-2.593548536300659180e+00,-1.255914092063903809e+00,8.011068701744079590e-01,-1.671401858329772949e+00,2.108512878417968750e+00,-6.653832197189331055e-01,9.880191087722778320e-01,2.587766170501708984e+00,-2.769523262977600098e-01,2.655117511749267578e-01,-6.494005322456359863e-01,-2.207351446151733398e+00,-2.686320543289184570e+00,-1.884703636169433594e+00,-2.606297016143798828e+00,2.930709123611450195e+00,-2.486065626144409180e+00,1.084394693374633789e+00,2.622961044311523438e+00,-8.217450976371765137e-01,-7.150962948799133301e-02,3.830946922302246094e+00,1.175098776817321777e+00,1.088628888130187988e+00,9.875543713569641113e-01,-2.071003437042236328e+00,1.483020544052124023e+00,-3.344086647033691406e+00,-1.557496309280395508e+00,-1.964926719665527344e-01,-1.058670401573181152e+00,1.189498424530029297e+00,1.680939912796020508e+00,-3.674244403839111328e+00,-1.171638250350952148e+00,2.884491384029388428e-01,3.986428022384643555e+00,-5.174857974052429199e-01,-8.395034670829772949e-01,-3.400113582611083984e+00,5.585343241691589355e-01,-1.873656511306762695e+00,-7.545555233955383301e-01,2.090609967708587646e-01,-2.362725734710693359e+00,-8.721775412559509277e-01,-1.937590479850769043e+00,2.717164993286132812e+00,-2.271484851837158203e+00,-2.548399448394775391e+00,-2.756444454193115234e+00,4.935836419463157654e-02,2.046860456466674805e+00,-1.127273082733154297e+00,3.850545644760131836e+00,-1.624318003654479980e+00,2.255964577198028564e-01,-1.587924122810363770e+00,-1.511168241500854492e+00,-1.220597743988037109e+00,4.978608608245849609e+00,-1.748564362525939941e+00,1.621619939804077148e+00,-1.163441896438598633e+00,-2.000189781188964844e+00,-8.480366319417953491e-02,-1.330348491668701172e+00,1.356927752494812012e+00,-2.648429870605468750e+00,2.422205686569213867e+00,2.075036048889160156e+00,-4.634957760572433472e-03,1.130844950675964355e+00,-5.902715325355529785e-01,-6.733371615409851074e-01,-5.246401429176330566e-01,-1.531980991363525391e+00,-4.536498337984085083e-02
3.314943313598632812e-01,2.211270332336425781e+00,1.964649438858032227e+00,-2.245625257492065430e+00,1.398510336875915527e-01,-4.131931364536285400e-01,-1.053957223892211914e+00,-1.483386456966400146e-01,3.057140670716762543e-02,-3.274416625499725342e-01,-4.093757152557373047e+00,1.806056618690490723e+00,-1.946661710739135742e+00,2.512312307953834534e-02,6.788265109062194824e-01,-1.498131275177001953e+00,3.039537906646728516e+00,2.291554689407348633e+00,-1.487664580345153809e+00,-1.025445699691772461e+00,9.605736136436462402e-01,4.937098622322082520e-01,-1.045065164566040039e+00,-1.114381909370422363e+00,1.787000596523284912e-01,1.908348202705383301e+00,-1.548098087310791016e+00,3.153088092803955078e+00,-1.046757936477661133e+00,-1.177465081214904785e+00,9.735352396965026855e-01,4.322165966033935547e+00,-3.075802624225616455e-01,-3.352866411209106445e+00,-3.386893749237060547e+00,-1.169233396649360657e-01,1.106464266777038574e+00,1.595727443695068359e+00,2.757266163825988770e-01,-3.906732320785522461e+00,-6.800183057785034180e-01,-1.444056034088134766e+00,-3.316628217697143555e+00,8.553712368011474609e-01,-3.527709245681762695e-01,1.041400814056396484e+01,-6.119266152381896973e-01,-1.676790714263916016e+00,2.528838515281677246e-01,-3.719037055969238281e+00,-8.101916313171386719e-01,-2.985411882400512695e-01,2.324060201644897461e+00,-3.450052976608276367e+00,-8.944766521453857422e-01,-3.548297166824340820e+00,6.652060747146606445e-01,-1.058715820312500000e+00,-1.833422422409057617e+00,8.898870468139648438e+00,1.569493055343627930e+00,-1.784452795982360840e-01,-2.100146293640136719e+00,-7.858743071556091309e-01,-3.155091524124145508e+00,-1.081202864646911621e+00,-7.667261958122253418e-01,-3.057378530502319336e-01,-3.165299177169799805e+00,-3.133658647537231445e+00,-9.671033024787902832e-01,7.673103213310241699e-01,-1.588943362236022949e+00,2.387978792190551758e+00,-7.049159407615661621e-01,-1.217183470726013184e-01,-3.441190421581268311e-01,2.996057868003845215e-01,-2.208170443773269653e-01,5.978497505187988281e+00,-1.509239196777343750e+00,-1.412404060363769531e+00,2.351202726364135742e+00,-2.811309576034545898e+00,2.352409124374389648e+00,-1.157368421554565430e+00,-6.294928491115570068e-02,1.469355225563049316e-01,-1.995277047157287598e+00,1.713941216468811035e+00,-3.136862516403198242e-01,1.565940380096435547e-01,-2.337627649307250977e+00,1.058953166007995605e+00,-2.394709825515747070e+00,-1.766009569168090820e+00,1.261929981410503387e-02,2.110209226608276367e+00,-3.209463119506835938e+00,2.054208517074584961e-01
-2.762724459171295166e-01,-2.480661869049072266e+00,3.044775724411010742e-01,1.346769928932189941e+00,-2.638492107391357422e+00,6.278776168823242188e+00,-2.178210020065307617e+00,-1.789981365203857422e+00,1.449690222740173340e+00,4.592457711696624756e-01,2.451256990432739258e+00,2.757885694503784180e+00,1.138772130012512207e+00,-5.834137201309204102e-01,-2.255241394042968750e+00,-3.298446416854858398e+00,-1.843096137046813965e+00,-1.197544455528259277e+00,-6.883825659751892090e-01,-9.043781757354736328e-01,-4.715491235256195068e-01,-6.646001338958740234e-01,-2.374367237091064453e+00,-2.761285066604614258e+00,1.003079891204833984e+00,-1.702062010765075684e+00,-1.034599184989929199e+00,3.281980752944946289e-01,-4.478845298290252686e-01,1.500399589538574219e+00,3.572871208190917969e+00,4.329123973846435547e+00,-1.572689533233642578e+00,1.240917205810546875e+00,-2.439984083175659180e+00,-1.818696737289428711e+00,2.745711326599121094e+00,1.689307689666748047e+00,-3.954383134841918945e-01,-2.383968114852905273e+00,-8.854156136512756348e-01,-1.074076175689697266e+00,8.691061735153198242e-01,-1.468940258026123047e+00,2.359604835510253906e+00,-1.570991873741149902e+00,-1.714075684547424316e+00,-1.606445789337158203e+00,4.961113452911376953e+00,-1.238092303276062012e+00,-3.813147306442260742e+00,-1.150649905204772949e+00,-4.745970964431762695e-01,-4.462988376617431641e-01,1.287955641746520996e+00,-2.687002420425415039e+00,1.353748798370361328e+00,1.656382799148559570e+00,-2.679474830627441406e+00,2.589013099670410156e+00,2.078677654266357422e+00,-1.013451457023620605e+00,-8.501245379447937012e-01,-2.263233512639999390e-01,-2.051990747451782227e+00,2.652869224548339844e+00,7.024570465087890625e+00,-3.185688257217407227e+00,-3.126828670501708984e+00,4.412123680114746094e+00,-1.129346609115600586e+00,1.325982958078384399e-01,-2.885454177856445312e+00,4.556285381317138672e+00,-3.451462984085083008e-01,-8.984684944152832031e-01,-7.069424629211425781e+00,3.660006761550903320e+00,5.004426956176757812e+00,-1.185649037361145020e+00,2.149869918823242188e+00,-9.535629749298095703e-01,-1.499945282936096191e+00,-4.424521327018737793e-01,-1.999965667724609375e+00,-1.056551337242126465e+00,-3.187830924987792969e+00,-1.535915732383728027e+00,-1.472619533538818359e+00,1.751210689544677734e+00,3.646088838577270508e+00,-5.445538163185119629e-01,-3.886656045913696289e+00,-1.344801187515258789e+00,-2.207592725753784180e+00,1.302276849746704102e+00,-3.681007862091064453e+00,-8.071280270814895630e-02,3.654491901397705078e+00,3.483405709266662598e-01
3.488275706768035889e-01,-4.841433525085449219e+00,-3.604653596878051758e+00,1.328261733055114746e+00,-7.331354618072509766e-01,2.150629043579101562e+00,2.170827388763427734e+00,-2.031371116638183594e+00,-7.389468550682067871e-01,1.119400143623352051e+00,3.538156986236572266e+00,2.725980281829833984e+00,3.732698678970336914e+00,-1.557096958160400391e+00,-2.547667980194091797e+00,-2.166752338409423828e+00,-2.014647006988525391e+00,1.317801475524902344e-01,-3.426178097724914551e-01,2.119891405105590820e+00,-9.900261163711547852e-01,-1.448067665100097656e+00,-1.110109806060791016e+00,-5.022210478782653809e-01,1.348975151777267456e-01,1.117992997169494629e+00,-3.883009031414985657e-02,-5.716388821601867676e-01,-6.474018096923828125e-01,-1.034526348114013672e+00,3.759365320205688477e+00,3.407711029052734375e+00,1.637950167059898376e-02,3.481999039649963379e-01,-2.722126722335815430e+00,1.457730531692504883e+00,4.714891016483306885e-01,4.627768993377685547e+00,6.660654544830322266e-01,-2.226868629455566406e+00,-2.175623655319213867e+00,-8.417068123817443848e-01,6.251652836799621582e-01,-8.211490511894226074e-01,4.241146445274353027e-01,-1.374633312225341797e+00,-1.072311997413635254e+00,-1.290357559919357300e-01,1.383155703544616699e+00,-1.492387056350708008e+00,2.473081499338150024e-01,2.067648887634277344e+00,-5.658652782440185547e-01,-1.964026212692260742e+00,-1.408171653747558594e+00,-7.150808572769165039e-01,-1.616972923278808594e+00,-2.263684034347534180e+00,-2.583619117736816406e+00,2.512093544006347656e+00,-6.314838528633117676e-01,-9.817630648612976074e-01,1.069966480135917664e-01,-2.105401277542114258e+00,-9.775246381759643555e-01,-4.254193231463432312e-02,1.421205520629882812e+01,-1.863461375236511230e+00,-2.536393404006958008e+00,3.043407440185546875e+00,-2.044814586639404297e+00,9.513214826583862305e-01,-3.362352371215820312e+00,1.200116038322448730e+00,1.860019564628601074e-01,-2.845952987670898438e+00,-4.686439514160156250e+00,2.208955049514770508e+00,2.806218624114990234e+00,1.619082808494567871e+00,2.245778799057006836e+00,-1.081368923187255859e-01,-1.663555622100830078e+00,-6.631584167480468750e-01,-8.384497165679931641e-01,1.982033252716064453e-01,1.263615369796752930e+00,2.879887104034423828e+00,-2.002258300781250000e+00,-2.141696929931640625e+00,2.029152393341064453e+00,-1.444611549377441406e+00,-3.622677803039550781e+00,-1.841781973838806152e+00,-1.768965721130371094e+00,4.216948151588439941e-01,-1.270038723945617676e+00,9.803773164749145508e-01,1.209326386451721191e+00,2.024201303720474243e-01
1.815007328987121582e+00,4.394987583160400391e+00,7.816849350929260254e-01,-2.407452583312988281e+00,4.061638355255126953e+00,-2.865280807018280029e-01,1.433835625648498535e+00,-1.039637207984924316e+00,-1.936603337526321411e-01,-7.516619563102722168e-01,-1.256684899330139160e+00,-8.494685888290405273e-01,-1.083509445190429688e+00,-1.748691320419311523e+00,-2.214254438877105713e-02,-1.711692214012145996e+00,-1.055226087570190430e+00,-2.234131336212158203e+00,-1.642606616020202637e+00,9.342424869537353516e-01,-7.973253726959228516e-01,-1.041122198104858398e+00,1.653256416320800781e-01,-4.519269764423370361e-01,-1.347246766090393066e+00,-8.242428302764892578e-01,-8.260606229305267334e-02,-4.020160436630249023e-01,1.256226158142089844e+01,-9.562058448791503906e-01,-6.728938221931457520e-01,3.509922027587890625e+00,-3.031481206417083740e-01,-1.518724560737609863e+00,6.399808526039123535e-01,-2.223798990249633789e+00,-1.825977802276611328e+00,-2.125758647918701172e+00,-2.518987655639648438e-01,-1.909012794494628906e-01,-1.185711622238159180e+00,2.900783777236938477e+00,-3.612007498741149902e-01,-6.984633207321166992e-01,-5.110098719596862793e-01,-8.251543641090393066e-01,-3.964105606079101562e+00,1.370661497116088867e+00,-1.114889383316040039e+00,-7.649432420730590820e-01,-4.211481571197509766e+00,-2.429693222045898438e+00,-1.462804555892944336e+00,-8.255625963211059570e-01,-8.635845184326171875e-01,-5.367934703826904297e-01,3.409982681274414062e+00,-1.314063310623168945e+00,-2.726651728153228760e-01,1.824466139078140259e-01,-9.859567284584045410e-01,2.300454139709472656e+00,1.827196002006530762e+00,2.575791440904140472e-02,7.585060000419616699e-01,-1.926749825477600098e+00,-3.039193153381347656e+00,5.239217281341552734e-01,-1.098453879356384277e+00,1.220502182841300964e-01,1.596112132072448730e+00,-3.189519643783569336e-01,3.486623048782348633e+00,2.490129470825195312e+00,-2.269082307815551758e+00,-1.552231788635253906e+00,-2.595123767852783203e+00,-3.606112003326416016e+00,4.855692386627197266e+00,3.908215463161468506e-01,-2.613003015518188477e+00,-1.163138628005981445e+00,-3.288214445114135742e+00,1.380146890878677368e-01,-5.125838518142700195e-01,1.548204541206359863e+00,-3.820877313613891602e+00,8.225204944610595703e-01,-1.336070299148559570e+00,2.469285964965820312e+00,-8.992757201194763184e-01,-9.555396437644958496e-01,-2.177090406417846680e+00,-2.754616498947143555e+00,-6.800206899642944336e-01,-8.906013369560241699e-01,-2.596811056137084961e-01,2.488361597061157227e+00,5.346996188163757324e-01,2.326812505722045898e+00
2.115715742111206055e+00,1.510843187570571899e-01,-1.019301891326904297e+00,2.224601268768310547e+00,7.903562188148498535e-01,3.471253514289855957e-01,1.010788306593894958e-01,-1.899580359458923340e+00,-1.760309815406799316e+00,-2.968034446239471436e-01,-3.995010137557983398e+00,9.663631916046142578e-01,-3.704082965850830078e-01,-1.946669459342956543e+00,-2.853620946407318115e-01,-3.651694774627685547e+00,-1.673944473266601562e+00,1.213527768850326538e-01,2.048015356063842773e+00,1.077034711837768555e+00,1.171935319900512695e+00,2.123422384262084961e+00,2.089628219604492188e+00,-2.544055879116058350e-01,-1.194405198097229004e+00,2.360026359558105469e+00,-9.086707830429077148e-01,-2.148113548755645752e-01,-1.422126531600952148e+00,-1.236384749412536621e+00,1.158612668514251709e-01,-1.060777664184570312e+00,-1.138715028762817383e+00,1.498811006546020508e+00,-3.566619634628295898e+00,1.218670010566711426e+00,-2.864090800285339355e-01,1.153594374656677246e+00,-1.848116964101791382e-01,-1.410776734352111816e+00,1.484536647796630859e+00,-3.482809543609619141e+00,-1.154017686843872070e+00,3.742357254028320312e+00,-1.807339429855346680e+00,8.106030225753784180e-01,8.913137912750244141e-01,-1.995915889739990234e+00,-1.512751698493957520e+00,-1.903181970119476318e-01,5.599509239196777344e+00,1.242079830169677734e+01,-2.210809230804443359e+00,-1.693290472030639648e-01,-1.252035498619079590e+00,3.536711931228637695e+00,3.678257465362548828e+00,-1.205985397100448608e-01,-1.618693113327026367e+00,3.339102506637573242e+00,-3.408768177032470703e+00,2.240712165832519531e+00,-1.159026145935058594e+00,3.897901058197021484e+00,-2.405670136213302612e-01,1.731196045875549316e+00,1.979759931564331055e+00,-1.135769963264465332e+00,1.639478921890258789e+00,-1.142359256744384766e+00,-2.803897857666015625e+00,9.773089289665222168e-01,-1.590792655944824219e+00,-1.931573271751403809e+00,-1.660587072372436523e+00,1.130653262138366699e+00,-1.090782403945922852e+00,-5.137282609939575195e-02,2.421133041381835938e+00,-1.761043787002563477e+00,8.243153095245361328e-01,-3.700321197509765625e+00,-2.737879753112792969e+00,-2.512650251388549805e+00,-7.084460258483886719e-01,-1.799591064453125000e+00,-6.809364259243011475e-02,9.468873739242553711e-01,-2.688181161880493164e+00,-5.121850490570068359e+00,-2.372916415333747864e-02,-1.113108754158020020e+00,-7.059983611106872559e-01,-8.532040715217590332e-01,-1.035973548889160156e+00,4.606228470802307129e-01,1.288739800453186035e+00,-6.388477087020874023e-01,-1.818823575973510742e+00,-1.476657748222351074e+00
2.431745767593383789e+00,-5.586735010147094727e-01,-6.672303676605224609e-01,1.811789393424987793e+00,1.572225451469421387e+00,-3.197235241532325745e-02,5.183046460151672363e-01,-8.776560425758361816e-01,-1.835083246231079102e+00,-1.426900506019592285e+00,-3.581297397613525391e+00,4.282220602035522461e-01,-4.874925315380096436e-01,-2.158348321914672852e+00,3.423563241958618164e-01,-3.496682405471801758e+00,-1.068323135375976562e+00,8.025402426719665527e-01,1.782873272895812988e+00,1.243464469909667969e+00,1.394985675811767578e+00,4.370195865631103516e+00,2.838078022003173828e+00,9.688144177198410034e-02,-6.265497207641601562e-01,1.960388064384460449e+00,-1.531904935836791992e-02,-1.029456496238708496e+00,-9.195554852485656738e-01,-1.231061339378356934e+00,-1.319840550422668457e-01,-2.197283267974853516e+00,-7.126572728157043457e-01,1.141949057579040527e+00,-3.291853189468383789e+00,1.798020243644714355e+00,-8.158259987831115723e-01,1.527083039283752441e+00,-4.602733254432678223e-01,-1.500396609306335449e+00,1.174627780914306641e+00,-2.967717409133911133e+00,-1.390636563301086426e+00,3.461688995361328125e+00,-1.286078095436096191e+00,8.386837840080261230e-01,-3.178929686546325684e-01,-2.080251455307006836e+00,-1.870848417282104492e+00,-1.845500618219375610e-01,5.420139312744140625e+00,1.255632781982421875e+01,-2.576765775680541992e+00,-3.853283822536468506e-01,-2.143125534057617188e+00,4.171464443206787109e+00,2.523451566696166992e+00,-5.367087125778198242e-01,-1.159534931182861328e+00,4.351526737213134766e+00,-3.045651674270629883e+00,1.870906472206115723e+00,-8.731414675712585449e-01,4.000777721405029297e+00,-1.177710294723510742e+00,6.585687398910522461e-01,1.662738323211669922e+00,-1.095961451530456543e+00,7.885519266128540039e-01,-1.612776160240173340e+00,-3.100952625274658203e+00,2.617970705032348633e-01,-1.594638705253601074e+00,-1.984471082687377930e+00,-1.267493367195129395e+00,7.744162082672119141e-01,-9.906942397356033325e-02,8.321718573570251465e-01,2.538034200668334961e+00,-1.376036405563354492e+00,-7.831802964210510254e-01,-3.024170160293579102e+00,-2.138625383377075195e+00,-2.135242700576782227e+00,5.105144977569580078e-01,-1.268108010292053223e+00,-8.341516256332397461e-01,9.310878515243530273e-01,-3.064000368118286133e+00,-4.583023548126220703e+00,-6.424407958984375000e-01,-9.265848994255065918e-01,-4.678620994091033936e-01,-2.103253364562988281e+00,-1.053837656974792480e+00,1.031841561198234558e-01,9.703054428100585938e-01,-2.105358056724071503e-02,-1.771768808364868164e+00,-2.477128982543945312e+00
-1.058686375617980957e-01,6.803978085517883301e-01,-8.005753159523010254e-03,1.531701236963272095e-01,-9.405257552862167358e-02,-7.861926555633544922e-01,1.582919478416442871e+00,-3.809477567672729492e+00,-1.301851391792297363e+00,4.728161811828613281e+00,-1.852405667304992676e+00,2.935004949569702148e+00,-1.088253378868103027e+00,-1.186689376831054688e+00,1.715926647186279297e+00,-3.093342065811157227e+00,3.154941201210021973e-01,-1.324327707290649414e+00,-1.650193452835083008e+00,-2.046851396560668945e+00,1.891133546829223633e+00,-2.337945222854614258e+00,-1.237237215042114258e+00,-1.609302043914794922e+00,-1.669274568557739258e+00,1.750789880752563477e+00,1.898786723613739014e-01,1.985048651695251465e+00,2.311273097991943359e+00,5.996161699295043945e-01,2.214709281921386719e+00,1.335371780395507812e+01,-1.441697835922241211e+00,-2.217644691467285156e+00,-3.195445835590362549e-01,-3.310249328613281250e+00,-9.770346283912658691e-01,6.103033199906349182e-03,3.808474540710449219e-01,-1.109035372734069824e+00,-9.467440247535705566e-01,3.466029167175292969e-01,1.228543043136596680e+00,-7.251250743865966797e-01,-5.504485964775085449e-01,1.811988353729248047e+00,-6.047124266624450684e-01,3.147922515869140625e+00,6.026880741119384766e-01,-3.260337114334106445e+00,-2.837514638900756836e+00,-2.016714334487915039e+00,4.271307885646820068e-01,6.962819099426269531e-01,-1.260910034179687500e+00,-2.535708189010620117e+00,3.974029064178466797e+00,-1.123911380767822266e+00,-1.576215982437133789e+00,-2.585617452859878540e-02,3.414314985275268555e-02,2.615715026855468750e+00,1.415098071098327637e+00,-3.836221694946289062e+00,-3.470777571201324463e-01,3.265201091766357422e+00,5.858042836189270020e-01,-1.703967928886413574e+00,-2.889504194259643555e+00,9.293504357337951660e-01,2.492742538452148438e+00,1.311791688203811646e-01,-6.118980050086975098e-01,6.699869036674499512e-01,-1.270201563835144043e+00,4.891796410083770752e-02,-5.872783660888671875e+00,4.211848676204681396e-01,3.601777553558349609e+00,2.368206381797790527e-01,1.355308175086975098e+00,-2.865037441253662109e+00,-2.394605159759521484e+00,-1.056986302137374878e-01,-1.302361965179443359e+00,3.822615444660186768e-01,-3.053735494613647461e+00,4.713670909404754639e-01,3.101660907268524170e-01,9.552276134490966797e-01,4.256571531295776367e-01,8.015361428260803223e-02,-1.634453535079956055e+00,-3.799670338630676270e-01,-1.928078174591064453e+00,4.441394805908203125e-01,-1.435983657836914062e+00,-1.244036078453063965e+00,2.312653064727783203e-01,5.146788597106933594e+00
1.320941805839538574e+00,9.785467982292175293e-01,-1.439684391021728516e+00,5.141510486602783203e+00,-2.733329832553863525e-01,-1.005641102790832520e+00,1.114014029502868652e+00,-2.038091897964477539e+00,-2.005361318588256836e+00,2.050544500350952148e+00,-3.867426872253417969e+00,7.184177041053771973e-01,-2.544495344161987305e+00,-3.515013456344604492e-01,8.132739067077636719e+00,-4.470466136932373047e+00,1.212257981300354004e+00,-2.064414262771606445e+00,3.609765470027923584e-01,9.841190576553344727e-01,2.785649061203002930e+00,-1.557062268257141113e+00,-2.253908365964889526e-01,-3.098008394241333008e+00,-2.694322109222412109e+00,-1.512056946754455566e+00,1.837727069854736328e+00,8.390987515449523926e-01,1.322423696517944336e+00,-1.939328670501708984e+00,1.815309971570968628e-01,4.501708030700683594e+00,6.105635762214660645e-01,-2.363171339035034180e+00,2.691563606262207031e+00,-2.890635490417480469e+00,-1.088414788246154785e+00,-1.184478640556335449e+00,-5.632556676864624023e-01,-8.938822746276855469e-01,-9.609998464584350586e-01,9.546576738357543945e-01,2.376979351043701172e+00,-1.802271366119384766e+00,-1.173619866371154785e+00,4.876786470413208008e-01,-2.532693147659301758e+00,2.845574855804443359e+00,3.776480853557586670e-01,-8.205066919326782227e-01,3.060156404972076416e-01,-1.209784030914306641e+00,-4.100416600704193115e-01,2.236055135726928711e+00,-2.672405242919921875e+00,-2.502993822097778320e+00,3.797279357910156250e+00,1.398423671722412109e+00,-1.121013522148132324e+00,4.899260103702545166e-01,-4.028810858726501465e-01,4.235296249389648438e+00,-1.319262623786926270e+00,-1.139702558517456055e+00,2.149422407150268555e+00,9.431842803955078125e+00,-1.765655755996704102e+00,-3.275556087493896484e+00,-1.074800014495849609e+00,-2.285953521728515625e+00,-1.950399279594421387e+00,2.779542095959186554e-02,1.206248044967651367e+00,-2.026406526565551758e+00,-2.444465160369873047e+00,-1.020991086959838867e+00,-1.928209304809570312e+00,2.302292138338088989e-01,-1.183799281716346741e-02,-1.868007779121398926e+00,-8.891350030899047852e-01,-7.353926301002502441e-01,-2.042705297470092773e+00,-5.547922849655151367e-01,1.720535904169082642e-01,3.362244606018066406e+00,-2.169068098068237305e+00,-5.940546989440917969e-01,1.697151780128479004e+00,2.361157655715942383e+00,-2.652034997940063477e+00,1.743069052696228027e+00,-9.172937870025634766e-01,1.326701045036315918e+00,-2.148653984069824219e+00,7.174839377403259277e-01,-1.945123672485351562e+00,9.390709400177001953e-01,-6.556987166404724121e-01,4.495784759521484375e+00
1.389916054904460907e-02,-2.434795945882797241e-01,-5.118111968040466309e-01,-1.070176884531974792e-01,1.812250971794128418e+00,1.828816175460815430e+00,-1.124925971031188965e+00,9.087818861007690430e-01,-1.046376705169677734e+00,-1.898860454559326172e+00,-1.573955297470092773e+00,2.415309667587280273e+00,-3.695559740066528320e+00,-3.340145573019981384e-02,8.609821319580078125e+00,-2.023492813110351562e+00,8.364984393119812012e-01,1.589603900909423828e+00,-1.495933890342712402e+00,-1.920004367828369141e+00,3.800098419189453125e+00,-2.492349147796630859e+00,4.841817021369934082e-01,-2.722937822341918945e+00,8.959133625030517578e-01,-2.210342407226562500e+00,-5.486249923706054688e-01,2.636726379394531250e+00,-4.825636446475982666e-01,3.965111255645751953e+00,4.476235508918762207e-01,7.762821674346923828e+00,-1.102544426918029785e+00,-3.015132188796997070e+00,-1.197364807128906250e+00,-1.259792089462280273e+00,-1.079007863998413086e+00,4.105585217475891113e-01,-1.935660481452941895e+00,-2.017259597778320312e+00,-1.942222118377685547e+00,3.325132131576538086e+00,7.596667408943176270e-01,-1.819234371185302734e+00,1.785936236381530762e+00,4.900664389133453369e-01,-3.113452434539794922e+00,4.500143826007843018e-01,-5.406751632690429688e-01,-4.116944313049316406e+00,-2.963927030563354492e+00,-1.679335951805114746e+00,1.606315612792968750e+00,1.062731981277465820e+00,-6.903197169303894043e-01,-2.667205333709716797e+00,3.771538496017456055e+00,-6.804267764091491699e-01,-1.277360439300537109e+00,5.220097303390502930e-01,4.557170867919921875e+00,9.195195436477661133e-01,-3.061281144618988037e-01,-4.346075057983398438e+00,-3.224792242050170898e+00,1.243402838706970215e+00,-1.636901974678039551e+00,-3.880661964416503906e+00,-3.831410408020019531e+00,-1.051425099372863770e+00,5.644585937261581421e-02,3.351594448089599609e+00,-1.867121219635009766e+00,3.442813873291015625e+00,-1.236921668052673340e+00,-1.971842765808105469e+00,-5.718102455139160156e+00,1.606744527816772461e+00,2.311987161636352539e+00,1.014604091644287109e+00,-9.742237329483032227e-01,1.300625801086425781e-01,2.514247894287109375e+00,-1.909444928169250488e+00,-7.590069770812988281e-01,1.919167757034301758e+00,-2.179998874664306641e+00,1.137445688247680664e+00,6.899945259094238281e+00,3.558265447616577148e+00,1.014182329177856445e+00,2.454221725463867188e+00,-2.315698623657226562e+00,-2.997403383255004883e+00,-4.242637157440185547e+00,-1.439842700958251953e+00,-1.803261995315551758e+00,1.494106650352478027e-01,2.617135524749755859e+00,-2.489379234611988068e-02
3.534760177135467529e-01,1.125473901629447937e-01,3.610210865736007690e-02,-2.297522127628326416e-01,-3.939961493015289307e-01,1.445261120796203613e+00,-5.745834857225418091e-02,-2.220163345336914062e+00,-1.317123413085937500e+00,2.310363054275512695e+00,-2.412420034408569336e+00,-2.479305982589721680e+00,-9.849988222122192383e-01,1.460229009389877319e-01,2.423995256423950195e+00,-2.789269924163818359e+00,1.372028589248657227e+00,1.111197710037231445e+00,6.054492592811584473e-01,6.115576028823852539e-01,-2.724862337112426758e+00,6.031429767608642578e+00,4.803742885589599609e+00,-7.608026862144470215e-01,-1.899339437484741211e+00,-8.207648992538452148e-01,1.504003763198852539e+00,3.515874147415161133e-01,-1.296972036361694336e+00,-1.381506562232971191e+00,2.569405317306518555e+00,2.096745252609252930e+00,-1.168960928916931152e+00,-3.619738817214965820e-01,-1.688776016235351562e+00,1.933748461306095123e-02,4.155913591384887695e-01,3.711041688919067383e+00,1.100990653038024902e+00,-2.014563530683517456e-01,-2.421357154846191406e+00,-1.608074307441711426e+00,-2.864946365356445312e+00,-1.201416015625000000e+00,3.770269393920898438e+00,6.570222377777099609e+00,-3.002313137054443359e+00,-2.398788213729858398e+00,2.131070613861083984e+00,-2.018538713455200195e+00,-2.286162614822387695e+00,-1.044789075851440430e+00,-2.900334000587463379e-01,-2.048500180244445801e-01,-1.295065641403198242e+00,-2.235628604888916016e+00,-1.215548634529113770e+00,-1.018830060958862305e+00,-2.038135528564453125e+00,7.259818553924560547e+00,-2.551749229431152344e+00,-2.258778810501098633e+00,-2.232376098632812500e+00,1.040525794029235840e+00,-2.754910945892333984e+00,2.423185110092163086e+00,2.142970800399780273e+00,-1.809642910957336426e+00,-3.913226604461669922e+00,-3.590829610824584961e+00,-3.438955783843994141e+00,2.113370656967163086e+00,3.863710463047027588e-01,-1.226683929562568665e-01,-2.107133269309997559e-01,-8.354690074920654297e-01,5.160613059997558594e+00,3.460597753524780273e+00,1.273203969001770020e+00,5.248639583587646484e-01,-2.961827039718627930e+00,-6.550877690315246582e-01,-3.988516926765441895e-01,-6.905574202537536621e-01,5.284071445465087891e+00,-7.999720573425292969e-01,-2.965758562088012695e+00,-3.772042274475097656e+00,-1.510982513427734375e+00,3.174016952514648438e+00,-1.386395454406738281e+00,1.644705891609191895e+00,-2.437834024429321289e+00,4.795731902122497559e-01,-2.166830062866210938e+00,2.823556184768676758e+00,-2.023835182189941406e+00,-4.157144725322723389e-01,-2.119853258132934570e+00,4.322000741958618164e-01
-9.058536291122436523e-01,-2.208949565887451172e+00,2.391126394271850586e+00,-1.274133682250976562e+00,-3.462845385074615479e-01,1.485703110694885254e+00,-2.009476184844970703e+00,1.693279385566711426e+00,5.615362524986267090e-01,-3.333378732204437256e-01,-5.976961255073547363e-01,-1.959384560585021973e+00,-1.776422739028930664e+00,3.933067917823791504e-01,2.396970033645629883e+00,5.814789533615112305e-01,5.081246495246887207e-01,1.558964252471923828e+00,2.617388963699340820e+00,-2.181382894515991211e+00,-2.618467807769775391e+00,-1.316717028617858887e+00,-8.008458018302917480e-01,3.057084560394287109e+00,-2.848417162895202637e-01,-4.136691570281982422e+00,3.486018896102905273e+00,-1.420848488807678223e+00,-2.388735294342041016e+00,1.064777731895446777e+00,1.662599086761474609e+00,-1.597642898559570312e+00,-3.340993642807006836e+00,-7.118994370102882385e-03,-1.155136227607727051e-01,1.683037042617797852e+00,-7.802331447601318359e-01,2.238548547029495239e-01,-2.140017986297607422e+00,1.277260780334472656e+00,-1.388191580772399902e+00,-1.617713689804077148e+00,-1.951339244842529297e+00,6.066480636596679688e+00,2.193837165832519531e+00,3.816688060760498047e+00,1.649279952049255371e+00,-2.745242595672607422e+00,-4.539544284343719482e-01,-1.622800588607788086e+00,-1.183449387550354004e+00,-7.869401574134826660e-01,2.150146365165710449e-01,-8.383201956748962402e-01,5.327849984169006348e-01,-1.200136780738830566e+00,-1.873442649841308594e+00,-2.585344791412353516e+00,-5.824480056762695312e-01,-3.107516765594482422e+00,-1.709955453872680664e+00,-3.152153253555297852e+00,-1.254462242126464844e+00,-3.410961627960205078e+00,3.172998189926147461e+00,2.827547490596771240e-01,-6.345333456993103027e-01,-1.049294352531433105e+00,4.896676838397979736e-01,1.561326503753662109e+00,-2.735373497009277344e+00,1.826687693595886230e+00,3.496218919754028320e-01,-2.719748973846435547e+00,2.732242584228515625e+00,-2.788622617721557617e+00,1.267456817626953125e+01,-1.764173269271850586e+00,-2.880560874938964844e+00,-6.807697415351867676e-01,-2.050084114074707031e+00,5.179885029792785645e-01,2.419554948806762695e+00,-1.098009347915649414e+00,1.165992617607116699e+00,1.701300144195556641e-01,-6.754696369171142578e-01,4.326718151569366455e-01,-8.652666211128234863e-01,2.014605760574340820e+00,-1.141482710838317871e+00,-9.447295069694519043e-01,6.857091784477233887e-01,-1.563721537590026855e+00,1.323965787887573242e+00,8.029245734214782715e-01,1.741794705390930176e+00,-4.087893486022949219e+00,-1.960033774375915527e+00,1.967766880989074707e+00
1.779494762420654297e+00,-4.527833163738250732e-01,1.339258074760437012e+00,-6.536343097686767578e-01,2.721610069274902344e+00,-3.491772413253784180e+00,2.849925756454467773e+00,-2.846779823303222656e+00,3.375763893127441406e-01,8.394947052001953125e+00,2.918667197227478027e-01,5.419432520866394043e-01,7.540642023086547852e-01,-8.464089632034301758e-01,-9.684947133064270020e-01,-2.887876987457275391e+00,-1.828484892845153809e+00,-8.359813690185546875e-01,-3.745974063873291016e+00,-8.642270565032958984e-01,-5.738289356231689453e-01,-1.072927713394165039e+00,-1.797140002250671387e+00,2.231953382492065430e+00,-2.119481563568115234e+00,2.853359699249267578e+00,-1.890875577926635742e+00,7.169201374053955078e-01,3.634029388427734375e+00,-1.594853878021240234e+00,-8.741344809532165527e-01,3.446156263351440430e+00,-2.831895589828491211e+00,1.084854900836944580e-01,-6.377733349800109863e-01,-1.858936786651611328e+00,-2.756378889083862305e+00,-6.123872995376586914e-01,-1.071079522371292114e-01,1.421756744384765625e+00,1.114251995086669922e+01,-3.585343062877655029e-01,-5.801121592521667480e-01,-2.321780443191528320e+00,-1.399976372718811035e+00,1.490552186965942383e+00,-1.262086749076843262e+00,4.970117509365081787e-01,-7.541130185127258301e-01,-4.030919075012207031e-01,-1.019197940826416016e+00,-1.064695358276367188e+00,6.231999397277832031e-01,8.057569265365600586e-01,-1.817991495132446289e+00,-4.516130685806274414e-01,-1.224354386329650879e+00,-1.992312908172607422e+00,-9.846304655075073242e-01,-4.306540489196777344e+00,-2.756167173385620117e+00,-4.377449154853820801e-01,1.090011954307556152e+00,-1.253213763236999512e+00,-1.677807450294494629e+00,3.208366036415100098e-02,7.498782277107238770e-01,2.068277359008789062e+00,-1.620564460754394531e+00,1.010518193244934082e+00,5.499094009399414062e+00,-3.151144742965698242e+00,8.043107986450195312e-01,-6.667690873146057129e-01,-3.106251358985900879e-03,1.937701582908630371e+00,1.263760685920715332e+00,-2.146910317242145538e-02,1.641568094491958618e-01,2.969965934753417969e+00,1.021592855453491211e+00,-4.210914611816406250e+00,-2.637766838073730469e+00,1.833213448524475098e+00,-1.415525913238525391e+00,-1.154505252838134766e+00,-3.989106178283691406e+00,-1.973239421844482422e+00,-9.940122961997985840e-01,1.085461854934692383e+00,-1.387305930256843567e-02,-3.131892204284667969e+00,1.285797476768493652e+00,-2.998401522636413574e-01,2.987488031387329102e+00,2.399205684661865234e+00,1.411191463470458984e+00,-1.794714808464050293e+00,-1.326259970664978027e+00,3.268245458602905273e+00
9.361356496810913086e-01,-1.048436388373374939e-01,4.923520684242248535e-01,4.991911053657531738e-01,-3.533212661743164062e+00,2.221030235290527344e+00,-6.418304443359375000e-01,-1.966767787933349609e+00,2.103372573852539062e+00,-1.112288713455200195e+00,-1.047205805778503418e+00,1.643510937690734863e+00,1.971870422363281250e+00,-1.993593931198120117e+00,-3.277782678604125977e+00,-2.206424951553344727e+00,1.109246015548706055e+00,-1.451823949813842773e+00,-1.836571097373962402e+00,-1.053704246878623962e-01,4.640616178512573242e-01,-1.066384077072143555e+00,-3.919768333435058594e-01,-1.437485337257385254e+00,-1.489600896835327148e+00,-5.508797243237495422e-03,-3.169013023376464844e+00,2.609139204025268555e+00,-8.834657669067382812e-01,2.059108257293701172e+00,2.258840322494506836e+00,2.199350833892822266e+00,-2.092747449874877930e+00,-3.666729688644409180e+00,-4.705527782440185547e+00,1.444073915481567383e-01,1.422762751579284668e+00,3.288863658905029297e+00,2.326554536819458008e+00,-1.603254437446594238e+00,-7.417685389518737793e-01,-1.585651397705078125e+00,1.690810732543468475e-02,-3.101011991500854492e+00,1.402940630912780762e+00,1.229604482650756836e+00,7.346593737602233887e-01,-2.325806617736816406e+00,2.716515302658081055e+00,1.497303843498229980e+00,-1.931670069694519043e+00,9.733737707138061523e-01,-1.602790951728820801e+00,-3.674475848674774170e-01,9.723731040954589844e+00,-1.059126973152160645e+00,1.299103736877441406e+00,-1.062579870223999023e+00,-2.841206789016723633e+00,1.536705374717712402e+00,-7.622528076171875000e-01,-1.496711015701293945e+00,8.186713606119155884e-02,1.507388055324554443e-01,-3.144567728042602539e+00,1.018566966056823730e+00,4.662765502929687500e+00,-2.955362319946289062e+00,2.378138303756713867e+00,1.545731782913208008e+00,-1.257229566574096680e+00,-1.988406062126159668e+00,-2.507500886917114258e+00,5.995360374450683594e+00,-1.490545272827148438e+00,1.205364704132080078e+00,-4.909077167510986328e+00,-1.737663269042968750e+00,4.289187431335449219e+00,-1.514518380165100098e+00,3.591101467609405518e-01,-1.879083156585693359e+00,3.076395690441131592e-01,-1.783178329467773438e+00,-1.799412965774536133e+00,-3.891062259674072266e+00,4.117313385009765625e+00,-9.212127923965454102e-01,-1.427786231040954590e+00,-2.338539361953735352e+00,8.009410500526428223e-01,-7.677602767944335938e-01,-3.748627185821533203e+00,2.473894357681274414e+00,-9.758359789848327637e-01,-2.051306962966918945e+00,-7.840843200683593750e-01,-6.017258167266845703e-01,9.989365339279174805e-01,9.082194566726684570e-01
5.070975422859191895e-01,-3.157598078250885010e-01,-1.173752307891845703e+00,-3.222626745700836182e-01,3.951652944087982178e-01,4.223087728023529053e-01,-8.086384534835815430e-01,-9.942758083343505859e-01,2.338387489318847656e+00,7.963220477104187012e-01,-1.727935791015625000e+00,-8.984901309013366699e-01,-1.573782920837402344e+00,-3.513453722000122070e+00,-2.448518872261047363e-01,7.022341489791870117e-01,1.520928293466567993e-01,2.926532030105590820e+00,-2.374441385269165039e+00,2.399390697479248047e+00,-1.373754620552062988e+00,-2.310067176818847656e+00,-7.009385824203491211e-01,-2.581399440765380859e+00,1.638409018516540527e+00,-2.302604675292968750e+00,1.618610620498657227e+00,1.322101235389709473e+00,3.001873970031738281e+00,-2.242219448089599609e+00,2.555482864379882812e+00,1.518501043319702148e+00,-1.750974178314208984e+00,6.298495531082153320e-01,3.787030696868896484e+00,3.084400892257690430e+00,6.255846977233886719e+00,-1.139779090881347656e+00,-5.774050951004028320e-02,-1.806207776069641113e+00,-6.467244625091552734e-01,3.701316714286804199e-01,-1.866799831390380859e+00,-1.830939650535583496e-01,-7.758631706237792969e-01,-7.434284090995788574e-01,-1.501059532165527344e+00,6.792968511581420898e-01,2.932599306106567383e+00,-3.976641416549682617e+00,-5.614814281463623047e+00,-3.535903930664062500e+00,-1.233040913939476013e-01,-1.239954352378845215e+00,-2.682623624801635742e+00,-1.603471517562866211e+00,1.988604784011840820e+00,-5.669838190078735352e-01,8.243763446807861328e-02,-8.064557909965515137e-01,-1.079886436462402344e+00,3.439138412475585938e+00,-1.012023329734802246e+00,-7.950598597526550293e-01,2.171681880950927734e+00,2.941085338592529297e+00,-1.249824881553649902e+00,-1.536313295364379883e+00,-2.773524761199951172e+00,1.952924489974975586e+00,1.497236013412475586e+00,2.461990863084793091e-01,1.049599170684814453e+01,1.032170891761779785e+00,4.476873278617858887e-01,-1.931311041116714478e-01,-2.414491176605224609e+00,-2.481643676757812500e+00,6.570971012115478516e-01,-1.721179962158203125e+00,-4.351859092712402344e+00,-1.073239207267761230e+00,-4.145255088806152344e+00,-4.840555042028427124e-02,-1.145862936973571777e+00,-1.134748458862304688e+00,-3.474999666213989258e+00,-1.653568744659423828e+00,1.262704879045486450e-01,1.160854339599609375e+00,3.473760843276977539e+00,-2.422400474548339844e+00,-1.907079577445983887e+00,-2.595059871673583984e+00,1.635515093803405762e+00,-9.596031904220581055e-01,-1.881394982337951660e+00,8.887897729873657227e-01,-1.505459427833557129e+00,2.256299972534179688e+00
1.297298789024353027e+00,3.849470913410186768e-01,-2.338648319244384766e+00,4.338060691952705383e-02,1.856805920600891113e+00,2.368495464324951172e+00,1.453805565834045410e+00,-4.766992926597595215e-01,-1.680982708930969238e+00,-1.801791548728942871e+00,-1.617866754531860352e+00,2.557150363922119141e+00,-1.813547492027282715e+00,-2.491388797760009766e+00,6.890306472778320312e-01,1.767411828041076660e+00,-5.050142407417297363e-01,5.472523689270019531e+00,-1.119229078292846680e+00,1.580752134323120117e+00,1.528421878814697266e+00,-2.001435041427612305e+00,8.819736242294311523e-01,-7.300822138786315918e-01,1.963187813758850098e+00,-1.139720380306243896e-01,2.541510581970214844e+00,1.689395010471343994e-01,-5.385134220123291016e-01,-3.492663383483886719e+00,4.055589199066162109e+00,-1.018252253532409668e+00,1.841230273246765137e+00,-1.399474501609802246e+00,-1.361279606819152832e+00,1.544019222259521484e+01,3.203664720058441162e-01,-8.959417343139648438e-01,-1.028538227081298828e+00,-4.563470840454101562e+00,-2.115360021591186523e+00,-1.146232843399047852e+00,-2.235407352447509766e+00,-1.517488002777099609e+00,-3.286583900451660156e+00,-1.608958125114440918e+00,-3.384974226355552673e-02,6.025107502937316895e-01,-1.387007087469100952e-01,-1.962716817855834961e+00,-3.893356800079345703e+00,-6.808828711509704590e-01,-2.223128795623779297e+00,1.097278475761413574e+00,-1.025554060935974121e+00,6.830315589904785156e-01,1.124114155769348145e+00,-6.376094222068786621e-01,9.796247631311416626e-02,-1.003430724143981934e+00,-6.993793845176696777e-01,1.824555039405822754e+00,1.740750551223754883e+00,-2.388945102691650391e+00,2.130020380020141602e+00,4.743810296058654785e-01,9.204843640327453613e-01,-3.102419376373291016e+00,-3.905154168605804443e-01,2.549889326095581055e+00,-1.862823486328125000e+00,-5.323019027709960938e-01,3.710285663604736328e+00,2.362009525299072266e+00,-4.795776009559631348e-01,-4.833473563194274902e-01,-2.789413213729858398e+00,-1.779292821884155273e-01,6.521543860435485840e-01,2.278732210397720337e-01,-1.896840453147888184e+00,6.403687000274658203e-01,-3.193124055862426758e+00,-8.589314222335815430e-01,1.213835835456848145e+00,-1.537061929702758789e+00,1.039754986763000488e+00,3.209352254867553711e+00,-7.728134393692016602e-01,3.025548160076141357e-01,6.041430830955505371e-01,3.098379075527191162e-01,-1.415192008018493652e+00,-2.875908851623535156e+00,-2.298987150192260742e+00,-2.404883384704589844e+00,1.163905382156372070e+00,1.009204745292663574e+00,-2.760724782943725586e+00,-1.639073729515075684e+00
1.043533086776733398e+00,-9.756914973258972168e-01,-2.485230684280395508e+00,1.523810774087905884e-01,1.499072194099426270e+00,-4.388891458511352539e-01,2.815518856048583984e+00,-4.289484977722167969e+00,-3.565816879272460938e+00,2.929965257644653320e+00,-2.351678133010864258e+00,3.413708209991455078e+00,-1.934769511222839355e+00,-1.232635378837585449e+00,4.356527626514434814e-01,-1.916567087173461914e+00,-1.926637530326843262e+00,8.855396509170532227e-01,-2.094943284988403320e+00,-5.936783552169799805e-01,2.437777042388916016e+00,-4.398881196975708008e-01,-1.762352734804153442e-01,1.036971449851989746e+00,-9.336124658584594727e-01,3.765789270401000977e+00,-5.585924386978149414e-01,-1.150364518165588379e+00,3.671122789382934570e+00,-1.627895593643188477e+00,1.850956082344055176e-01,7.489563465118408203e+00,-6.831077337265014648e-01,-1.003839015960693359e+00,7.605666518211364746e-01,-3.842914476990699768e-02,-5.117264389991760254e-01,-6.286804080009460449e-01,-1.119073867797851562e+00,-1.082698106765747070e+00,-2.004002332687377930e+00,3.486180305480957031e+00,1.084271907806396484e+00,-1.409287929534912109e+00,-2.645757198333740234e+00,-1.655262351036071777e+00,-1.866096735000610352e+00,1.362909698486328125e+01,-3.105607748031616211e+00,-2.190716505050659180e+00,-1.546911716461181641e+00,-1.965809345245361328e+00,-1.413195848464965820e+00,-1.398298978805541992e+00,-3.557571887969970703e+00,3.648881196975708008e+00,1.897255778312683105e+00,-1.850133180618286133e+00,2.066694021224975586e+00,-1.597169786691665649e-01,2.330377578735351562e+00,9.318568706512451172e-01,2.662401676177978516e+00,-3.713349342346191406e+00,4.976022839546203613e-01,-6.502519249916076660e-01,-8.527243733406066895e-01,-1.509264707565307617e+00,-1.732280254364013672e+00,4.388172924518585205e-02,4.448808670043945312e+00,-1.625468283891677856e-01,8.835229277610778809e-01,-5.467065572738647461e-01,-9.971765428781509399e-02,5.781539082527160645e-01,-5.033535003662109375e+00,1.489758372306823730e+00,1.245603680610656738e+00,6.151171922683715820e-01,1.530495524406433105e+00,-3.721991181373596191e-01,-3.407857894897460938e+00,2.543666124343872070e+00,-3.177176713943481445e-01,1.140218019485473633e+00,-1.956231713294982910e+00,1.461947321891784668e+00,2.084928274154663086e+00,9.480309486389160156e-01,7.788532376289367676e-01,7.931515574455261230e-01,5.353738665580749512e-01,-1.033003330230712891e+00,-1.555993199348449707e+00,-1.983138680458068848e+00,5.449372529983520508e-01,-6.188011169433593750e-01,5.992063879966735840e-02,1.252423524856567383e+00
1.184116721153259277e+00,1.153686881065368652e+00,-6.097520589828491211e-01,4.208399772644042969e+00,-1.357940793037414551e+00,-1.261436223983764648e+00,-3.391954004764556885e-01,-1.644088149070739746e+00,-1.715885043144226074e+00,1.598318696022033691e+00,-4.444518089294433594e+00,3.314168453216552734e+00,3.911988496780395508e+00,-3.213229417800903320e+00,-5.779470503330230713e-02,-2.845436096191406250e+00,1.331932306289672852e+00,7.727426290512084961e-02,-2.404664307832717896e-01,2.791951894760131836e+00,-1.468732118606567383e+00,-1.181133031845092773e+00,1.076282382011413574e+00,2.527010738849639893e-01,-2.190517663955688477e+00,3.504614353179931641e+00,-1.802490472793579102e+00,-1.351007670164108276e-01,1.285226345062255859e-01,-2.740073680877685547e+00,4.424558162689208984e+00,1.799990177154541016e+00,1.145873904228210449e+00,7.045519351959228516e-01,-5.829956009984016418e-02,-1.226018190383911133e+00,2.356156349182128906e+00,1.700734138488769531e+00,1.171940994262695312e+01,-2.507564306259155273e+00,-2.441729068756103516e+00,-1.729731559753417969e+00,-1.385313987731933594e+00,-1.515865564346313477e+00,2.030596137046813965e-01,4.738021194934844971e-01,-3.473929643630981445e+00,-3.946574628353118896e-01,-1.239392161369323730e+00,-7.215689420700073242e-01,-1.981613397598266602e+00,-1.953162550926208496e+00,-3.795492649078369141e+00,-8.632239103317260742e-01,-2.781093120574951172e+00,-1.349710524082183838e-01,-3.153538703918457031e+00,-1.249086618423461914e+00,-1.411403775215148926e+00,-5.820506811141967773e-01,-2.096732616424560547e+00,7.809326052665710449e-01,-6.869481205940246582e-01,4.299806118011474609e+00,-9.939745664596557617e-01,3.722730875015258789e+00,1.370034933090209961e+00,-1.133073046803474426e-01,-2.458838701248168945e+00,-1.364640951156616211e+00,-1.224831819534301758e+00,-5.259189605712890625e-01,9.256610870361328125e-01,1.063113570213317871e+00,-1.138251185417175293e+00,1.200939863920211792e-01,1.645966917276382446e-01,-1.274883985519409180e+00,3.150604248046875000e+00,-4.163973778486251831e-02,-3.668301105499267578e+00,-2.899245023727416992e+00,-4.543536663055419922e+00,2.933497905731201172e+00,-2.734731912612915039e+00,-2.976026237010955811e-01,-9.610777497291564941e-01,-1.656676650047302246e+00,-5.198081731796264648e-01,1.319048166275024414e+00,-9.317551255226135254e-01,1.122912883758544922e+00,-3.538253545761108398e+00,-1.228339672088623047e+00,-1.107497096061706543e+00,4.960717201232910156e+00,-3.919817805290222168e-01,2.533463716506958008e+00,-1.580617070198059082e+00,1.194262266159057617e+00
2.877221107482910156e+00,5.795230269432067871e-01,-1.606797575950622559e+00,-3.817492127418518066e-01,3.027756214141845703e-01,1.706367731094360352e+00,-2.751313686370849609e+00,9.013075232505798340e-01,-5.598561167716979980e-01,-2.282766103744506836e+00,-3.086729288101196289e+00,-3.662603199481964111e-01,-1.480166077613830566e+00,-2.113851308822631836e+00,-3.105754852294921875e-01,-1.757305145263671875e+00,1.106854915618896484e+00,-6.052076220512390137e-01,-2.956547737121582031e+00,4.014939785003662109e+00,-1.008361577987670898e-01,-9.159623980522155762e-01,-9.348968416452407837e-02,-7.339277863502502441e-01,-6.171490550041198730e-01,-2.328676462173461914e+00,-1.862115025520324707e+00,3.820698857307434082e-01,1.041830778121948242e+00,-2.825077533721923828e+00,3.184192895889282227e+00,-1.289504766464233398e+00,-1.167281121015548706e-01,-7.706338167190551758e-01,8.202604651451110840e-01,-2.787709534168243408e-01,4.384323120117187500e+00,7.426680922508239746e-01,1.538879036903381348e+00,-3.668519020080566406e+00,-1.496172666549682617e+00,2.651160955429077148e+00,-1.555022716522216797e+00,-8.846811652183532715e-01,-2.286664009094238281e+00,-1.653938740491867065e-01,-3.997583627700805664e+00,6.049824953079223633e-01,2.027569055557250977e+00,-1.408703088760375977e+00,-4.183777332305908203e+00,-2.947534799575805664e+00,-2.187310934066772461e+00,-4.205593764781951904e-01,-6.860252022743225098e-01,-3.007329225540161133e+00,2.673503637313842773e+00,8.078284263610839844e-01,-4.743080735206604004e-01,3.274867773056030273e+00,4.717388629913330078e+00,-1.578404307365417480e-01,-3.267324447631835938e+00,2.074733495712280273e+00,-4.761494636535644531e+00,1.217151999473571777e+00,-2.939525544643402100e-01,-1.425730109214782715e+00,-2.671077489852905273e+00,-3.041636943817138672e+00,1.664147734642028809e+00,2.232583045959472656e+00,6.481018543243408203e+00,4.238679409027099609e+00,-1.490275144577026367e+00,3.428425192832946777e-01,-4.335592269897460938e+00,-5.849903821945190430e-02,7.615100145339965820e-01,2.261200696229934692e-01,-3.732212066650390625e+00,3.873033285140991211e+00,1.001894116401672363e+00,-1.215226531028747559e+00,-1.032432556152343750e+00,1.066400051116943359e+00,-5.106777548789978027e-01,-3.165415048599243164e+00,5.711075305938720703e+00,9.866369247436523438e+00,-5.669033154845237732e-02,-1.954756826162338257e-01,-2.011015892028808594e+00,5.219090580940246582e-01,-1.777020096778869629e+00,2.915694713592529297e-01,-5.614805817604064941e-01,1.671083927154541016e+00,8.871714472770690918e-01,-2.993408203125000000e+00
1.862503647804260254e+00,3.136843144893646240e-01,-2.256316423416137695e+00,-1.249537229537963867e+00,2.049566507339477539e-01,4.638875961303710938e+00,-1.704121232032775879e+00,-1.347554326057434082e+00,2.214605957269668579e-01,-9.192431569099426270e-01,-1.789678335189819336e+00,1.722177624702453613e+00,-2.325585126876831055e+00,1.196333169937133789e+00,4.155053615570068359e+00,-1.645212769508361816e+00,-4.792109131813049316e-01,6.588922500610351562e+00,5.354172736406326294e-02,1.245787143707275391e+00,-9.329683184623718262e-01,-2.584197521209716797e+00,-1.091118454933166504e+00,-1.975311756134033203e+00,1.522267460823059082e+00,-4.629671096801757812e+00,9.945223331451416016e-01,1.649392843246459961e+00,1.991543769836425781e-01,-2.439241647720336914e+00,2.575794696807861328e+00,1.159562349319458008e+00,-1.751374244689941406e+00,-2.688113212585449219e+00,9.072925448417663574e-01,4.846765995025634766e+00,1.465469002723693848e+00,-1.137727737426757812e+00,-1.455767393112182617e+00,4.769743978977203369e-01,-1.310480833053588867e+00,-3.160340487957000732e-01,-2.342595577239990234e+00,-2.281297206878662109e+00,-1.489393234252929688e+00,-1.499809473752975464e-01,-2.550718784332275391e+00,-1.061000823974609375e+00,2.009445667266845703e+00,-2.062223672866821289e+00,-5.436870574951171875e+00,-3.591439247131347656e+00,5.813780426979064941e-01,1.717611312866210938e+00,-1.811173558235168457e+00,-1.612215638160705566e+00,2.822187900543212891e+00,1.474278211593627930e+00,4.483650028705596924e-01,-8.454629182815551758e-01,-1.062453985214233398e+00,2.111113548278808594e+00,-5.948905348777770996e-01,-3.610795021057128906e+00,5.438998699188232422e+00,2.343907594680786133e+00,-3.827784955501556396e-01,-5.151952743530273438e+00,-1.118805170059204102e+00,1.320182323455810547e+00,-9.517778158187866211e-01,7.699251770973205566e-01,6.074645042419433594e+00,2.271903514862060547e+00,5.806218385696411133e-01,6.085369586944580078e-01,-2.117074489593505859e+00,-1.316706657409667969e+00,1.493795037269592285e+00,-2.002708911895751953e+00,-1.909514904022216797e+00,-1.783886194229125977e+00,-3.912728548049926758e+00,8.158168196678161621e-01,3.007641993463039398e-02,1.830352470278739929e-03,-2.390299558639526367e+00,-1.428152918815612793e+00,-9.368628859519958496e-01,3.780780076980590820e+00,4.610383510589599609e+00,-1.655118465423583984e+00,-2.296758890151977539e+00,-2.839122295379638672e+00,-1.145366787910461426e+00,-1.751014351844787598e+00,-1.946993470191955566e+00,1.598963260650634766e+00,-2.117607146501541138e-01,2.801410913467407227e+00
-1.604585051536560059e+00,2.632197141647338867e+00,6.394426226615905762e-01,1.887860655784606934e+00,-1.434884428977966309e+00,-2.306689977645874023e+00,-1.332854151725769043e+00,-2.773188829421997070e+00,1.263120651245117188e+00,2.216160535812377930e+00,-3.331540107727050781e+00,-1.771619558334350586e+00,2.233067035675048828e+00,1.524251341819763184e+00,5.485801696777343750e-01,-1.520994424819946289e+00,4.903697073459625244e-01,-5.996395945549011230e-01,2.185678243637084961e+00,-7.293105125427246094e-01,-5.592617392539978027e-01,-5.410972237586975098e-01,-1.181465163826942444e-01,-2.916330099105834961e-01,-1.580985546112060547e+00,1.517760157585144043e+00,1.169892668724060059e+00,-1.230982899665832520e+00,-1.438189744949340820e+00,-5.880794525146484375e-01,-2.392825126647949219e+00,-2.647457838058471680e+00,1.533222198486328125e+00,8.787083625793457031e-01,-3.705767989158630371e-01,-1.542300343513488770e+00,-8.304122686386108398e-01,-2.667710065841674805e+00,9.259648621082305908e-02,7.349855899810791016e-01,2.067278176546096802e-01,-1.879246115684509277e+00,-2.012547731399536133e+00,1.857156395912170410e+00,-4.748335778713226318e-01,1.280616164207458496e+00,6.279163956642150879e-01,-2.032288551330566406e+00,-2.894035100936889648e+00,1.311233878135681152e+00,1.271505546569824219e+01,6.902081489562988281e+00,2.788339555263519287e-01,-1.603754639625549316e+00,-2.441757202148437500e+00,-1.117176532745361328e+00,-1.379067301750183105e+00,-2.278180360794067383e+00,-1.991843938827514648e+00,1.036650419235229492e+00,-1.922240734100341797e+00,-1.563661545515060425e-01,-2.675399780273437500e+00,1.381676793098449707e+00,2.392138481140136719e+00,1.185006737709045410e+00,-2.183556795120239258e+00,1.191160202026367188e+00,4.574294090270996094e+00,-8.510959148406982422e-01,-1.139042973518371582e+00,-1.230511546134948730e+00,-1.043683052062988281e+00,-4.464936733245849609e+00,1.316220909357070923e-01,-1.373225301504135132e-01,4.531381607055664062e+00,-1.886037588119506836e+00,-2.457906484603881836e+00,-2.503634691238403320e-01,4.515218257904052734e+00,-2.830037593841552734e+00,-6.835058927536010742e-01,-1.942201375961303711e+00,-1.186816930770874023e+00,-6.867060065269470215e-01,4.712211191654205322e-01,-1.289624691009521484e+00,-2.576325416564941406e+00,-4.588304996490478516e+00,-2.517739832401275635e-01,-6.414372324943542480e-01,8.481944799423217773e-01,2.819405555725097656e+00,2.153764665126800537e-01,8.019445538520812988e-01,1.342983484268188477e+00,-3.140079498291015625e+00,-6.419263482093811035e-01,-3.789713382720947266e-01
2.772265672683715820e+00,1.295580983161926270e+00,2.518150568008422852e+00,5.045811533927917480e-01,-4.526014328002929688e-01,1.930141687393188477e+00,-2.960083007812500000e+00,3.511612713336944580e-01,-8.543232083320617676e-01,-9.467583298683166504e-01,-2.087610006332397461e+00,1.002016901969909668e+00,8.091129660606384277e-01,8.644210100173950195e-01,-5.952082872390747070e-01,-2.615418434143066406e+00,-1.080487251281738281e+00,-1.296626776456832886e-01,-1.091011762619018555e+00,-1.758679389953613281e+00,-1.646154999732971191e+00,-8.296760320663452148e-01,-1.399189114570617676e+00,-1.609585046768188477e+00,1.126707792282104492e+00,-2.097230434417724609e+00,-1.573381781578063965e+00,3.081294894218444824e-01,4.858324229717254639e-01,2.625607252120971680e-01,2.882535934448242188e+00,-3.213491737842559814e-01,8.831937313079833984e-01,-1.877970218658447266e+00,-1.854732930660247803e-01,-2.665532350540161133e+00,-9.570575356483459473e-01,8.925769329071044922e-01,-1.789773255586624146e-01,1.967046409845352173e-01,6.639852523803710938e-01,9.295704960823059082e-02,-1.906737565994262695e+00,-1.420357465744018555e+00,-1.476614713668823242e+00,-8.982766866683959961e-01,-4.600634574890136719e+00,-1.125977754592895508e+00,1.347239971160888672e+00,-2.251633167266845703e+00,-3.350486516952514648e+00,-3.247614145278930664e+00,1.811905056238174438e-01,2.541214704513549805e+00,-6.989985704421997070e-01,-3.656546115875244141e+00,-7.245721220970153809e-01,7.420625090599060059e-01,4.029809951782226562e+00,3.246891021728515625e+00,4.689527511596679688e+00,-3.401092290878295898e+00,-2.288359880447387695e+00,-1.230628490447998047e+00,-3.321304321289062500e+00,2.729915976524353027e-01,4.710234701633453369e-01,-2.652679443359375000e+00,-5.896483421325683594e+00,-1.171565055847167969e+00,9.957955479621887207e-01,7.828804850578308105e-01,-1.932315230369567871e+00,5.787630558013916016e+00,1.356808423995971680e+00,-7.147359848022460938e-01,-2.032701253890991211e+00,5.793718099594116211e-01,1.164465546607971191e+00,-3.126542866230010986e-01,-2.136589288711547852e+00,-4.377092719078063965e-01,3.443110942840576172e+00,7.363153696060180664e-01,-1.127597212791442871e+00,9.474989175796508789e-01,-2.801606416702270508e+00,-3.556544542312622070e+00,1.087257042527198792e-01,1.359622478485107422e+01,3.355952724814414978e-02,1.664519786834716797e+00,-2.560705542564392090e-01,-7.981649041175842285e-01,-1.339068293571472168e+00,7.791724801063537598e-01,-1.785108923912048340e+00,1.524764657020568848e+00,1.021458148956298828e+00,-1.911663651466369629e+00
3.259101510047912598e-02,-7.861175388097763062e-02,-2.094804942607879639e-01,9.497879028320312500e+00,2.893842756748199463e-01,-7.770499587059020996e-01,-2.046227931976318359e+00,-1.896962761878967285e+00,1.922743320465087891e+00,4.519960656762123108e-02,-2.680808544158935547e+00,2.740930795669555664e+00,-1.883847832679748535e+00,-9.230930209159851074e-01,1.880029320716857910e+00,-1.571109175682067871e+00,-9.825183153152465820e-01,-8.908426761627197266e-01,-2.620136976242065430e+00,-4.674700200557708740e-01,8.827719688415527344e+00,-1.841836124658584595e-01,-7.268497347831726074e-01,-3.124309062957763672e+00,8.285889625549316406e-01,4.833812236785888672e+00,-6.509335041046142578e-01,-1.776542425155639648e+00,-9.048886895179748535e-01,-7.747634053230285645e-01,-2.999300360679626465e-01,-8.771718740463256836e-01,-1.733796358108520508e+00,3.205870985984802246e-01,-1.170234203338623047e+00,-5.212547183036804199e-01,2.959366798400878906e+00,2.731520652770996094e+00,-1.873268485069274902e+00,-1.249563574790954590e+00,5.726503729820251465e-01,-2.544736623764038086e+00,1.927412867546081543e+00,-7.247763276100158691e-01,-5.157679319381713867e-01,3.374828398227691650e-01,-8.462040424346923828e-01,5.848921298980712891e+00,-2.163986444473266602e+00,-2.575112581253051758e+00,4.273460209369659424e-01,1.039885878562927246e+00,-6.640655994415283203e-01,-1.234228730201721191e+00,-7.082703113555908203e-01,5.482816219329833984e+00,-5.010750293731689453e-01,8.101044595241546631e-02,-3.468995392322540283e-01,2.684314966201782227e+00,2.042164355516433716e-01,8.625735640525817871e-01,2.091606855392456055e-01,2.319772243499755859e+00,-2.168785966932773590e-02,6.526266098022460938e+00,-2.841258287429809570e+00,-1.517169713973999023e+00,-2.309544563293457031e+00,-5.896071195602416992e-01,-1.021196246147155762e+00,-1.556560873985290527e+00,7.834456861019134521e-02,-2.598205089569091797e+00,-9.847617745399475098e-01,-7.764663696289062500e-01,-2.894275188446044922e-01,2.271424978971481323e-01,-1.676020026206970215e+00,5.718086361885070801e-01,-4.416961669921875000e-01,-5.283592343330383301e-01,-1.998750329017639160e+00,-1.664995074272155762e+00,7.156512737274169922e-01,-1.129485964775085449e+00,-1.982368946075439453e+00,1.048929095268249512e+00,3.258221745491027832e-01,-1.854965925216674805e+00,-3.464338779449462891e+00,1.616323590278625488e+00,3.036184906959533691e-01,-4.421941936016082764e-03,-1.044144749641418457e+00,-2.478771924972534180e+00,-5.547596216201782227e-01,5.302653312683105469e-01,-3.805818557739257812e+00,2.274276494979858398e+00
4.745263755321502686e-01,8.854708671569824219e+00,4.409492492675781250e+00,-1.763664841651916504e+00,2.957973778247833252e-01,1.451495885848999023e-01,-3.290307521820068359e+00,-2.427036523818969727e+00,1.932554244995117188e-01,-3.965461850166320801e-01,-2.904632568359375000e+00,3.257824480533599854e-02,1.183520108461380005e-01,1.246637478470802307e-02,-3.884882330894470215e-01,-2.352335453033447266e+00,-5.434884428977966309e-01,7.660692185163497925e-02,-4.340382292866706848e-03,-1.401932716369628906e+00,2.374840527772903442e-01,-2.866278290748596191e-01,1.123479008674621582e+00,-3.404115438461303711e+00,4.516434296965599060e-02,1.009060740470886230e+00,-1.854467749595642090e+00,7.855357527732849121e-01,4.405319213867187500e+00,7.466942816972732544e-02,-5.780790448188781738e-01,1.176576972007751465e+00,1.711159944534301758e+00,-2.078848361968994141e+00,-2.916934967041015625e+00,-1.789653778076171875e+00,-9.883716702461242676e-01,4.074441492557525635e-01,-1.259657889604568481e-01,1.004381179809570312e+00,-4.841108322143554688e-01,-2.348725080490112305e+00,-2.362170696258544922e+00,-2.065837144851684570e+00,-5.087624788284301758e-01,1.030874490737915039e+00,-3.674384355545043945e+00,-7.097288966178894043e-01,-1.043709158897399902e+00,-2.397947549819946289e+00,-3.414402246475219727e+00,-2.563349246978759766e+00,4.318779110908508301e-01,1.466809511184692383e+00,7.451348751783370972e-02,-1.094582200050354004e+00,4.632909893989562988e-01,4.850730299949645996e-02,2.046502590179443359e+00,6.682960510253906250e+00,-2.930077612400054932e-01,-1.692386269569396973e+00,-1.082209825515747070e+00,-7.460004091262817383e-02,-1.085886597633361816e+00,-9.579405188560485840e-01,-2.760939359664916992e+00,-7.816300392150878906e-01,-3.288428306579589844e+00,-2.406485557556152344e+00,-1.204165101051330566e+00,4.938443899154663086e-01,-2.770289480686187744e-01,3.961286544799804688e+00,-1.909573078155517578e+00,-9.806855320930480957e-01,-8.532819151878356934e-01,-2.268296241760253906e+00,5.624976634979248047e+00,1.359348893165588379e+00,-2.997713327407836914e+00,-1.414448022842407227e+00,2.025822877883911133e+00,-7.846382260322570801e-01,-6.135180592536926270e-01,-3.783666789531707764e-01,-2.974871158599853516e+00,-1.067298054695129395e+00,-2.264604330062866211e+00,5.629992961883544922e+00,-2.813801467418670654e-01,3.556558132171630859e+00,-7.031067609786987305e-01,-8.786576986312866211e-01,-1.925614953041076660e+00,-1.424419283866882324e+00,-1.571697115898132324e+00,4.744860649108886719e+00,-2.487624883651733398e+00,6.145068407058715820e-01
4.524925053119659424e-01,1.159645843505859375e+01,1.538921236991882324e+00,-1.848110675811767578e+00,2.846045196056365967e-01,-1.395337581634521484e+00,-1.665684223175048828e+00,-2.873277425765991211e+00,1.363201886415481567e-01,2.660040378570556641e+00,-2.969873905181884766e+00,-5.849452614784240723e-01,6.766177415847778320e-01,-2.206303030252456665e-01,-4.147745966911315918e-01,-2.063013792037963867e+00,-5.718068480491638184e-01,1.146603226661682129e+00,-1.805498003959655762e+00,1.217139959335327148e+00,1.723237395286560059e+00,-1.803943395614624023e+00,1.649936676025390625e+00,-1.139276981353759766e+00,-2.547849178314208984e+00,5.283042907714843750e+00,-2.391262769699096680e+00,1.246477127075195312e+00,2.939427137374877930e+00,-2.225924968719482422e+00,-1.392086893320083618e-01,2.721155405044555664e+00,1.606286644935607910e+00,-1.271356344223022461e+00,-4.603961110115051270e-01,-2.030378341674804688e+00,-7.898870706558227539e-01,-2.014504909515380859e+00,3.072600603103637695e+00,-5.909310579299926758e-01,9.624432772397994995e-02,1.284381031990051270e+00,-5.099889636039733887e-01,-2.658279657363891602e+00,-1.052515506744384766e+00,1.322306394577026367e+00,-3.893265247344970703e+00,3.205050528049468994e-01,-2.271563291549682617e+00,-1.644967913627624512e+00,-5.607852339744567871e-01,-2.589465856552124023e+00,7.241885066032409668e-01,2.100822687149047852e+00,-1.817401766777038574e+00,-1.058337450027465820e+00,5.655152797698974609e-01,-4.538540244102478027e-01,-2.037225723266601562e+00,-3.235224634408950806e-02,-2.391125440597534180e+00,3.878788352012634277e-01,-1.480358242988586426e+00,8.367339968681335449e-01,-1.188700437545776367e+00,-1.415378451347351074e+00,-4.114707946777343750e+00,2.798112869262695312e+00,-3.405282795429229736e-01,-2.050411701202392578e+00,1.901952385902404785e+00,-4.951183199882507324e-01,1.697347998619079590e+00,4.903483390808105469e-01,-1.657730579376220703e+00,1.183931946754455566e+00,-2.155722826719284058e-01,-1.826605081558227539e+00,2.191807746887207031e+00,2.062765359878540039e+00,-1.436306685209274292e-01,-3.445837736129760742e+00,-2.625573635101318359e+00,9.450419545173645020e-01,-2.734318733215332031e+00,6.985601782798767090e-01,-3.290158987045288086e+00,-2.193686723709106445e+00,-2.026057958602905273e+00,3.765302896499633789e+00,1.068667173385620117e+00,1.130563259124755859e+00,-1.551915884017944336e+00,-9.813791513442993164e-01,-1.228222727775573730e+00,1.061248660087585449e+00,-1.166614294052124023e+00,5.967162251472473145e-01,-1.770137786865234375e+00,1.002247333526611328e+00
4.506916999816894531e-01,-1.214421272277832031e+00,-2.223261594772338867e+00,-5.133006572723388672e-01,9.502722024917602539e-01,1.614476442337036133e+00,-1.473324179649353027e+00,-1.215281784534454346e-01,-1.418044686317443848e+00,-3.251263380050659180e+00,-1.207740068435668945e+00,2.840054035186767578e+00,-2.849861621856689453e+00,1.114877700805664062e+00,3.981047868728637695e+00,8.391289114952087402e-01,-8.103551268577575684e-01,4.256641387939453125e+00,-3.260180711746215820e+00,-7.175907492637634277e-01,2.931515693664550781e+00,3.508693456649780273e+00,-2.453340053558349609e+00,-3.099659442901611328e+00,1.435113334655761719e+01,-1.905672252178192139e-01,3.525595068931579590e-01,4.211701393127441406e+00,-4.954014420509338379e-01,1.484801530838012695e+00,-4.978214502334594727e-01,2.873359620571136475e-01,-1.167766332626342773e+00,2.714273929595947266e-01,-2.078920125961303711e+00,2.250521898269653320e+00,7.791380286216735840e-01,-5.118359327316284180e-01,-2.192907810211181641e+00,-8.281962871551513672e-01,-3.639786243438720703e-01,-2.258562743663787842e-01,2.297619819641113281e+00,-2.283671855926513672e+00,-2.983440876007080078e+00,5.570189952850341797e-01,-1.200366616249084473e+00,3.433058857917785645e-01,-2.340977907180786133e+00,-2.670268774032592773e+00,-4.629302620887756348e-01,-3.576590418815612793e-01,1.071028470993041992e+00,-2.242974042892456055e+00,-2.798407316207885742e+00,1.454905390739440918e+00,3.433555364608764648e-01,-1.823580503463745117e+00,2.073196887969970703e+00,3.498327732086181641e+00,3.018825531005859375e+00,1.714516043663024902e+00,-1.359648108482360840e+00,-3.433569431304931641e+00,1.821849584579467773e+00,-3.270713984966278076e-01,-3.922672569751739502e-01,-2.635760784149169922e+00,-3.822380065917968750e+00,-2.946515083312988281e-01,7.187913656234741211e-01,1.880095750093460083e-01,-1.995749592781066895e+00,1.425758600234985352e+00,3.441263437271118164e+00,-2.485832452774047852e+00,-3.379153251647949219e+00,1.497923374176025391e+00,-1.403719186782836914e-01,2.900211811065673828e+00,-2.634363174438476562e+00,-8.090503811836242676e-01,-1.679812520742416382e-01,-4.202061593532562256e-01,1.783537626266479492e+00,-1.853633642196655273e+00,-9.359672069549560547e-01,-8.867082595825195312e-01,1.739012748003005981e-01,1.880830377340316772e-01,1.811938405036926270e+00,-2.735682010650634766e+00,-1.906363010406494141e+00,-1.541787981986999512e+00,-3.412202119827270508e+00,-1.692804694175720215e+00,-1.027063131332397461e+00,9.914034605026245117e-01,9.349313974380493164e-01,-1.881120800971984863e+00
-3.757418692111968994e-02,-3.793561160564422607e-01,-2.155891656875610352e+00,-1.979642808437347412e-01,7.791916728019714355e-01,1.511746048927307129e+00,-1.758359789848327637e+00,4.867417812347412109e-01,-8.397352099418640137e-01,-3.166631698608398438e+00,-8.403401374816894531e-01,4.052320480346679688e+00,-3.531326055526733398e+00,9.048953652381896973e-01,4.031945705413818359e+00,1.792689561843872070e+00,-7.938179969787597656e-01,4.323074817657470703e+00,-2.906219005584716797e+00,-8.929796814918518066e-01,4.134857177734375000e+00,6.159791350364685059e-01,-2.984819650650024414e+00,-3.023727655410766602e+00,1.402876758575439453e+01,8.652325868606567383e-01,-3.152848482131958008e-01,4.132666587829589844e+00,-9.269145727157592773e-01,9.618053436279296875e-01,-2.207465171813964844e+00,3.455449342727661133e-01,-1.825622677803039551e+00,6.813524365425109863e-01,-2.353150367736816406e+00,3.134846925735473633e+00,1.262247204780578613e+00,-1.096736907958984375e+00,-2.626102209091186523e+00,-1.359171271324157715e+00,-3.359618484973907471e-01,-8.787487149238586426e-01,3.005320072174072266e+00,-1.695407271385192871e+00,-3.241187572479248047e+00,-5.069348812103271484e-01,6.495025157928466797e-01,7.782976031303405762e-01,-2.706918001174926758e+00,-2.687352418899536133e+00,2.908436059951782227e-01,-1.272813081741333008e-01,1.005731701850891113e+00,-2.155481338500976562e+00,-2.434284448623657227e+00,2.985545873641967773e+00,6.160491108894348145e-01,-1.668869972229003906e+00,6.931512355804443359e-01,1.280675172805786133e+00,3.241917610168457031e+00,3.888418197631835938e+00,-1.569140553474426270e-01,-3.664255380630493164e+00,4.019587039947509766e+00,-5.376628041267395020e-01,-9.920129179954528809e-01,-1.505394935607910156e+00,-2.753866672515869141e+00,5.549803376197814941e-01,8.123200535774230957e-01,-1.933511495590209961e-01,-1.598149418830871582e+00,3.508761152625083923e-02,2.406594514846801758e+00,-2.336051464080810547e+00,-3.435510873794555664e+00,8.364634215831756592e-02,-4.757762253284454346e-01,2.858465433120727539e+00,-1.260078787803649902e+00,-6.946879029273986816e-01,-3.248499035835266113e-01,-8.510389924049377441e-01,-5.066872388124465942e-02,-1.743465304374694824e+00,-3.462113440036773682e-01,1.057013630867004395e+00,2.919003069400787354e-01,-1.591315031051635742e+00,1.494650721549987793e+00,-2.760262012481689453e+00,-9.043452739715576172e-01,-1.595932960510253906e+00,-3.225283145904541016e+00,-2.293401718139648438e+00,-5.822340846061706543e-01,1.485965847969055176e-01,-2.119396924972534180e-01,-2.810983061790466309e-01
2.173243761062622070e+00,1.332422375679016113e+00,-9.634013772010803223e-01,3.633049726486206055e+00,-1.641055822372436523e+00,-1.086662530899047852e+00,-6.757400631904602051e-01,-3.301218271255493164e+00,1.585756689310073853e-01,2.433739662170410156e+00,-2.989537000656127930e+00,1.305944681167602539e+00,-1.619377255439758301e+00,-2.092427015304565430e+00,2.719578504562377930e+00,-3.623974084854125977e+00,7.488499283790588379e-01,-3.721263885498046875e+00,-2.217542529106140137e-01,1.874193102121353149e-01,6.920912265777587891e-01,-2.126420259475708008e+00,-8.139831423759460449e-01,-3.515793561935424805e+00,-2.741979122161865234e+00,-1.796437144279479980e+00,-1.039666414260864258e+00,2.836289405822753906e+00,3.211747705936431885e-01,-2.137379169464111328e+00,2.776472330093383789e+00,5.081086158752441406e+00,-1.160492777824401855e+00,-9.304462671279907227e-01,8.766319155693054199e-01,-3.026208400726318359e+00,2.020611524581909180e+00,2.541128098964691162e-01,1.033356785774230957e+00,-1.870708346366882324e+00,2.809652090072631836e-01,-2.245280027389526367e+00,-5.182663202285766602e-01,-1.097373723983764648e+00,-1.258446693420410156e+00,1.576731920242309570e+00,-8.874021172523498535e-01,-1.622087240219116211e+00,2.074157714843750000e+00,-7.774513959884643555e-01,-1.676910281181335449e+00,1.969309896230697632e-01,-3.888489902019500732e-01,1.643251061439514160e+00,4.928423166275024414e-01,-3.094438791275024414e+00,4.353532791137695312e+00,1.200948476791381836e+00,-2.541327953338623047e+00,1.811294198036193848e+00,-2.270277261734008789e+00,3.205024003982543945e+00,-2.608470678329467773e+00,1.050900220870971680e+00,8.947052359580993652e-01,1.055502033233642578e+01,7.300787568092346191e-01,-2.541769742965698242e+00,-6.963396072387695312e-02,-6.220629215240478516e-01,-1.524120330810546875e+00,1.380361914634704590e+00,1.702047705650329590e+00,3.043417632579803467e-01,-2.593174219131469727e+00,-8.672769665718078613e-01,-3.923602819442749023e+00,-5.931063890457153320e-01,2.049546241760253906e+00,-1.274483442306518555e+00,3.189081847667694092e-01,-2.035585880279541016e+00,-2.953271627426147461e+00,-1.536557912826538086e+00,-2.362360954284667969e+00,-4.203525483608245850e-01,-1.229037284851074219e+00,-2.133320808410644531e+00,1.651829600334167480e+00,1.314465403556823730e+00,-1.090116739273071289e+00,3.582973033189773560e-03,-2.263502836227416992e+00,3.712732076644897461e+00,-7.264072299003601074e-01,3.158039331436157227e+00,-1.454430341720581055e+00,1.772690564393997192e-01,-6.818839907646179199e-01,4.526518344879150391e+00
3.857166051864624023e+00,-1.249904632568359375e+00,5.906182527542114258e-01,-7.738686800003051758e-01,5.300654470920562744e-02,-1.222826242446899414e-01,8.905515670776367188e-01,-1.718390464782714844e+00,7.208234816789627075e-02,1.806935071945190430e+00,-2.677210867404937744e-01,6.649197936058044434e-01,1.222015261650085449e+00,-1.317370891571044922e+00,2.720059156417846680e-01,-2.529973722994327545e-02,-1.892022252082824707e+00,8.165874481201171875e-01,-3.106085538864135742e+00,-1.857697725296020508e+00,-2.037590980529785156e+00,-6.882823705673217773e-01,-3.027059555053710938e+00,-6.638082861900329590e-02,1.388878107070922852e+00,-1.690397262573242188e+00,-2.347490489482879639e-01,9.794157743453979492e-01,3.355258941650390625e+00,-2.181922435760498047e+00,2.734841346740722656e+00,2.780645608901977539e+00,-1.077664256095886230e+00,-1.048666685819625854e-01,1.860979437828063965e+00,-1.531714558601379395e+00,6.479713916778564453e-01,-2.650562763214111328e+00,3.125771522521972656e+00,3.188182115554809570e-01,-2.284651100635528564e-01,-6.521119475364685059e-01,-1.373257875442504883e+00,-1.429455280303955078e+00,-1.529399871826171875e+00,-1.175014495849609375e+00,-2.788827896118164062e+00,2.046407222747802734e+00,-1.976909995079040527e+00,-5.562508106231689453e-01,-2.821457624435424805e+00,-3.812830686569213867e+00,-1.008662343025207520e+00,-4.618288576602935791e-01,-3.408505916595458984e+00,-1.401437968015670776e-01,-1.724097609519958496e+00,-2.686753273010253906e-01,1.440854072570800781e+00,-1.965653419494628906e+00,-2.931183576583862305e-01,7.479956746101379395e-01,-4.594452679157257080e-01,-1.255642652511596680e+00,2.123442411422729492e+00,-1.643742918968200684e-01,-1.094094276428222656e+00,-1.024083375930786133e+00,-2.363197803497314453e+00,5.365827560424804688e+00,5.109701156616210938e+00,-1.153943896293640137e+00,1.302673935890197754e+00,1.922786831855773926e+00,1.749776363372802734e+00,2.159005962312221527e-02,-2.090247392654418945e+00,4.804770469665527344e+00,2.192007303237915039e+00,2.879455983638763428e-01,4.333684742450714111e-01,-2.745977640151977539e+00,-4.054579734802246094e+00,1.226229000091552734e+01,-2.949643611907958984e+00,-6.210547089576721191e-01,-2.975782155990600586e+00,-1.403591990470886230e+00,4.462360590696334839e-02,4.473809242248535156e+00,1.728483319282531738e+00,-3.566877841949462891e+00,-1.882147908210754395e+00,-2.388010740280151367e+00,1.881886839866638184e+00,1.323602497577667236e-01,-2.149321317672729492e+00,-3.494291603565216064e-01,-2.804314792156219482e-01,3.067284584045410156e+00
7.938109636306762695e-01,3.027102708816528320e+00,-1.879532694816589355e+00,-1.056472778320312500e+00,1.118255019187927246e+00,-3.437073230743408203e-01,-1.652926445007324219e+00,-1.644113540649414062e+00,6.205542683601379395e-01,-1.889151453971862793e+00,-1.229904741048812866e-01,5.152816772460937500e+00,2.044513702392578125e+00,5.459656715393066406e-01,-7.157801389694213867e-01,-3.201695919036865234e+00,-2.400734186172485352e+00,-3.909469246864318848e-01,-7.575442194938659668e-01,-8.111633062362670898e-01,5.324369668960571289e-01,-1.527234792709350586e+00,9.350346922874450684e-01,5.369151830673217773e-01,7.778573632240295410e-01,-1.268695592880249023e+00,-3.553472042083740234e+00,1.071284770965576172e+00,2.901672124862670898e+00,3.594402968883514404e-01,1.852526187896728516e+00,2.464253187179565430e+00,-7.704936861991882324e-01,-2.171827077865600586e+00,-1.563346505165100098e+00,-1.186879992485046387e+00,-3.263576030731201172e-01,6.037223339080810547e-01,-1.768142729997634888e-01,-2.068768143653869629e-01,1.568014860153198242e+00,-3.336035966873168945e+00,-1.356725692749023438e+00,-1.383006691932678223e+00,-3.092527627944946289e+00,2.767162561416625977e+00,-2.760296583175659180e+00,1.768363267183303833e-01,-1.568241000175476074e+00,4.016696810722351074e-01,-3.462853670120239258e+00,-1.859816312789916992e+00,1.692171096801757812e+00,-5.034514069557189941e-01,-1.225152015686035156e+00,6.443703770637512207e-01,-1.853209882974624634e-01,1.235108077526092529e-01,6.670813560485839844e-01,3.228344202041625977e+00,-1.347184181213378906e-02,-1.726771831512451172e+00,-6.821122765541076660e-01,-3.688966333866119385e-01,-9.604034423828125000e-01,-5.127348303794860840e-01,1.387775540351867676e+00,-1.915899872779846191e+00,-2.761138916015625000e+00,-1.464033722877502441e+00,-3.032223284244537354e-01,-4.688504636287689209e-01,-1.032157182693481445e+00,3.350584506988525391e+00,-1.534533262252807617e+00,-1.410018205642700195e+00,-5.231765270233154297e+00,-1.290717720985412598e+00,6.565328598022460938e+00,5.065330266952514648e-01,-2.373892784118652344e+00,-1.127954006195068359e+00,-1.534300297498703003e-01,6.274479627609252930e-01,2.203537076711654663e-01,-1.839964091777801514e-01,-1.732380986213684082e+00,-4.597488939762115479e-01,-3.011737585067749023e+00,2.208067893981933594e+00,-1.452826112508773804e-01,-2.371970891952514648e+00,-2.801697492599487305e+00,-2.638988733291625977e+00,-2.252647638320922852e+00,-1.834644317626953125e+00,4.575687646865844727e-01,1.182399845123291016e+01,-1.658624529838562012e+00,1.392678380012512207e+00
1.171107053756713867e+00,-2.584448337554931641e+00,2.247188329696655273e+00,5.133645057678222656e+00,-1.062138319015502930e+00,5.805293321609497070e-01,-5.418127775192260742e-01,-1.351581215858459473e+00,-3.794971704483032227e-01,3.475077152252197266e+00,-3.949927687644958496e-01,1.301240921020507812e+00,2.816344201564788818e-01,-4.475625157356262207e-01,-1.304120659828186035e+00,-1.660871982574462891e+00,-1.587592244148254395e+00,7.036519646644592285e-01,-4.999896585941314697e-01,-3.012790977954864502e-01,-5.675168037414550781e-01,5.219465494155883789e-01,9.965208917856216431e-02,-7.435573339462280273e-01,-7.525991797447204590e-01,4.058846950531005859e+00,-1.064887642860412598e+00,4.961226582527160645e-01,-6.364583969116210938e-01,7.732635736465454102e-01,1.137092471122741699e+00,2.712845563888549805e+00,-1.470859289169311523e+00,-2.121393233537673950e-01,-2.759385585784912109e+00,-1.581108570098876953e-01,7.450017333030700684e-01,1.530277633666992188e+01,1.024542808532714844e+00,-2.153746843338012695e+00,-1.489944458007812500e+00,-1.196830511093139648e+00,-2.016782201826572418e-02,-2.731123924255371094e+00,4.724390029907226562e+00,-1.065759062767028809e-01,-1.178959131240844727e+00,6.033209562301635742e-01,-7.673706412315368652e-01,-2.962567567825317383e+00,-1.264043807983398438e+00,1.548200249671936035e+00,-2.017922878265380859e+00,1.010085269808769226e-01,-1.235238909721374512e+00,6.903742551803588867e-01,-2.145682334899902344e+00,-8.009088039398193359e-02,-1.716911673545837402e+00,4.372568607330322266e+00,-1.859435081481933594e+00,-2.615661859512329102e+00,1.747134804725646973e+00,8.583106994628906250e-01,-2.403599262237548828e+00,1.644182085990905762e+00,5.226283073425292969e+00,-1.256571710109710693e-01,-3.175973176956176758e+00,-1.677488803863525391e+00,-3.849567651748657227e+00,-5.494200587272644043e-01,-1.254940629005432129e+00,2.297030985355377197e-01,2.992088317871093750e+00,-1.245457649230957031e+00,-5.909274220466613770e-01,1.962766408920288086e+00,1.184448003768920898e+00,-2.021525859832763672e+00,-1.226720094680786133e+00,-2.039022445678710938e+00,5.882220864295959473e-01,-1.545468807220458984e+00,1.172887086868286133e+00,-2.929965257644653320e+00,-1.098004817962646484e+00,-1.051102876663208008e+00,-4.832354485988616943e-01,-5.989687442779541016e-01,-1.068155527114868164e+00,1.892371058464050293e+00,-3.107697248458862305e+00,-8.302871137857437134e-02,-1.101673007011413574e+00,-2.167979955673217773e+00,-8.619078397750854492e-01,1.505449175834655762e+00,-1.979509592056274414e+00,-4.929607510566711426e-01
-4.698905050754547119e-01,2.117368578910827637e-01,-8.084647357463836670e-03,-7.063758969306945801e-01,1.551991105079650879e+00,2.460507869720458984e+00,-2.053220987319946289e+00,1.185371971130371094e+01,4.860987365245819092e-01,-2.067130088806152344e+00,-9.944617152214050293e-01,5.390155315399169922e+00,-1.310192704200744629e+00,4.646194875240325928e-01,1.812853574752807617e+00,-4.258722364902496338e-01,-4.418419003486633301e-01,1.658645033836364746e+00,-1.816267490386962891e+00,-1.641242980957031250e+00,1.105266928672790527e+00,-3.464531421661376953e+00,-2.402523159980773926e-01,2.943838834762573242e+00,-1.395202994346618652e+00,-3.474775552749633789e-01,-2.826391696929931641e+00,2.774696111679077148e+00,-4.888677000999450684e-01,-7.269805073738098145e-01,9.641167521476745605e-01,4.687771797180175781e-01,-5.803173780441284180e-01,-1.389492273330688477e+00,2.476375177502632141e-02,1.079743981361389160e+00,2.038154363632202148e+00,-4.096383452415466309e-01,2.818389534950256348e-01,-3.331205129623413086e+00,-3.949290812015533447e-01,3.406616926193237305e+00,1.699140071868896484e-01,4.895241186022758484e-02,1.690962016582489014e-01,-1.827719807624816895e+00,-2.457055091857910156e+00,-1.168641686439514160e+00,2.223785400390625000e+00,-1.856278181076049805e+00,-5.609362602233886719e+00,-4.013803958892822266e+00,-2.252963036298751831e-01,1.900284051895141602e+00,-4.950529634952545166e-01,-7.081354856491088867e-01,8.764988183975219727e-01,2.538212537765502930e+00,-1.251486301422119141e+00,-2.692914724349975586e+00,3.478306770324707031e+00,3.297085285186767578e+00,2.044927120208740234e+00,-1.105105280876159668e+00,-2.349509477615356445e+00,-4.684794247150421143e-01,-2.523767948150634766e-01,2.147232294082641602e+00,-4.181001663208007812e+00,1.056892037391662598e+00,-1.887407422065734863e+00,1.923075504601001740e-02,-1.780845046043395996e+00,3.145229578018188477e+00,2.872470915317535400e-01,-7.383548021316528320e-01,-2.125071525573730469e+00,1.584223508834838867e+00,-5.689532160758972168e-01,-2.348995685577392578e+00,-1.599475026130676270e+00,-2.319263219833374023e+00,1.686535626649856567e-01,-3.676164746284484863e-01,-1.134729981422424316e+00,-3.826484382152557373e-01,-9.606349468231201172e-01,-2.458525598049163818e-01,1.127357363700866699e+00,5.058317184448242188e+00,-1.022398352622985840e+00,-2.717553377151489258e-01,-3.478431940078735352e+00,-3.440705776214599609e+00,-2.161321878433227539e+00,-3.733826875686645508e-01,-3.267397284507751465e-01,1.126183867454528809e+00,1.639346361160278320e+00,-2.178188562393188477e+00
1.195602416992187500e+00,-1.089485883712768555e+00,-8.741683363914489746e-01,8.495438694953918457e-01,-1.468474030494689941e+00,5.041370868682861328e+00,-2.618955135345458984e+00,5.810561776161193848e-01,-2.107108831405639648e-01,-9.331795573234558105e-01,6.593620181083679199e-01,2.629767417907714844e+00,-4.938262403011322021e-01,-6.395540237426757812e-01,-1.571817994117736816e-01,-2.838997125625610352e+00,5.622333884239196777e-01,-5.508682727813720703e-01,3.522488594055175781e+00,3.434425890445709229e-01,-1.910605072975158691e+00,-1.491490840911865234e+00,-5.626183748245239258e-01,-1.342797636985778809e+00,1.346042454242706299e-01,-1.966014981269836426e+00,2.208479195833206177e-01,9.566321969032287598e-01,-4.364466965198516846e-01,-3.239459693431854248e-01,2.673325777053833008e+00,2.944896459579467773e+00,-6.156328320503234863e-01,2.147983312606811523e+00,3.050190687179565430e+00,-1.645472764968872070e+00,4.094520092010498047e+00,1.422418951988220215e+00,-3.464300036430358887e-01,-2.331268787384033203e+00,-2.141310453414916992e+00,-1.532395184040069580e-01,-5.701496005058288574e-01,3.248615935444831848e-02,4.384086132049560547e+00,-2.062851190567016602e+00,-4.308163166046142578e+00,-3.096053361892700195e+00,6.613109588623046875e+00,-2.808743000030517578e+00,-3.700342178344726562e+00,-1.775661706924438477e+00,-8.769556879997253418e-02,6.428610086441040039e-01,-8.397925496101379395e-01,-2.298260688781738281e+00,1.574783086776733398e+00,7.613242268562316895e-01,-4.542854785919189453e+00,1.259439587593078613e+00,1.209884166717529297e+00,1.015172362327575684e+00,-3.854955732822418213e-01,-6.631857752799987793e-01,-1.607964158058166504e+00,2.244496345520019531e+00,5.145768165588378906e+00,-2.294978380203247070e+00,-4.818395137786865234e+00,1.493358314037322998e-01,-1.666747927665710449e+00,2.376277446746826172e+00,6.058743596076965332e-01,9.573794007301330566e-01,2.033554911613464355e-01,-2.197511196136474609e+00,-4.102112770080566406e+00,1.133515596389770508e+00,3.687419414520263672e+00,-2.877775430679321289e+00,7.013511657714843750e-01,-6.311675906181335449e-01,-2.031666517257690430e+00,-1.916336536407470703e+00,-2.481165885925292969e+00,7.283263802528381348e-01,-3.104605674743652344e+00,-3.852447748184204102e+00,-1.823611021041870117e+00,5.430642604827880859e+00,1.787173748016357422e+00,-4.909515678882598877e-01,-2.416996479034423828e+00,-2.288779735565185547e+00,-2.547822475433349609e+00,6.107254981994628906e+00,-2.899552345275878906e+00,-5.486071705818176270e-01,9.489902257919311523e-01,-6.657394021749496460e-02
1.884329438209533691e+00,-1.808488607406616211e+00,-1.885046124458312988e+00,-1.480678081512451172e+00,2.194505453109741211e+00,5.093646645545959473e-01,4.534060508012771606e-02,-5.179285407066345215e-01,-1.205795049667358398e+00,1.660635173320770264e-01,-5.282809734344482422e-01,5.662485599517822266e+00,1.398398280143737793e+00,-6.086434721946716309e-01,-6.474950313568115234e-01,-2.003084421157836914e+00,-2.395174980163574219e+00,7.288497686386108398e-01,-1.551419138908386230e+00,-2.786082744598388672e+00,-1.909704685211181641e+00,-1.849337220191955566e+00,1.094341158866882324e+00,5.579745292663574219e+00,-3.310052752494812012e-01,-1.792584300041198730e+00,-1.735985428094863892e-01,-7.483966350555419922e-01,3.059463798999786377e-01,7.211492210626602173e-02,6.875186443328857422e+00,5.992214679718017578e+00,-1.383714675903320312e+00,-2.678706169128417969e+00,2.294102430343627930e+00,3.047003149986267090e-01,-1.767425179481506348e+00,-4.897624552249908447e-01,2.321102768182754517e-01,-7.212063074111938477e-01,-1.072052597999572754e+00,-1.847226768732070923e-01,-2.112432956695556641e+00,-7.640008330345153809e-01,-1.772180914878845215e+00,5.468323454260826111e-02,-4.241971492767333984e+00,2.611373364925384521e-01,-6.655321121215820312e-01,-2.994002997875213623e-01,-4.878303050994873047e+00,-3.284814596176147461e+00,3.896668851375579834e-01,2.531748294830322266e+00,-1.755756020545959473e+00,-6.186295747756958008e-01,-8.407666683197021484e-01,-1.418852567672729492e+00,1.504978060722351074e+00,-3.092724084854125977e+00,9.055857062339782715e-01,-1.957539439201354980e+00,1.467790484428405762e+00,-3.234220266342163086e+00,-2.806046247482299805e+00,-7.925772070884704590e-01,2.451078176498413086e+00,-2.159486055374145508e+00,-4.666008949279785156e+00,8.898656368255615234e-01,2.864894390106201172e+00,-4.621478915214538574e-01,-1.757954835891723633e+00,3.376938104629516602e+00,2.521900177001953125e+00,-4.396192431449890137e-01,-3.629653692245483398e+00,4.282085597515106201e-02,3.935217618942260742e+00,-1.284035563468933105e+00,-6.451748609542846680e-01,-2.026003599166870117e+00,-2.137837171554565430e+00,3.371790170669555664e+00,-1.613354921340942383e+00,-3.009249567985534668e-01,-2.369577169418334961e+00,-1.895632624626159668e+00,-1.791238903999328613e+00,6.732117176055908203e+00,-1.286359578371047974e-01,-2.434005260467529297e+00,-2.969032049179077148e+00,-2.677058935165405273e+00,-4.825363159179687500e-01,8.216629624366760254e-01,2.853902339935302734e+00,1.333187103271484375e+00,2.883900403976440430e-01,8.849776983261108398e-01
-1.689106822013854980e-01,-6.533773541450500488e-01,2.313959598541259766e-01,1.877666592597961426e+00,1.887550830841064453e+00,1.517426586151123047e+01,-8.583728671073913574e-01,-4.477917551994323730e-01,-1.860119581222534180e+00,-1.059439420700073242e+00,-1.695965766906738281e+00,2.152323007583618164e+00,-3.681571483612060547e-01,1.658789634704589844e+00,-1.512889385223388672e+00,-2.702944278717041016e+00,-1.577406644821166992e+00,2.405505627393722534e-01,1.675551652908325195e+00,3.528070926666259766e+00,-9.051926732063293457e-01,-1.129280447959899902e+00,1.871556341648101807e-01,-1.418886542320251465e+00,5.887671113014221191e-01,6.330170631408691406e-01,-3.067791223526000977e+00,-1.788105726242065430e+00,-6.804761290550231934e-01,1.487858295440673828e+00,1.300301313400268555e+00,1.945206880569458008e+00,2.185322344303131104e-01,2.391999483108520508e+00,-3.567904949188232422e+00,-4.204020202159881592e-01,3.206878006458282471e-01,2.335565805435180664e+00,-1.485937952995300293e+00,-1.905682921409606934e+00,-2.599494934082031250e+00,-6.101445555686950684e-01,2.400078535079956055e+00,4.389098584651947021e-01,2.089534521102905273e+00,-1.160854578018188477e+00,-1.536472082138061523e+00,-2.173100233078002930e+00,2.710045576095581055e+00,-1.952479958534240723e+00,-2.314161539077758789e+00,9.248092174530029297e-01,-3.135367631912231445e+00,-6.930001974105834961e-01,1.041976213455200195e+00,-9.512940049171447754e-01,-3.277392685413360596e-02,1.862582415342330933e-01,-1.858924388885498047e+00,-8.430064916610717773e-01,1.924397468566894531e+00,-1.551392793655395508e+00,-8.783661723136901855e-01,2.974474728107452393e-01,-5.762325525283813477e-01,5.576241612434387207e-01,2.800152301788330078e+00,-3.290806710720062256e-01,-2.588428020477294922e+00,-5.971968770027160645e-01,-5.037930607795715332e-01,3.070246219635009766e+00,-8.201127648353576660e-01,3.932112693786621094e+00,-1.174828767776489258e+00,9.621014595031738281e-01,-3.539224863052368164e+00,-2.021069377660751343e-01,2.157461643218994141e+00,-2.113002300262451172e+00,2.661944627761840820e+00,1.304586529731750488e+00,-1.410761713981628418e+00,-9.202200174331665039e-01,-1.021249175071716309e+00,-1.795515716075897217e-01,-1.435606598854064941e+00,5.454406738281250000e-01,-3.490684181451797485e-02,6.882801055908203125e-01,1.931803584098815918e+00,2.172179937362670898e+00,-1.570736527442932129e+00,-1.570360660552978516e+00,-2.519490957260131836e+00,2.349496364593505859e+00,-8.250634670257568359e-01,-1.082851052284240723e+00,4.420327544212341309e-01,-1.470076322555541992e+00
2.862630128860473633e+00,8.515859246253967285e-01,-4.446081519126892090e-01,-7.320461273193359375e-01,-3.138450622558593750e+00,6.791554093360900879e-01,-8.361004590988159180e-01,-2.288153409957885742e+00,2.089436054229736328e+00,-5.376160144805908203e-01,-4.471950531005859375e-01,8.599530458450317383e-01,3.066712379455566406e+00,-1.789971828460693359e+00,-3.139605760574340820e+00,-2.933234214782714844e+00,-2.480387501418590546e-02,-2.861175537109375000e+00,-7.212865352630615234e-01,-1.176328733563423157e-01,8.715703487396240234e-01,-1.055984497070312500e+00,4.811735749244689941e-01,2.677171528339385986e-01,-2.965131759643554688e+00,5.224762558937072754e-01,-2.985717296600341797e+00,1.425757408142089844e+00,-9.603573083877563477e-01,1.877798080444335938e+00,4.691496491432189941e-01,1.260971784591674805e+00,-2.286717653274536133e+00,-3.595987796783447266e+00,-2.928683042526245117e+00,-1.227442383766174316e+00,-5.607041120529174805e-01,1.545544743537902832e+00,2.020770549774169922e+00,2.167475461959838867e+00,7.555893659591674805e-01,-8.135375976562500000e-01,5.231598019599914551e-01,-1.750731945037841797e+00,5.841188430786132812e-01,1.008138418197631836e+00,-1.692824661731719971e-01,-2.571553230285644531e+00,2.875638723373413086e+00,1.693630933761596680e+00,-1.158388331532478333e-01,1.034739375114440918e+00,-1.594035387039184570e+00,8.292371630668640137e-01,1.180499362945556641e+01,-1.259161829948425293e+00,1.402539372444152832e+00,-6.318107247352600098e-01,-3.487946748733520508e+00,-2.924930453300476074e-01,-2.841097593307495117e+00,-1.331047773361206055e+00,-1.059355378150939941e+00,3.608762621879577637e-01,-2.277449607849121094e+00,3.889650851488113403e-02,4.239646434783935547e+00,-2.229614019393920898e+00,4.438007354736328125e+00,1.583462834358215332e+00,6.405184864997863770e-01,3.084823489189147949e-01,-1.697502136230468750e+00,1.580226778984069824e+00,-1.388942599296569824e+00,3.049640893936157227e+00,-3.524643182754516602e+00,-1.682404041290283203e+00,2.913832664489746094e+00,-1.678258657455444336e+00,3.677968025207519531e+00,-3.518594503402709961e+00,-1.799173235893249512e+00,-1.143078684806823730e+00,-1.266984462738037109e+00,-2.130496263504028320e+00,2.769333839416503906e+00,-2.208364248275756836e+00,-1.814967155456542969e+00,-1.841665744781494141e+00,-1.398337781429290771e-01,-1.876467585563659668e+00,-2.262827396392822266e+00,1.618661880493164062e+00,4.676713347434997559e-01,6.846321821212768555e-01,-6.736574172973632812e-01,-2.623049974441528320e+00,1.329257845878601074e+00,1.066285252571105957e+00
1.200778603553771973e+00,5.804021358489990234e-01,-9.042863845825195312e-01,4.525275230407714844e+00,-1.768271207809448242e+00,-1.413584589958190918e+00,-4.432501643896102905e-02,-2.695929527282714844e+00,-1.705361843109130859e+00,2.301424503326416016e+00,-3.769907712936401367e+00,3.669837713241577148e+00,3.814355134963989258e+00,-3.084296941757202148e+00,-3.929412961006164551e-01,-3.107424974441528320e+00,5.751052498817443848e-01,-2.857971191406250000e-01,-5.990325659513473511e-02,1.892536282539367676e+00,-1.454107284545898438e+00,-6.105400323867797852e-01,6.019082665443420410e-01,9.410377144813537598e-01,-2.010253906250000000e+00,3.383008718490600586e+00,-1.437544345855712891e+00,-4.081829786300659180e-01,-1.823988556861877441e-01,-2.667757511138916016e+00,4.829469680786132812e+00,2.191263198852539062e+00,6.851468980312347412e-02,1.093624114990234375e+00,4.442084953188896179e-02,-1.233601570129394531e+00,2.112102270126342773e+00,1.337651252746582031e+00,1.122503566741943359e+01,-2.101110219955444336e+00,-1.742872476577758789e+00,-2.734812498092651367e+00,-1.656252861022949219e+00,-1.735500335693359375e+00,-4.535601139068603516e-01,8.797381520271301270e-01,-2.135604143142700195e+00,-4.829553067684173584e-01,-1.318958759307861328e+00,5.785681009292602539e-01,-1.438103795051574707e+00,-7.241182923316955566e-01,-4.023691654205322266e+00,-8.821510672569274902e-01,-2.564572811126708984e+00,4.096738398075103760e-01,-3.079757213592529297e+00,-1.298792600631713867e+00,-1.670456290245056152e+00,-1.137557148933410645e+00,-2.935133695602416992e+00,5.216458439826965332e-01,-6.571700572967529297e-01,4.028073310852050781e+00,-3.236694633960723877e-01,4.319209575653076172e+00,1.720058679580688477e+00,-7.929263114929199219e-01,-1.038935184478759766e+00,-5.908719301223754883e-01,-1.194726943969726562e+00,-1.420768618583679199e+00,6.077111363410949707e-01,5.756384730339050293e-01,-7.476010918617248535e-01,1.343729794025421143e-01,2.632314264774322510e-01,-1.312983393669128418e+00,4.250969886779785156e+00,-2.382702976465225220e-01,-3.146959304809570312e+00,-3.473939657211303711e+00,-5.393847942352294922e+00,3.562919855117797852e+00,-3.153012037277221680e+00,-9.896817803382873535e-01,-9.048143029212951660e-01,-1.637685775756835938e+00,-1.499294877052307129e+00,1.165863722562789917e-01,-4.323712587356567383e-01,-1.317606270313262939e-01,-3.545060157775878906e+00,-1.085721611976623535e+00,-4.154129028320312500e-01,4.437585353851318359e+00,-4.202449694275856018e-02,2.017050504684448242e+00,-1.377759933471679688e+00,2.091921329498291016e+00
1.721795439720153809e+00,-2.633202552795410156e+00,-1.613174676895141602e+00,9.917757511138916016e-01,8.183341622352600098e-01,5.384914278984069824e-01,2.810163497924804688e+00,-2.681358814239501953e+00,6.773107498884201050e-02,1.353974580764770508e+00,1.304857134819030762e-01,8.303362727165222168e-01,-1.675290346145629883e+00,-3.087546110153198242e+00,-1.330504775047302246e+00,-1.359947323799133301e+00,-9.999958872795104980e-01,-9.140344858169555664e-01,-2.067927360534667969e+00,3.566750049591064453e+00,-2.592074573040008545e-01,-4.954571247100830078e+00,-2.474531531333923340e-01,-2.483823895454406738e-01,-7.941934466361999512e-01,-8.064302802085876465e-01,1.453416585922241211e+00,2.431738525629043579e-01,1.379016280174255371e+00,3.040136098861694336e+00,3.815616130828857422e+00,5.175983428955078125e+00,-2.003611087799072266e+00,1.419075846672058105e+00,-2.176374346017837524e-01,-1.424912452697753906e+00,-7.319457530975341797e-01,-9.601589292287826538e-02,-6.958846449851989746e-01,-3.796009778976440430e+00,-2.106635093688964844e+00,8.079737424850463867e-01,1.947296410799026489e-01,6.736064434051513672e+00,-1.392275094985961914e+00,1.044849395751953125e+00,-1.134914755821228027e+00,2.376919984817504883e+00,-1.130599856376647949e+00,-5.599348545074462891e-01,-2.976183414459228516e+00,-1.389577150344848633e+00,-1.230724811553955078e+00,-2.066277265548706055e+00,-5.576363205909729004e-02,-2.562766551971435547e+00,-7.864889502525329590e-01,-2.838410377502441406e+00,1.345304727554321289e+00,-3.020828008651733398e+00,6.363546252250671387e-01,-1.675020754337310791e-01,-6.688178181648254395e-01,-9.764377027750015259e-02,-1.464666485786437988e+00,1.420520067214965820e+00,1.965028047561645508e+00,-5.128473043441772461e-01,-2.664289951324462891e+00,4.173437356948852539e-01,2.871980667114257812e+00,1.855764508247375488e+00,-5.395842343568801880e-02,-9.270957857370376587e-02,-3.395524263381958008e+00,-1.918313503265380859e+00,-2.270915985107421875e+00,-4.070464372634887695e-01,-1.117977499961853027e+00,-2.460230439901351929e-01,2.492378056049346924e-01,2.332479000091552734e+00,-1.466180205345153809e+00,-5.844660848379135132e-02,-1.617740631103515625e+00,4.018851220607757568e-01,-4.110746383666992188e+00,3.088423490524291992e+00,-1.458558559417724609e+00,-2.498422414064407349e-01,-4.280548095703125000e-01,-3.487182557582855225e-01,-2.141203165054321289e+00,-2.973538398742675781e+00,9.119734764099121094e+00,-8.457170724868774414e-01,8.834422826766967773e-01,-1.346983551979064941e+00,-3.876203000545501709e-01,5.500830173492431641e+00
-1.846838928759098053e-02,-4.948928020894527435e-03,2.066597700119018555e+00,-5.621849894523620605e-01,2.982601642608642578e+00,-2.728618621826171875e+00,6.776272654533386230e-01,-2.234375715255737305e+00,3.683162927627563477e+00,1.138198375701904297e+01,6.034688949584960938e-01,3.809365630149841309e-01,1.171409130096435547e+00,1.426462292671203613e+00,-3.335528373718261719e-01,-3.295919656753540039e+00,-2.271421909332275391e+00,2.468280196189880371e-01,-1.052626013755798340e+00,-2.317623376846313477e+00,-9.796427488327026367e-01,-1.648827791213989258e+00,-2.207551717758178711e+00,4.729556664824485779e-02,-2.192480087280273438e+00,1.680467724800109863e+00,-6.570959091186523438e-01,4.553890824317932129e-01,1.080779314041137695e+00,-2.730401754379272461e+00,-7.962297797203063965e-01,3.092845439910888672e+00,-2.213190317153930664e+00,7.891812920570373535e-01,-9.029680490493774414e-01,-2.591305494308471680e+00,-8.723185062408447266e-01,2.708129882812500000e-01,-9.670621156692504883e-01,1.543515205383300781e+00,7.496963500976562500e+00,-1.743839979171752930e+00,-1.737377405166625977e+00,-2.565431594848632812e+00,2.375480413436889648e+00,9.386937618255615234e-01,-1.201342582702636719e+00,-4.897415339946746826e-01,1.223002195358276367e+00,-1.412119507789611816e+00,-1.846292614936828613e+00,-2.140311002731323242e+00,7.005377292633056641e+00,1.469953656196594238e+00,-4.069779396057128906e+00,-1.732298970222473145e+00,-5.153489112854003906e-01,4.953521251678466797e+00,-1.484510004520416260e-01,-8.057115674018859863e-01,-2.148789405822753906e+00,-9.842307567596435547e-01,8.382717967033386230e-01,-1.427083730697631836e+00,-1.482337117195129395e+00,-1.433352530002593994e-01,4.561252593994140625e-01,1.129481911659240723e+00,-2.820317745208740234e+00,7.309298515319824219e-01,6.061182618141174316e-01,-1.620180606842041016e+00,-1.585091948509216309e+00,2.367331683635711670e-01,9.631131291389465332e-01,1.234086632728576660e+00,-2.871002852916717529e-01,2.571321487426757812e+00,-4.958997070789337158e-01,9.614633023738861084e-02,2.069184541702270508e+00,-5.106641292572021484e+00,-1.678845524787902832e+00,1.315417289733886719e+00,-9.292275309562683105e-01,-1.260741233825683594e+00,-3.274044990539550781e+00,-1.232977509498596191e+00,-1.535827636718750000e+00,1.420135021209716797e+00,1.115091919898986816e+00,-2.127393007278442383e+00,-1.039314389228820801e+00,-6.587083339691162109e-01,1.765279769897460938e+00,-3.772673010826110840e-01,-1.058445572853088379e+00,-1.327894926071166992e+00,-1.999972462654113770e+00,2.339305162429809570e+00
-2.526522576808929443e-01,-2.768140792846679688e+00,-1.292576789855957031e+00,1.315550684928894043e+00,-1.912219285964965820e+00,3.123521566390991211e+00,-1.449052572250366211e+00,1.885076165199279785e-01,1.597884297370910645e+00,-1.306370258331298828e+00,-7.686308026313781738e-01,3.659290552139282227e+00,-9.198799133300781250e-01,-8.303819298744201660e-01,-4.229444265365600586e-01,-1.021945953369140625e+00,-5.241796374320983887e-01,1.984817385673522949e+00,-3.230436563491821289e+00,-6.046437025070190430e-01,-9.982197284698486328e-01,-2.495297908782958984e+00,-2.312132120132446289e+00,-1.805013179779052734e+00,4.134164810180664062e+00,-3.554912805557250977e+00,8.202347159385681152e-01,3.060737371444702148e+00,-9.131577014923095703e-01,1.035549879074096680e+00,7.035039424896240234e+00,4.084470272064208984e+00,-2.107001304626464844e+00,5.414933562278747559e-01,2.117531299591064453e+00,-1.766174733638763428e-01,6.272657394409179688e+00,-7.919940948486328125e-01,-2.364465147256851196e-01,-3.248033761978149414e+00,-1.469097852706909180e+00,2.812415361404418945e-01,-3.122961707413196564e-02,-2.746662199497222900e-01,-1.145077228546142578e+00,3.474903106689453125e-01,-1.908663272857666016e+00,-1.416722416877746582e+00,1.899117827415466309e+00,-2.342693090438842773e+00,-4.511723995208740234e+00,-2.534743070602416992e+00,8.058954477310180664e-01,-1.496037125587463379e+00,-2.262009620666503906e+00,-3.135410547256469727e+00,6.607673764228820801e-01,-1.398291826248168945e+00,-4.422127604484558105e-01,-7.993731498718261719e-01,3.194417476654052734e+00,1.089110136032104492e+00,-1.662600159645080566e+00,-2.099764823913574219e+00,-4.787629246711730957e-01,4.623702049255371094e+00,2.815032243728637695e+00,-3.528338670730590820e+00,-4.330128192901611328e+00,3.729626655578613281e+00,7.393620014190673828e-01,-7.904858589172363281e-01,1.497295796871185303e-01,4.414692878723144531e+00,1.578418254852294922e+00,-2.505570411682128906e+00,-4.450131893157958984e+00,5.244135856628417969e-01,1.160132050514221191e+00,-1.205240726470947266e+00,-2.080443620681762695e+00,-1.517993211746215820e+00,-2.433663368225097656e+00,2.676384523510932922e-02,-2.370628118515014648e+00,-2.220603227615356445e+00,-2.729183673858642578e+00,-2.037385940551757812e+00,-1.670163989067077637e+00,2.824689626693725586e+00,4.173685550689697266e+00,-2.980056762695312500e+00,-4.197978019714355469e+00,-1.878493785858154297e+00,-1.521767377853393555e-01,6.587060093879699707e-01,-1.803405404090881348e+00,4.950021803379058838e-01,2.532311201095581055e+00,1.252881050109863281e+00
6.405601501464843750e-01,-8.718318939208984375e-01,-1.293006896972656250e+00,1.654199719429016113e+00,-1.600839018821716309e+00,-1.836661398410797119e-01,1.027749538421630859e+00,-2.734188079833984375e+00,-8.083997368812561035e-01,4.681045532226562500e+00,1.713358402252197266e+00,1.032046437263488770e+00,2.426189899444580078e+00,-1.427375793457031250e+00,-1.509851217269897461e+00,-2.873348474502563477e+00,-1.272071123123168945e+00,-9.588165283203125000e-01,-2.078998804092407227e+00,1.474842667579650879e+00,1.517183780670166016e+00,-1.578332543373107910e+00,-3.908198475837707520e-01,-2.361332893371582031e+00,-2.758252143859863281e+00,1.470874428749084473e+00,-1.197874069213867188e+00,1.687892317771911621e+00,1.275644600391387939e-01,-7.843200564384460449e-01,2.491255283355712891e+00,6.094916820526123047e+00,-4.941534698009490967e-01,-1.633896589279174805e+00,-4.342674016952514648e-01,-2.732059478759765625e+00,-5.611648559570312500e-01,2.172303676605224609e+00,5.987854003906250000e-01,7.984846830368041992e-03,6.473965644836425781e-01,3.430202901363372803e-01,7.683653831481933594e+00,-2.021055936813354492e+00,2.848473787307739258e-01,-9.149305224418640137e-01,-2.127054929733276367e+00,1.465584039688110352e+00,3.589944601058959961e+00,-1.756421327590942383e+00,-2.181372880935668945e+00,-2.056778430938720703e+00,3.552215993404388428e-01,5.422343730926513672e+00,7.699754834175109863e-01,-2.850103616714477539e+00,4.742780685424804688e+00,3.470720052719116211e+00,-1.804794669151306152e+00,8.568936586380004883e-01,-2.083386898040771484e+00,3.112828731536865234e+00,4.245782643556594849e-02,-1.122069120407104492e+00,-1.424353599548339844e+00,3.563534975051879883e+00,7.333045482635498047e+00,-1.533182859420776367e+00,-2.843643188476562500e+00,1.991356968879699707e+00,-4.259046316146850586e-01,1.264916896820068359e+00,-2.202208757400512695e+00,-2.365985214710235596e-01,-4.328964650630950928e-01,6.921848058700561523e-01,-5.903042793273925781e+00,3.964810848236083984e+00,2.282837152481079102e+00,-1.855365872383117676e+00,1.554428935050964355e+00,-3.194442987442016602e+00,-2.305972576141357422e+00,1.014820337295532227e+00,-1.960353702306747437e-01,-6.408948451280593872e-02,-2.762681484222412109e+00,-2.048886299133300781e+00,-1.815205365419387817e-01,1.106257915496826172e+00,3.288514018058776855e-01,-3.697983622550964355e-01,-2.928844213485717773e+00,1.363853514194488525e-01,-2.160439252853393555e+00,1.377199888229370117e+00,-3.683077335357666016e+00,-5.564358234405517578e-01,4.032556116580963135e-01,2.532410860061645508e+00
-2.067887067794799805e+00,-1.934959053993225098e+00,-5.602562427520751953e-01,2.344889640808105469e+00,4.107073545455932617e-01,2.956991195678710938e+00,-8.372874259948730469e-01,-9.203752875328063965e-01,1.353853464126586914e+00,1.846567988395690918e+00,2.464313030242919922e+00,1.132558465003967285e+00,-1.923629641532897949e+00,-3.168038129806518555e+00,1.683538913726806641e+00,-1.280582070350646973e+00,-1.420993208885192871e+00,7.466437816619873047e-01,4.816720783710479736e-01,-3.628686368465423584e-01,-4.914837777614593506e-01,-2.135539531707763672e+00,-2.048061192035675049e-01,-2.770479679107666016e+00,-7.958142757415771484e-01,5.532121062278747559e-01,1.463551878929138184e+00,5.824000835418701172e-01,1.241967603564262390e-01,8.179885149002075195e-01,1.917993187904357910e+00,6.675401687622070312e+00,5.062980055809020996e-01,2.894500017166137695e+00,9.333997368812561035e-01,-1.352850914001464844e+00,1.335500597953796387e+00,2.098335266113281250e+00,-1.155432611703872681e-01,-3.303801059722900391e+00,-3.595829963684082031e+00,-9.927272200584411621e-01,-1.298429608345031738e+00,-2.030418157577514648e+00,1.249875164031982422e+01,-1.667512536048889160e+00,-2.236371517181396484e+00,-1.714783787727355957e+00,3.806271791458129883e+00,-4.534492492675781250e+00,-3.244484663009643555e+00,-1.819697618484497070e+00,6.654675006866455078e-01,3.505663871765136719e-01,-2.176181375980377197e-01,-1.087199807167053223e+00,-1.115790605545043945e+00,-1.358262538909912109e+00,-2.856348037719726562e+00,-1.038158416748046875e+00,7.533350586891174316e-01,1.659409105777740479e-01,1.485769629478454590e+00,-2.216209173202514648e+00,-2.623798608779907227e+00,2.267388820648193359e+00,1.787014722824096680e+00,-1.385471075773239136e-01,-4.314281463623046875e+00,5.489454865455627441e-01,-8.550729751586914062e-01,1.116321325302124023e+00,-8.272369503974914551e-01,3.358301401138305664e+00,-1.368053913116455078e+00,-2.149844884872436523e+00,-3.428930282592773438e+00,5.378484725952148438e-01,2.354323863983154297e+00,-1.126199364662170410e+00,-2.158467769622802734e+00,-2.854769118130207062e-02,7.850359678268432617e-01,-2.564583778381347656e+00,-3.328084707260131836e+00,-7.891004085540771484e-01,2.884189411997795105e-02,-9.606780111789703369e-02,1.808529973030090332e+00,8.434779047966003418e-01,3.260460376739501953e+00,2.769416570663452148e+00,-3.435841798782348633e+00,-5.624452829360961914e-01,-2.416742563247680664e+00,-6.780366599559783936e-02,-1.400411248207092285e+00,-1.407802820205688477e+00,4.830506443977355957e-02,-2.608228027820587158e-01
-4.422408640384674072e-01,3.504415452480316162e-01,3.488206863403320312e+00,1.006437540054321289e+00,1.695148646831512451e-01,-2.423927068710327148e+00,3.843492507934570312e+00,-3.243281364440917969e+00,-8.159655928611755371e-01,1.567905235290527344e+01,-2.416658878326416016e+00,-3.730744421482086182e-01,2.064057826995849609e+00,-3.927073255181312561e-02,5.240715295076370239e-02,-2.764123678207397461e+00,-9.634254574775695801e-01,-1.930076837539672852e+00,-1.125267028808593750e+00,-1.294228553771972656e+00,-1.587602853775024414e+00,-1.493075370788574219e+00,-1.229105591773986816e+00,2.474367469549179077e-01,-2.216723203659057617e+00,3.876829147338867188e+00,1.368545293807983398e+00,1.432617306709289551e+00,2.339287519454956055e+00,-2.988888025283813477e+00,-1.462262421846389771e-01,5.919834136962890625e+00,-1.241024732589721680e+00,7.262850403785705566e-01,-1.113971233367919922e+00,-1.678256869316101074e+00,-2.053861618041992188e+00,2.259692907333374023e+00,2.000459671020507812e+00,2.047345399856567383e+00,2.687186479568481445e+00,4.985511004924774170e-01,-4.712645709514617920e-01,-2.627654790878295898e+00,3.009762167930603027e-01,7.300887703895568848e-01,1.217301487922668457e+00,3.444317817687988281e+00,1.066895574331283569e-01,-1.476230740547180176e+00,-5.302704572677612305e-01,-1.768497705459594727e+00,-3.535876050591468811e-02,4.559250771999359131e-01,-2.812168836593627930e+00,-2.359604358673095703e+00,-1.153990983963012695e+00,-1.347353458404541016e-01,3.589538931846618652e-01,-1.796662688255310059e+00,-2.826560735702514648e+00,-1.435996055603027344e+00,2.316867828369140625e+00,-2.473095893859863281e+00,-3.675599396228790283e-01,1.471092700958251953e+00,2.053392082452774048e-01,8.049180507659912109e-01,-1.854058265686035156e+00,3.822579383850097656e-01,6.075839996337890625e-01,-1.972941756248474121e+00,2.940886914730072021e-01,-1.205446243286132812e+00,1.347896337509155273e+00,7.605272531509399414e-01,1.400672793388366699e+00,1.780062466859817505e-01,1.441738009452819824e-01,-9.440053105354309082e-01,2.297047138214111328e+00,-4.196746826171875000e+00,-1.791482925415039062e+00,2.802224397659301758e+00,-3.071711361408233643e-01,-1.738757729530334473e+00,-7.048483490943908691e-01,-3.173564076423645020e-01,3.674984276294708252e-01,1.339313685894012451e-01,-7.113163471221923828e-01,-7.959079146385192871e-01,-1.019852310419082642e-01,1.339267730712890625e+00,8.327334523200988770e-01,-4.096943736076354980e-01,-1.070450901985168457e+00,-2.602547883987426758e+00,-1.513118028640747070e+00,2.631288528442382812e+00
-2.892407178878784180e+00,-2.878176450729370117e+00,-9.624235033988952637e-01,3.917354345321655273e-01,-1.391349315643310547e+00,2.459044456481933594e+00,-1.561586260795593262e+00,-7.688431143760681152e-01,1.226536750793457031e+00,-1.040709376335144043e+00,1.817923665046691895e+00,1.897454380989074707e+00,-3.578627407550811768e-01,-1.026422739028930664e+00,3.732326626777648926e-01,-2.484783172607421875e+00,-1.470386385917663574e+00,-9.437413811683654785e-01,-6.096619963645935059e-01,-1.553302884101867676e+00,1.525487422943115234e+00,-2.856436252593994141e+00,2.087093740701675415e-01,-1.434520244598388672e+00,1.340043663978576660e+00,-1.075319647789001465e+00,-1.144522905349731445e+00,2.103348016738891602e+00,-1.440626621246337891e+00,1.205358314514160156e+01,2.507038831710815430e+00,8.760108947753906250e+00,-7.682974934577941895e-01,6.224090233445167542e-03,-2.176102638244628906e+00,-2.267756700515747070e+00,-3.284465372562408447e-01,3.207389712333679199e-01,-1.572736382484436035e+00,-2.474753618240356445e+00,-2.199521303176879883e+00,1.887723922729492188e+00,4.095084667205810547e+00,1.864442825317382812e+00,2.501927375793457031e+00,3.969297111034393311e-01,-1.415041089057922363e+00,5.361871123313903809e-01,-7.789296507835388184e-01,-3.226997613906860352e+00,-1.850917696952819824e+00,-1.012272834777832031e+00,1.649258494377136230e+00,-8.953014612197875977e-01,1.609032034873962402e+00,-2.242122888565063477e+00,1.300068140029907227e+00,-2.547415971755981445e+00,-1.359894990921020508e+00,-1.542102098464965820e+00,2.885939359664916992e+00,-2.744069099426269531e+00,-1.242179274559020996e+00,-4.362967014312744141e+00,-3.173817873001098633e+00,5.779770016670227051e-01,1.765719056129455566e+00,-2.413912057876586914e+00,-2.934540748596191406e+00,2.395989418029785156e+00,-9.528636187314987183e-02,2.573920011520385742e+00,-3.636945247650146484e+00,2.067937135696411133e+00,-3.520043790340423584e-01,-3.104456424713134766e+00,-5.308361053466796875e+00,1.434654235839843750e+00,1.059759378433227539e+00,-5.741056799888610840e-01,1.422746419906616211e+00,-3.214800953865051270e-01,1.308444142341613770e+00,-2.241612434387207031e+00,-2.014611721038818359e+00,-4.065362736582756042e-03,-2.707765579223632812e+00,7.732993364334106445e-01,2.765247344970703125e+00,-2.141569137573242188e+00,2.102050542831420898e+00,1.813477993011474609e+00,-3.155478239059448242e+00,-2.514038085937500000e+00,-1.003554463386535645e+00,-2.836441397666931152e-01,-1.088756442070007324e+00,-1.627254009246826172e+00,4.760934352874755859e+00,1.132039546966552734e+00
-1.747521162033081055e+00,2.620660781860351562e+00,6.713130474090576172e-01,2.193614721298217773e+00,-7.585175633430480957e-01,-2.557672262191772461e+00,-1.367320656776428223e+00,-1.478358745574951172e+00,1.301413416862487793e+00,1.692679047584533691e+00,-3.604328393936157227e+00,-2.286463499069213867e+00,2.257298469543457031e+00,1.436307787895202637e+00,1.982433199882507324e+00,-1.545673131942749023e+00,9.700005650520324707e-01,-2.025658190250396729e-01,4.663372337818145752e-01,-2.277954965829849243e-01,-3.430451825261116028e-02,-4.025755524635314941e-01,-5.141168236732482910e-01,-5.712095499038696289e-01,-9.949974417686462402e-01,2.320076942443847656e+00,2.122822999954223633e+00,-1.281815648078918457e+00,-4.206558167934417725e-01,-1.316151499748229980e+00,-3.400071144104003906e+00,-2.828546524047851562e+00,2.586445569992065430e+00,9.325817823410034180e-01,7.775686979293823242e-01,-1.818213582038879395e+00,-7.652849555015563965e-01,-3.722702026367187500e+00,4.284817576408386230e-01,1.243805527687072754e+00,-3.343473374843597412e-01,-8.632397055625915527e-01,-1.644474864006042480e+00,1.209342360496520996e+00,-3.841561079025268555e-01,7.061180472373962402e-01,-9.521055221557617188e-02,-1.585821747779846191e+00,-2.618983507156372070e+00,2.085178494453430176e-01,1.275474929809570312e+01,5.511373043060302734e+00,-6.313967108726501465e-01,-1.612001299858093262e+00,-3.275936365127563477e+00,-1.328271508216857910e+00,-2.286625146865844727e+00,-2.381460905075073242e+00,-1.566056013107299805e+00,7.632570862770080566e-01,-1.372250080108642578e+00,1.549493789672851562e+00,-2.813410282135009766e+00,1.156429409980773926e+00,2.700057744979858398e+00,1.627301096916198730e+00,-3.204898357391357422e+00,1.909559011459350586e+00,3.449363470077514648e+00,-5.137105584144592285e-01,-7.115106582641601562e-01,-1.521332263946533203e+00,-3.198471665382385254e-01,-4.519762516021728516e+00,4.655043184757232666e-01,-3.912715613842010498e-02,5.619481563568115234e+00,-2.001958608627319336e+00,-3.147665977478027344e+00,6.618662476539611816e-01,2.975049495697021484e+00,-3.169015169143676758e+00,-1.515611171722412109e+00,-1.487020611763000488e+00,-8.714688420295715332e-01,4.514577686786651611e-01,-7.069409489631652832e-01,-6.178319454193115234e-01,-2.029157638549804688e+00,-4.136880874633789062e+00,1.568651050329208374e-01,-7.803868651390075684e-01,6.513183116912841797e-01,1.441123247146606445e+00,4.302570819854736328e-01,7.770506739616394043e-01,1.958635449409484863e-01,-2.965964317321777344e+00,-2.272109985351562500e-01,-4.888345003128051758e-01
-3.548561632633209229e-01,2.499754130840301514e-01,-5.915548801422119141e-01,-1.146393656730651855e+00,-3.064678981900215149e-02,1.857913851737976074e+00,-1.699990391731262207e+00,-1.000584006309509277e+00,2.765569448471069336e+00,6.258004903793334961e-01,-7.190418243408203125e-01,2.765697717666625977e+00,-1.936215758323669434e+00,-9.036444127559661865e-02,2.349138855934143066e-01,-3.462439477443695068e-01,-9.668812900781631470e-02,9.407231330871582031e+00,-2.214930057525634766e+00,1.454470008611679077e-01,2.576793134212493896e-01,-2.714010000228881836e+00,-2.060868978500366211e+00,-3.298768043518066406e+00,2.647353172302246094e+00,7.054759562015533447e-02,-1.374402403831481934e+00,2.666832447052001953e+00,1.824998259544372559e-01,-1.871286869049072266e+00,1.822178125381469727e+00,2.406437158584594727e+00,-1.583268165588378906e+00,1.087691783905029297e+00,-3.598833382129669189e-01,2.180619478225708008e+00,4.974175453186035156e+00,-1.207580566406250000e+00,-9.069293737411499023e-01,-2.621613264083862305e+00,-1.073592305183410645e+00,-3.822156488895416260e-01,-7.354190945625305176e-01,-1.702802300453186035e+00,4.045959711074829102e-01,-5.438396334648132324e-01,-1.494361996650695801e+00,-3.496582210063934326e-01,-5.247253552079200745e-02,-4.583513736724853516e+00,-3.262239456176757812e+00,-1.574092030525207520e+00,3.472153663635253906e+00,-3.141880035400390625e-01,-4.503686428070068359e+00,4.546838402748107910e-01,2.855941772460937500e+00,9.686520099639892578e-01,-5.704806447029113770e-01,7.588983774185180664e-01,1.696735024452209473e-01,4.567891597747802734e+00,1.239736676216125488e+00,-1.550582408905029297e+00,1.815893888473510742e+00,9.649638086557388306e-02,-8.491057753562927246e-01,-7.663948535919189453e-01,-2.575293540954589844e+00,2.335172414779663086e+00,-2.088575661182403564e-01,-1.882666349411010742e-01,1.803131461143493652e+00,2.617086887359619141e+00,3.393186926841735840e-01,1.736564636230468750e+00,-4.126608371734619141e+00,5.524055957794189453e-01,8.175559639930725098e-01,-9.190685302019119263e-02,-1.772967576980590820e+00,-2.849421024322509766e+00,-3.549998760223388672e+00,1.676215827465057373e-01,-2.716218709945678711e+00,-2.396223545074462891e+00,-4.060059547424316406e+00,-7.835801690816879272e-02,-1.788237094879150391e+00,2.463707774877548218e-01,7.886117458343505859e+00,-1.718601584434509277e+00,-3.152364492416381836e+00,-2.952505350112915039e+00,-2.583061456680297852e-01,-2.931271553039550781e+00,-2.442713022232055664e+00,2.971118092536926270e-01,-5.641156435012817383e-01,1.951941728591918945e+00
1.389627575874328613e+00,-1.931520581245422363e+00,-1.067955017089843750e+00,-9.886819869279861450e-02,5.700476646423339844e+00,2.397551536560058594e+00,-7.610448598861694336e-01,-1.084793090820312500e+00,-6.201673299074172974e-02,-2.114382505416870117e+00,-3.919428586959838867e+00,4.979571819305419922e+00,-2.433344364166259766e+00,-2.031646966934204102e+00,-1.098923236131668091e-01,1.054283022880554199e+00,-3.027035236358642578e+00,3.220448493957519531e+00,-3.049172163009643555e+00,4.988368973135948181e-02,6.550700962543487549e-02,-2.397029161453247070e+00,-8.098832964897155762e-01,2.356304168701171875e+00,3.299085855484008789e+00,3.471553325653076172e-01,-9.575314521789550781e-01,1.414512872695922852e+00,3.305597603321075439e-01,2.087604105472564697e-01,4.816235065460205078e+00,3.747163534164428711e+00,-2.408958971500396729e-01,-1.507560491561889648e+00,-1.622391343116760254e+00,3.804091215133666992e+00,2.270159423351287842e-01,2.145747900009155273e+00,-2.749211788177490234e+00,-4.479227066040039062e+00,-1.253997445106506348e+00,-1.000367641448974609e+00,-2.906632661819458008e+00,-9.602671265602111816e-01,4.102324545383453369e-01,-1.025371998548507690e-01,-1.804254174232482910e+00,-3.562523722648620605e-01,-2.980542421340942383e+00,-2.539437532424926758e+00,-3.284130334854125977e+00,7.291806936264038086e-01,1.053214311599731445e+00,-3.038954138755798340e-01,-2.707453966140747070e+00,2.740929841995239258e+00,1.616661436855792999e-02,-1.393946886062622070e+00,1.190732955932617188e+00,-1.050188779830932617e+00,9.740415811538696289e-01,-4.404648244380950928e-01,1.155161380767822266e+00,-1.225436449050903320e+00,-2.719476699829101562e+00,-8.572291135787963867e-01,-2.138144522905349731e-01,-3.515102714300155640e-02,-3.166301488876342773e+00,-1.840797781944274902e+00,3.580120503902435303e-01,-1.014763355255126953e+00,-1.525921463966369629e+00,8.359026908874511719e+00,2.155863761901855469e+00,-1.342749238014221191e+00,-3.476381778717041016e+00,-1.622801303863525391e+00,2.038824185729026794e-02,1.152940869331359863e+00,-1.464093923568725586e+00,9.064330160617828369e-02,-2.032995939254760742e+00,-2.652834892272949219e+00,-1.747451901435852051e+00,-3.556236028671264648e+00,1.426870584487915039e+00,3.552524149417877197e-01,-2.972711063921451569e-02,5.730826407670974731e-03,-2.694243490695953369e-01,-9.826649427413940430e-01,-3.636798381805419922e+00,-1.002777665853500366e-01,-1.413458824157714844e+00,-3.688211917877197266e+00,8.676530838012695312e+00,1.121902942657470703e+00,-2.172560214996337891e+00,-2.570371627807617188e-01
1.805261135101318359e+00,-1.962635397911071777e+00,-1.328181266784667969e+00,1.480297207832336426e+00,1.231827974319458008e+00,1.850084900856018066e+00,-1.070638895034790039e+00,3.367640376091003418e-01,-7.693606019020080566e-01,-2.738074541091918945e+00,-3.931691944599151611e-01,4.201941013336181641e+00,-2.955708265304565430e+00,-8.639473319053649902e-01,2.692598342895507812e+00,3.059116303920745850e-01,-1.094020605087280273e+00,4.342315196990966797e+00,-4.171666622161865234e+00,-4.533819854259490967e-01,3.786981582641601562e+00,4.332890987396240234e+00,-3.674959421157836914e+00,-3.455645799636840820e+00,1.272967720031738281e+01,6.147651672363281250e-01,-3.134199976921081543e-01,3.175860404968261719e+00,-3.955547213554382324e-01,-7.413433790206909180e-01,1.274016141891479492e+00,-1.052879095077514648e+00,-9.111661911010742188e-01,2.922904968261718750e+00,-1.468630075454711914e+00,2.207213163375854492e+00,3.090519666671752930e+00,-2.640145123004913330e-01,-1.393648982048034668e+00,-3.088577270507812500e+00,5.589501857757568359e-01,-1.394526600837707520e+00,1.434677124023437500e+00,-2.660673379898071289e+00,-2.533695936203002930e+00,-7.937206029891967773e-01,-1.603829860687255859e+00,-3.298768103122711182e-01,-1.925968647003173828e+00,-2.872055292129516602e+00,-1.048708796501159668e+00,7.479425072669982910e-01,-3.853795230388641357e-01,-2.095942735671997070e+00,-4.215040683746337891e+00,2.584132432937622070e+00,-2.007320076227188110e-01,-1.000321745872497559e+00,8.274807333946228027e-01,3.460514783859252930e+00,1.836702346801757812e+00,2.937166452407836914e+00,-1.042418718338012695e+00,-1.073473215103149414e+00,5.266650915145874023e-01,1.636080622673034668e+00,2.375690788030624390e-01,-1.313408970832824707e+00,-4.031946659088134766e+00,1.217649221420288086e+00,3.944945633411407471e-01,-1.364671826362609863e+00,-1.217251777648925781e+00,1.767361879348754883e+00,2.511678218841552734e+00,-2.374061584472656250e+00,-3.827091455459594727e+00,4.314146041870117188e+00,5.138288140296936035e-01,3.226733922958374023e+00,-2.857744932174682617e+00,-7.425900101661682129e-01,-2.016959428787231445e+00,1.289767265319824219e+00,-4.290494024753570557e-01,-2.200819492340087891e+00,-2.151746511459350586e+00,-9.088649153709411621e-01,-4.948884546756744385e-01,6.736479997634887695e-01,2.132232189178466797e+00,-3.188314199447631836e+00,-2.167731523513793945e+00,-2.359113693237304688e+00,-1.806229352951049805e+00,-8.861481547355651855e-01,-1.594348788261413574e+00,1.122983574867248535e+00,2.993418276309967041e-01,-1.452587962150573730e+00
-2.789318561553955078e+00,3.380655765533447266e+00,1.286074519157409668e+00,-1.866982221603393555e+00,1.276939392089843750e+00,2.137949228286743164e+00,-1.715109586715698242e+00,2.214046418666839600e-01,1.570932567119598389e-01,5.016819015145301819e-02,1.157757878303527832e+00,-5.803979635238647461e-01,-3.450426816940307617e+00,1.425716018676757812e+01,3.048987865447998047e+00,-5.632153153419494629e-01,2.652043402194976807e-01,8.444092869758605957e-01,9.438028335571289062e-01,-4.483373641967773438e+00,8.678517937660217285e-01,3.780698776245117188e-01,6.012760996818542480e-01,-6.041685938835144043e-01,-1.471457183361053467e-01,-9.588319659233093262e-01,1.280504345893859863e+00,1.362744092941284180e+00,-2.673139810562133789e+00,6.724352389574050903e-02,-1.085578560829162598e+00,-5.375978350639343262e-01,-7.570134997367858887e-01,-2.116004467010498047e+00,-7.950398325920104980e-01,2.061503678560256958e-01,1.091311216354370117e+00,1.467771977186203003e-01,-4.459647655487060547e+00,2.531645059585571289e+00,1.271903753280639648e+00,-2.251675128936767578e+00,-2.040327787399291992e+00,-2.613876819610595703e+00,1.150013446807861328e+00,5.219581127166748047e-01,-6.101344823837280273e-01,-2.460711956024169922e+00,2.693550661206245422e-02,-2.757232487201690674e-01,-1.214904069900512695e+00,-1.843221783638000488e+00,3.251462697982788086e+00,5.586108207702636719e+00,-1.217882275581359863e+00,-1.530038475990295410e+00,-7.562847435474395752e-02,3.352522373199462891e+00,-2.199905514717102051e-01,-1.485044807195663452e-01,1.177906513214111328e+00,-1.556444287300109863e+00,6.990978717803955078e-01,-3.323676586151123047e+00,-8.443630933761596680e-01,-1.034983038902282715e+00,-3.684539318084716797e+00,-2.703148365020751953e+00,-8.559179306030273438e-01,-1.554439544677734375e+00,-3.745342791080474854e-01,-1.929638504981994629e+00,-2.074199676513671875e+00,-7.566497921943664551e-01,1.087493419647216797e+00,-8.368455171585083008e-01,2.658008813858032227e+00,1.049854040145874023e+00,-1.216521143913269043e+00,-1.652208328247070312e+00,3.178842544555664062e+00,-1.199048280715942383e+00,1.830599904060363770e+00,-1.710806965827941895e+00,4.112167358398437500e+00,-2.195430517196655273e+00,-7.312890291213989258e-01,-2.637599468231201172e+00,-1.822270512580871582e+00,3.224377632141113281e+00,2.571346759796142578e-01,1.111828327178955078e+00,-3.954449594020843506e-01,3.357678055763244629e-01,-2.961498260498046875e+00,-7.204453349113464355e-01,-1.200018167495727539e+00,-1.412210702896118164e+00,-2.176906824111938477e+00,2.465591430664062500e-01
4.068483114242553711e-01,1.989171147346496582e+00,-5.978133678436279297e-01,1.143654361367225647e-01,-2.201957404613494873e-01,-1.706448674201965332e+00,-1.367739915847778320e+00,4.541373729705810547e+00,3.061033785343170166e-01,1.171447485685348511e-01,-2.418695211410522461e+00,2.213237762451171875e+00,-3.075242519378662109e+00,-8.113875389099121094e-01,4.496602058410644531e+00,-2.011911153793334961e+00,2.302833944559097290e-01,6.443657875061035156e-01,-3.334271430969238281e+00,-1.166216731071472168e+00,5.184319496154785156e+00,-1.612161755561828613e+00,-1.533059835433959961e+00,-1.389103531837463379e+00,-8.667519688606262207e-01,3.170562982559204102e-01,3.709086775779724121e-01,3.883356332778930664e+00,2.348384857177734375e+00,-4.241775512695312500e+00,-4.690309762954711914e-01,2.535569190979003906e+00,-1.645578622817993164e+00,-1.409428715705871582e+00,1.432484030723571777e+00,-5.541452765464782715e-01,1.623230099678039551e+00,-4.006642818450927734e+00,9.043455719947814941e-01,-2.049979448318481445e+00,4.514482915401458740e-01,3.469173431396484375e+00,1.182889699935913086e+00,-2.452038288116455078e+00,-1.702463269233703613e+00,-1.438452363014221191e+00,-2.042773962020874023e+00,7.225605845451354980e-01,2.402608633041381836e+00,-2.038453102111816406e+00,-3.454568624496459961e+00,-3.427635908126831055e+00,-1.732792258262634277e-01,2.366678714752197266e+00,-2.276415586471557617e+00,-1.461414694786071777e+00,5.126031398773193359e+00,4.325747966766357422e+00,-1.732456088066101074e+00,4.721041768789291382e-02,1.251932144165039062e+00,1.175205612182617188e+01,1.072116971015930176e+00,3.666074872016906738e-01,1.287909150123596191e-01,3.520594596862792969e+00,-2.641762733459472656e+00,8.508479595184326172e-01,-1.541907668113708496e+00,1.211349487304687500e+00,9.262872934341430664e-01,-1.380279064178466797e+00,9.090449810028076172e-01,2.393744736909866333e-01,-1.645158290863037109e+00,1.047981619834899902e+00,-3.712677478790283203e+00,1.875494956970214844e+00,6.155024766921997070e-01,-2.492161467671394348e-03,-2.435377597808837891e+00,-3.225369453430175781e+00,-4.076795101165771484e+00,6.940885186195373535e-01,-1.088245868682861328e+00,1.228667974472045898e+00,-3.287744045257568359e+00,-4.510588347911834717e-01,-1.930582821369171143e-01,2.473542928695678711e+00,2.035796642303466797e-01,-1.317381739616394043e+00,-2.191164255142211914e+00,-2.771804571151733398e+00,-1.110913753509521484e+00,-1.242996692657470703e+00,-2.937950134277343750e+00,4.619983956217765808e-03,1.082506537437438965e+00,1.133333444595336914e+00
2.277752399444580078e+00,-2.179683893918991089e-01,-3.602575063705444336e-01,-2.099131107330322266e+00,1.764068752527236938e-02,-2.254134654998779297e+00,-2.098522663116455078e+00,-2.524397850036621094e+00,9.203798770904541016e-01,2.398814201354980469e+00,-1.707846283912658691e+00,2.280842304229736328e+00,4.350303649902343750e+00,1.122416377067565918e+00,4.593485593795776367e-01,-4.170076370239257812e+00,3.642407655715942383e-01,-2.689803838729858398e+00,-1.423872232437133789e+00,-3.385826826095581055e+00,-1.406949996948242188e+00,-9.538400173187255859e-01,1.663953900337219238e+00,4.717381298542022705e-01,8.358789235353469849e-02,-1.870924592018127441e+00,-5.145074799656867981e-02,1.303381443023681641e+00,2.981545686721801758e+00,1.478832364082336426e+00,4.466555714607238770e-01,5.808319091796875000e+00,-2.838656902313232422e+00,-1.911416888236999512e+00,-2.065851688385009766e-01,-3.910429954528808594e+00,-2.556925296783447266e+00,-8.977360129356384277e-01,5.206877589225769043e-01,1.035593891143798828e+01,2.022973060607910156e+00,-1.446446776390075684e+00,-9.757623076438903809e-01,-2.318104028701782227e+00,-1.352600097656250000e+00,-6.958004832267761230e-01,-3.406283855438232422e+00,-1.502253293991088867e+00,-1.320311278104782104e-01,-5.835301280021667480e-01,-3.800475835800170898e+00,-2.587131500244140625e+00,9.427711963653564453e-01,1.959290504455566406e+00,1.565182566642761230e+00,7.379362732172012329e-02,3.447652459144592285e-01,-1.490381479263305664e+00,1.876320004463195801e+00,-9.370560646057128906e-01,-1.288241147994995117e+00,-4.547290503978729248e-01,1.177636384963989258e+00,-3.091213464736938477e+00,-1.489872634410858154e-01,1.681321561336517334e-01,8.781054615974426270e-01,-1.874191999435424805e+00,-3.224146366119384766e+00,7.817640900611877441e-01,3.521875858306884766e+00,3.208488523960113525e-01,-1.364655613899230957e+00,1.905605196952819824e+00,5.475404262542724609e-01,1.973226189613342285e+00,-2.280052900314331055e+00,-3.096990108489990234e+00,6.983963012695312500e+00,-1.475114345550537109e+00,1.269076913595199585e-01,-4.766776084899902344e+00,-2.353697776794433594e+00,2.785732030868530273e+00,-6.329789161682128906e-01,-8.166173100471496582e-02,-3.999202013015747070e+00,-1.634017944335937500e+00,-1.891526818275451660e+00,2.690607786178588867e+00,-3.441399037837982178e-01,-3.055536508560180664e+00,-1.446349143981933594e+00,-1.970150709152221680e+00,-6.346355676651000977e-01,2.874310970306396484e+00,-1.121495842933654785e+00,1.007555961608886719e+00,4.337084889411926270e-01,2.860205411911010742e+00
2.019639760255813599e-01,3.853813409805297852e-01,-2.003961086273193359e+00,-6.579813361167907715e-01,9.361357688903808594e-01,-3.135620355606079102e-01,2.659862995147705078e+00,9.711276888847351074e-01,-7.980594038963317871e-01,-6.011253595352172852e-01,-2.421163320541381836e+00,-7.213429212570190430e-01,-1.348694443702697754e+00,3.259947776794433594e+00,4.106665611267089844e+00,1.683629155158996582e-01,1.892282485961914062e+00,1.411315917968750000e+00,-1.604110240936279297e+00,2.376788854598999023e+00,1.078313231468200684e+00,1.443351149559020996e+00,1.678958535194396973e+00,-2.032884597778320312e+00,9.006811380386352539e-01,-2.030140161514282227e+00,2.462422609329223633e+00,2.784411907196044922e+00,-4.685378819704055786e-02,-2.315760374069213867e+00,1.584082722663879395e+00,-1.413374781608581543e+00,-3.404108583927154541e-01,-5.087731361389160156e+00,-5.826435685157775879e-01,3.942911386489868164e+00,-2.251644432544708252e-01,2.432058095932006836e+00,-4.210525751113891602e-01,1.399483799934387207e+00,-2.300924211740493774e-01,2.466716468334197998e-01,1.279058694839477539e+00,4.606458246707916260e-01,-1.903197050094604492e+00,2.627966165542602539e+00,-1.442201852798461914e+00,1.609413743019104004e+00,-1.328234195709228516e+00,-1.209634661674499512e+00,-2.683642864227294922e+00,-1.993531823158264160e+00,2.370930016040802002e-01,-1.133617088198661804e-01,-9.569802284240722656e-01,-1.910842537879943848e+00,1.969203114509582520e+00,1.372797012329101562e+00,2.635110378265380859e+00,3.555722951889038086e+00,6.333428621292114258e-01,4.576179683208465576e-01,1.583880633115768433e-01,-1.584808349609375000e+00,-1.003066301345825195e+00,1.591914772987365723e+00,-7.286231517791748047e-01,-3.199315547943115234e+00,-3.122921466827392578e+00,-2.375935554504394531e+00,-2.548424720764160156e+00,1.251862764358520508e+00,1.717112660408020020e+00,-9.515458345413208008e-01,-9.123986959457397461e-01,-1.396167159080505371e+00,8.917083144187927246e-01,3.683324098587036133e+00,-3.037637233734130859e+00,-1.154048323631286621e+00,-4.586417675018310547e+00,1.480491161346435547e-01,1.331131756305694580e-01,-1.966739416122436523e+00,1.584664821624755859e+01,-2.462465524673461914e+00,-3.170863986015319824e-01,-1.431243062019348145e+00,1.615182608366012573e-01,1.025571823120117188e+00,-2.644706964492797852e+00,-6.473531126976013184e-01,-2.125591993331909180e+00,4.597826302051544189e-02,-3.916975736618041992e+00,-1.583952307701110840e+00,-1.546326637268066406e+00,3.888857364654541016e+00,-1.635829806327819824e+00,-1.309927105903625488e+00
1.403615474700927734e+01,-2.173665285110473633e+00,-1.218843832612037659e-01,-3.291060924530029297e-01,1.954026103019714355e+00,1.114313006401062012e+00,-5.050068497657775879e-01,5.343783497810363770e-01,-5.766766667366027832e-01,-3.782464027404785156e+00,-1.105157732963562012e+00,3.315090656280517578e+00,-2.899863958358764648e+00,-1.483238101005554199e+00,8.750092387199401855e-01,-2.975496292114257812e+00,-1.150848627090454102e+00,-4.915660023689270020e-01,-1.535411477088928223e+00,3.006501793861389160e-01,1.053423523902893066e+00,-1.896591067314147949e+00,-2.396493673324584961e+00,-3.112849295139312744e-01,6.634359359741210938e-01,-2.130301475524902344e+00,1.218335986137390137e+00,1.000634551048278809e+00,1.472161531448364258e+00,-1.113997459411621094e+00,1.487960100173950195e+00,-6.253005862236022949e-01,-1.957130193710327148e+00,-8.815557956695556641e-01,-7.739285826683044434e-01,9.724992513656616211e-01,-1.386815190315246582e+00,2.920104980468750000e+00,-2.013889312744140625e+00,-5.655493736267089844e-01,1.290415883064270020e+00,3.926242887973785400e-01,-1.773439645767211914e-01,1.977756142616271973e+00,-3.052618980407714844e+00,-1.327154040336608887e+00,-3.472070932388305664e+00,-8.179643154144287109e-01,-1.199483633041381836e+00,-3.986458480358123779e-01,-1.842525601387023926e+00,2.593222618103027344e+00,-2.325948476791381836e+00,-3.664415776729583740e-01,1.745766401290893555e-02,-1.735178232192993164e+00,1.909521102905273438e+00,5.613794326782226562e-01,1.607153534889221191e+00,3.965442478656768799e-01,-5.112485289573669434e-01,9.069051742553710938e-01,-1.264993309974670410e+00,1.188909530639648438e+00,-7.014759778976440430e-01,2.207818031311035156e-01,9.248387813568115234e-01,-2.408982276916503906e+00,-1.278038501739501953e+00,5.245503783226013184e-01,-1.806151270866394043e+00,6.651697754859924316e-01,-4.644312709569931030e-02,2.973658323287963867e+00,-5.557482838630676270e-01,-1.411589384078979492e+00,-3.434024810791015625e+00,-2.428130991756916046e-02,1.555779576301574707e+00,-3.421340584754943848e-01,-2.007705688476562500e+00,-1.662513017654418945e+00,-1.778314709663391113e+00,2.522526383399963379e-01,-9.335104823112487793e-01,8.926755785942077637e-01,-4.519099235534667969e+00,4.019120335578918457e-02,-1.177407622337341309e+00,5.056716918945312500e+00,4.854504484683275223e-03,-1.582146644592285156e+00,-1.552912712097167969e+00,-4.447056293487548828e+00,1.803227424621582031e+00,7.589072734117507935e-02,3.467400074005126953e-01,3.461106121540069580e-01,5.374087691307067871e-01,-1.012928009033203125e+00
1.403810214996337891e+01,-2.111767768859863281e+00,9.851337224245071411e-02,-1.145809069275856018e-01,4.459282457828521729e-01,-2.775112167000770569e-02,-4.335888922214508057e-01,1.103590726852416992e-01,-1.944615840911865234e-01,-2.781557559967041016e+00,-2.828878760337829590e-01,2.687354803085327148e+00,-3.204796552658081055e+00,-1.526030778884887695e+00,1.437664866447448730e+00,-2.704451799392700195e+00,-8.543213009834289551e-01,-1.009050011634826660e+00,-1.770984053611755371e+00,-1.543922871351242065e-01,1.014428853988647461e+00,-1.725648880004882812e+00,-2.544723987579345703e+00,-6.443993449211120605e-01,8.370913267135620117e-01,-2.331996440887451172e+00,2.336754322052001953e+00,1.161813974380493164e+00,1.978247165679931641e+00,-1.170472145080566406e+00,9.958276152610778809e-01,-5.206202268600463867e-01,-2.507200479507446289e+00,2.611690759658813477e-01,6.185993924736976624e-02,3.225255310535430908e-01,-8.467487096786499023e-01,1.756540656089782715e+00,-9.923416376113891602e-01,3.491293191909790039e-01,1.311844229698181152e+00,1.755355447530746460e-01,-4.591331630945205688e-02,1.809148192405700684e+00,-3.119187831878662109e+00,-1.837086558341979980e+00,-3.494755029678344727e+00,-2.029329836368560791e-01,-1.624690651893615723e+00,6.228933334350585938e-01,-1.627897739410400391e+00,1.373751163482666016e+00,-3.078425645828247070e+00,-4.168087542057037354e-01,-1.118512377142906189e-01,-1.641484498977661133e+00,1.402512907981872559e+00,-1.382256299257278442e-02,1.322130441665649414e+00,-6.383602023124694824e-01,-8.803531527519226074e-01,1.606531977653503418e+00,-1.254881501197814941e+00,1.600843191146850586e+00,6.022861599922180176e-01,1.041168689727783203e+00,1.620434969663619995e-01,-2.118399620056152344e+00,-6.781418919563293457e-01,1.671695351600646973e+00,-9.973770976066589355e-01,1.563684344291687012e-01,9.160308241844177246e-01,8.428002595901489258e-01,-1.027427196502685547e+00,-1.506900668144226074e+00,-2.287797689437866211e+00,7.776588201522827148e-01,1.833931446075439453e+00,-5.905624032020568848e-01,-1.876695156097412109e+00,-1.862008333206176758e+00,-2.611216306686401367e+00,2.393616199493408203e+00,-1.198628425598144531e+00,8.408238887786865234e-01,-5.802672863006591797e+00,-7.204867601394653320e-01,-1.237526059150695801e+00,4.808880329132080078e+00,-1.072655543684959412e-01,-1.879305005073547363e+00,-1.240127444267272949e+00,-4.298256874084472656e+00,3.175396203994750977e+00,1.139073729515075684e+00,-8.061208724975585938e-01,-5.211417078971862793e-01,8.131503462791442871e-01,2.601660788059234619e-01
1.402988719940185547e+01,-2.107952356338500977e+00,2.162304520606994629e-01,-3.228900134563446045e-01,2.747618257999420166e-01,3.216493874788284302e-03,-8.543813228607177734e-01,4.822089076042175293e-01,-2.253484129905700684e-01,-3.019960880279541016e+00,-4.065738916397094727e-01,2.582596302032470703e+00,-3.324813842773437500e+00,-1.239154338836669922e+00,1.277881503105163574e+00,-2.555744171142578125e+00,-8.895997405052185059e-01,-1.011221170425415039e+00,-1.814553856849670410e+00,-4.888983964920043945e-01,1.098495125770568848e+00,-1.884903550148010254e+00,-2.677045106887817383e+00,-6.606118083000183105e-01,1.004126191139221191e+00,-2.395827531814575195e+00,2.309867620468139648e+00,1.442090988159179688e+00,1.418339371681213379e+00,-1.015708088874816895e+00,1.063158512115478516e+00,-7.003304958343505859e-01,-2.398334741592407227e+00,-4.701603949069976807e-02,-9.216936305165290833e-04,2.780990004539489746e-01,-9.671091437339782715e-01,1.749402403831481934e+00,-1.504793047904968262e+00,4.218979775905609131e-01,1.495310902595520020e+00,3.966553807258605957e-01,5.219284445047378540e-02,2.127706050872802734e+00,-3.266698122024536133e+00,-1.706551313400268555e+00,-3.461029291152954102e+00,-2.907047569751739502e-01,-1.334576845169067383e+00,1.897225677967071533e-01,-1.544255495071411133e+00,1.172636866569519043e+00,-2.669954776763916016e+00,-1.572306603193283081e-01,4.446133971214294434e-02,-2.215305089950561523e+00,1.519032955169677734e+00,1.287679672241210938e-01,1.838111877441406250e+00,-4.668234586715698242e-01,-2.839514315128326416e-01,1.391497850418090820e+00,-1.480619311332702637e+00,1.280865430831909180e+00,2.664597630500793457e-01,8.412999510765075684e-01,1.853017657995223999e-01,-2.093605756759643555e+00,-1.193496942520141602e+00,1.514749288558959961e+00,-8.685142993927001953e-01,3.448677659034729004e-01,5.143622756004333496e-01,1.002950072288513184e+00,-7.140839695930480957e-01,-1.467000722885131836e+00,-2.372041940689086914e+00,7.906726598739624023e-01,1.190684556961059570e+00,-5.528305172920227051e-01,-1.850970029830932617e+00,-1.682514905929565430e+00,-1.823507070541381836e+00,1.847270250320434570e+00,-9.890120029449462891e-01,9.531896710395812988e-01,-5.772564411163330078e+00,-1.059044957160949707e+00,-1.112775444984436035e+00,5.638827323913574219e+00,-2.115571051836013794e-01,-1.645276665687561035e+00,-1.023159861564636230e+00,-4.091045856475830078e+00,2.861890316009521484e+00,1.004997849464416504e+00,-7.323899865150451660e-01,-6.873233318328857422e-01,8.321420550346374512e-01,-3.053026795387268066e-01
1.284042954444885254e+00,1.734870791435241699e+00,1.202464818954467773e+00,-1.003887534141540527e+00,7.880327701568603516e-01,7.166502952575683594e+00,-2.742089986801147461e+00,1.487503290176391602e+00,-1.193705081939697266e+00,-2.461901903152465820e+00,-2.306229352951049805e+00,1.807126283645629883e+00,-1.349831745028495789e-02,4.384044170379638672e+00,1.276474833488464355e+00,-2.511816978454589844e+00,-1.308702677488327026e-01,2.293800354003906250e+00,-1.981401741504669189e-01,-1.252091407775878906e+00,-1.633713960647583008e+00,-1.560577273368835449e+00,2.067538976669311523e+00,-1.831111431121826172e+00,7.432919740676879883e-01,-2.523118972778320312e+00,-3.204435586929321289e+00,1.387266755104064941e+00,-1.698692321777343750e+00,1.644625544548034668e+00,1.483762145042419434e+00,7.467134594917297363e-01,-3.389109075069427490e-01,-3.206954240798950195e+00,-2.185889482498168945e+00,-6.995930522680282593e-02,-6.806478500366210938e-01,2.028557062149047852e+00,-1.480141043663024902e+00,2.168578386306762695e+00,-4.652225375175476074e-01,-6.976115703582763672e-01,-8.326746821403503418e-01,-2.860638856887817383e+00,6.259337067604064941e-01,-1.546098738908767700e-01,-4.434463024139404297e+00,-3.508886098861694336e+00,2.639916181564331055e+00,-2.544762134552001953e+00,-4.996811389923095703e+00,-2.581184148788452148e+00,5.383590459823608398e-01,3.137713432312011719e+00,1.960416555404663086e+00,-3.088558912277221680e+00,3.984189033508300781e-01,1.586004972457885742e+00,3.523827791213989258e+00,2.091486215591430664e+00,4.165223598480224609e+00,-2.406578779220581055e+00,-8.980240821838378906e-01,-2.316649913787841797e+00,-2.904298305511474609e+00,8.386719226837158203e-02,1.220848917961120605e+00,-3.781181097030639648e+00,-5.629286766052246094e+00,-2.263285160064697266e+00,-5.918000340461730957e-01,3.289641618728637695e+00,-3.155161380767822266e+00,7.577086925506591797e+00,3.912757933139801025e-01,1.243547916412353516e+00,-2.122539520263671875e+00,-8.736029863357543945e-01,1.979671478271484375e+00,-1.510809540748596191e+00,-1.829923748970031738e+00,-1.563368439674377441e+00,1.985741257667541504e+00,-1.674090147018432617e+00,1.247855782508850098e+00,-1.066963553428649902e+00,-1.375558733940124512e+00,-2.419003963470458984e+00,7.883147597312927246e-01,8.852648735046386719e+00,1.949409008026123047e+00,2.430886983871459961e+00,-1.642484664916992188e+00,-1.296233177185058594e+00,-3.524357557296752930e+00,1.603221178054809570e+00,-1.860489010810852051e+00,1.921145796775817871e+00,8.464552164077758789e-01,-2.681853771209716797e+00
-1.020885229110717773e+00,5.422753810882568359e+00,1.676562666893005371e+00,1.243835091590881348e+00,2.534913063049316406e+00,-6.363940834999084473e-01,-3.316353559494018555e+00,1.128952383995056152e+00,4.517151713371276855e-01,-1.041141748428344727e+00,-2.808261156082153320e+00,-4.908119887113571167e-02,-3.698915541172027588e-01,-2.463907450437545776e-01,2.568526268005371094e-01,-6.793944239616394043e-01,-6.717470884323120117e-01,3.368022680282592773e+00,-9.274947643280029297e-01,1.348841309547424316e+00,2.642373800277709961e+00,1.582281291484832764e-02,9.479384869337081909e-02,-2.103182375431060791e-01,-1.341595888137817383e+00,1.021737861633300781e+01,-5.126546025276184082e-01,-1.446987152099609375e+00,1.028316020965576172e+00,-1.341541051864624023e+00,-1.927976965904235840e+00,-2.334351778030395508e+00,6.443349361419677734e+00,2.071619272232055664e+00,-7.046128511428833008e-01,4.830076992511749268e-01,-5.470392704010009766e-01,-2.419744491577148438e+00,-3.176004886627197266e-01,-3.322850465774536133e-01,-4.224411547183990479e-01,3.039803504943847656e-01,-2.211813926696777344e+00,-6.249039247632026672e-02,1.586195230484008789e+00,-1.158893346786499023e+00,-3.244811534881591797e+00,5.203427672386169434e-01,-2.757947683334350586e+00,-4.564162254333496094e+00,2.192109346389770508e+00,-1.244538649916648865e-02,-1.234232664108276367e+00,1.291972875595092773e+00,-2.709706068038940430e+00,2.763010740280151367e+00,-3.224283695220947266e+00,-1.219959497451782227e+00,-1.783906966447830200e-01,-1.454716473817825317e-01,-2.472246408462524414e+00,6.105283498764038086e-01,-4.838946759700775146e-01,1.599198460578918457e+00,-4.824422299861907959e-02,-1.726134657859802246e+00,-4.699557781219482422e+00,3.624153852462768555e+00,-2.014344692230224609e+00,-1.744375228881835938e+00,-6.201701760292053223e-01,-1.776996999979019165e-01,3.129578232765197754e-01,-1.016045331954956055e+00,1.729504466056823730e-01,7.605465650558471680e-01,5.611170291900634766e+00,-2.686617612838745117e+00,-2.064890146255493164e+00,3.545536279678344727e+00,-5.752671957015991211e-01,-3.664293527603149414e+00,-3.320263385772705078e+00,-2.149013280868530273e+00,-2.443131208419799805e+00,8.558106422424316406e-01,-3.545862674713134766e+00,5.056594014167785645e-01,-1.926510334014892578e+00,-1.241120398044586182e-01,1.032503247261047363e+00,3.591078996658325195e+00,-8.409401178359985352e-01,-2.559655189514160156e+00,1.243414282798767090e-01,2.454774826765060425e-01,8.737300038337707520e-01,-2.058101892471313477e+00,-2.225075960159301758e+00,-2.016431808471679688e+00
-6.007049083709716797e-01,4.066382884979248047e+00,1.428907632827758789e+00,-2.687999486923217773e+00,1.548434853553771973e+00,1.009439110755920410e+00,-2.124094665050506592e-01,-2.591738224029541016e+00,6.769056916236877441e-01,8.745009303092956543e-01,-1.024928569793701172e+00,1.531230092048645020e+00,-1.131159901618957520e+00,6.156754493713378906e-01,-9.939171075820922852e-01,-2.028382539749145508e+00,7.648888826370239258e-01,9.132430553436279297e-01,-1.132379293441772461e+00,-1.802460670471191406e+00,8.826177716255187988e-01,-1.328727245330810547e+00,-8.713892698287963867e-01,-1.241632938385009766e+00,-6.434440612792968750e-01,-4.245506227016448975e-02,-2.947540044784545898e+00,1.774514436721801758e+00,-1.980071961879730225e-01,9.195452183485031128e-02,1.927680969238281250e+00,5.922824859619140625e+00,-1.686020731925964355e+00,-3.931223154067993164e+00,-3.551335096359252930e+00,-1.588458657264709473e+00,-1.211692169308662415e-01,6.665469408035278320e-01,-1.286658406257629395e+00,-3.159615755081176758e+00,1.525655627250671387e+00,-2.928760528564453125e+00,-1.857746005058288574e+00,5.519505962729454041e-02,3.040901944041252136e-02,9.873430252075195312e+00,4.299419224262237549e-01,-1.857851982116699219e+00,1.624440312385559082e+00,-1.871437549591064453e+00,-2.835630893707275391e+00,-8.684644699096679688e-01,4.281687259674072266e+00,-1.370898842811584473e+00,1.251901507377624512e+00,-4.226432323455810547e+00,2.688343286514282227e+00,1.534559726715087891e+00,-1.264407873153686523e+00,6.105140686035156250e+00,1.397702932357788086e+00,-1.737401604652404785e+00,-2.069349288940429688e+00,-2.347852468490600586e+00,-3.469585895538330078e+00,-1.222254276275634766e+00,2.586836218833923340e-01,-2.267478942871093750e+00,-2.390487194061279297e+00,-1.955841064453125000e+00,8.988049626350402832e-01,6.932873129844665527e-01,-2.081352472305297852e+00,4.090869426727294922e+00,-1.774745464324951172e+00,6.592228412628173828e-01,-4.424101829528808594e+00,4.629096388816833496e-02,2.303498744964599609e+00,3.391711473464965820e+00,-2.658838331699371338e-01,-7.867841124534606934e-01,2.875276565551757812e+00,-2.715623378753662109e+00,1.395083189010620117e+00,-1.674219727516174316e+00,-6.953468918800354004e-02,-1.951697468757629395e-01,-2.381562948226928711e+00,2.406589269638061523e+00,6.056406497955322266e-01,-2.586651742458343506e-01,-2.113269567489624023e+00,9.677327275276184082e-01,-2.401244163513183594e+00,-2.507148027420043945e+00,-1.188141554594039917e-01,3.498936891555786133e+00,-3.158622264862060547e+00,2.490830421447753906e+00
9.564743638038635254e-01,-9.347695112228393555e-01,-7.194146513938903809e-01,-9.663569331169128418e-01,-1.256486177444458008e+00,1.786702275276184082e+00,-1.418867230415344238e+00,8.380663394927978516e-01,-1.789355516433715820e+00,-1.463065028190612793e+00,-2.869901418685913086e+00,1.999796152114868164e+00,-1.722628712654113770e+00,6.501743197441101074e-01,-1.419769320636987686e-02,-2.892230510711669922e+00,-3.176412880420684814e-01,-4.271528124809265137e-01,-2.358096837997436523e+00,-7.354384660720825195e-01,3.485997021198272705e-01,-1.188379883766174316e+00,-1.152982234954833984e+00,4.296569526195526123e-01,3.006769120693206787e-01,-5.387071371078491211e-01,-1.895601630210876465e+00,-1.016658782958984375e+00,6.640776395797729492e-01,-1.081390619277954102e+00,-3.802635669708251953e-01,1.763705015182495117e+00,-5.349344611167907715e-01,-1.752149701118469238e+00,-7.955725789070129395e-01,-1.324106931686401367e+00,1.478088378906250000e+00,-5.555287003517150879e-01,1.089700698852539062e+00,-3.198682069778442383e+00,-1.729622244834899902e+00,1.767129302024841309e+00,-1.366881012916564941e+00,-6.240347027778625488e-01,-2.746035337448120117e+00,-8.408786654472351074e-01,-3.240351676940917969e+00,4.552840232849121094e+00,-3.775939047336578369e-01,-7.093776464462280273e-01,-1.618377208709716797e+00,-2.784653663635253906e+00,-1.384346723556518555e+00,-1.839465022087097168e+00,-1.866682291030883789e+00,-2.681882858276367188e+00,1.033514022827148438e+00,-5.279049277305603027e-01,2.063639640808105469e+00,3.493298768997192383e+00,1.255672073364257812e+01,-8.667241930961608887e-01,-2.554460525512695312e+00,-1.417556166648864746e+00,-3.114157915115356445e+00,-1.180674672126770020e+00,3.648613095283508301e-01,-1.491095662117004395e+00,-4.168800830841064453e+00,-1.972860217094421387e+00,4.701071262359619141e+00,1.209544420242309570e+00,-1.591106295585632324e+00,4.334215641021728516e+00,-9.467762112617492676e-01,7.393490076065063477e-01,-4.679590225219726562e+00,2.154642343521118164e+00,-6.069508567452430725e-02,2.018958806991577148e+00,-6.113917231559753418e-01,1.086359739303588867e+00,2.364703655242919922e+00,-5.558443665504455566e-01,-2.217527478933334351e-01,1.621187210083007812e+00,-1.406539678573608398e+00,-7.715985178947448730e-01,2.734730720520019531e+00,1.019408607482910156e+01,6.062235236167907715e-01,6.625012755393981934e-01,-4.918572902679443359e-01,-1.228562146425247192e-01,-2.738333940505981445e+00,-2.184036225080490112e-01,-7.235556244850158691e-01,6.291930675506591797e-01,2.308851718902587891e+00,-2.388117790222167969e+00
1.248072624206542969e+00,-9.250103682279586792e-02,-1.001353740692138672e+00,3.851895093917846680e+00,-2.391177415847778320e+00,-1.110274553298950195e+00,4.999085515737533569e-02,-3.386270046234130859e+00,-6.950261592864990234e-01,1.849205851554870605e+00,-2.024431228637695312e+00,3.958703279495239258e+00,4.148941040039062500e+00,-3.158024787902832031e+00,-1.247478961944580078e+00,-2.486153841018676758e+00,4.825997948646545410e-01,-4.826257228851318359e-01,-1.003950983285903931e-01,1.610009670257568359e+00,-1.722763538360595703e+00,-9.419567584991455078e-01,-2.311301082372665405e-01,5.868784785270690918e-01,-1.272282361984252930e+00,1.092042922973632812e+00,-7.674155831336975098e-01,-4.377876520156860352e-01,-7.562186568975448608e-02,-1.980213165283203125e+00,6.778039455413818359e+00,2.328478813171386719e+00,-3.989163637161254883e-01,8.050581812858581543e-01,4.415381327271461487e-02,-1.273036241531372070e+00,1.554006814956665039e+00,6.860241293907165527e-01,1.033693027496337891e+01,-2.093732833862304688e+00,-1.601845026016235352e+00,-2.783444404602050781e+00,-1.356834530830383301e+00,-1.753735661506652832e+00,-1.012592196464538574e+00,7.165982723236083984e-01,-2.018744945526123047e+00,-1.046507596969604492e+00,-1.384017825126647949e+00,2.179570913314819336e+00,-1.852444410324096680e+00,-7.308437228202819824e-01,-3.246780157089233398e+00,-9.253786206245422363e-01,-2.029782772064208984e+00,-4.702979028224945068e-01,-2.765557050704956055e+00,-1.130635499954223633e+00,-1.477274060249328613e+00,-1.545792341232299805e+00,-3.058515548706054688e+00,-1.584451496601104736e-01,-1.411090344190597534e-01,3.589042425155639648e+00,-3.395912647247314453e-01,4.153864860534667969e+00,2.881545543670654297e+00,-1.632328152656555176e+00,-4.480766355991363525e-01,9.501707553863525391e-01,-1.347085952758789062e+00,-2.092725515365600586e+00,-2.345433980226516724e-01,1.254810214042663574e+00,-6.762821674346923828e-01,-6.469004750251770020e-01,-1.096691608428955078e+00,-9.555882811546325684e-01,5.418632984161376953e+00,-5.135753154754638672e-01,-3.206203222274780273e+00,-2.624546289443969727e+00,-4.886262893676757812e+00,4.349420070648193359e+00,-3.451507329940795898e+00,-1.565554738044738770e+00,-9.485184550285339355e-01,-1.769463300704956055e+00,-2.792043924331665039e+00,1.007946729660034180e-01,-5.653050914406776428e-02,-1.034375429153442383e+00,-3.969240903854370117e+00,-9.149656891822814941e-01,6.019714102149009705e-02,3.529677629470825195e+00,-2.118895351886749268e-01,2.261662960052490234e+00,-3.784379959106445312e-01,2.447504758834838867e+00
-6.599428653717041016e-01,1.907979965209960938e+00,1.535370588302612305e+00,-4.110950529575347900e-01,-4.661006629467010498e-01,1.060340762138366699e+00,-3.282616138458251953e+00,8.095012307167053223e-01,1.278268218040466309e+00,2.248540639877319336e+00,-6.354395747184753418e-01,1.169296622276306152e+00,-1.333744451403617859e-02,9.304581880569458008e-01,-1.198134422302246094e+00,-3.311317920684814453e+00,-1.199367403984069824e+00,-6.492154598236083984e-01,-6.022910475730895996e-01,-1.778380036354064941e+00,1.076932907104492188e+00,-5.252009034156799316e-01,-1.038960099220275879e+00,-6.327338814735412598e-01,-2.748894214630126953e+00,-7.777728140354156494e-02,-1.357430219650268555e+00,-6.199571490287780762e-02,4.046287238597869873e-01,-3.805419206619262695e+00,-1.425576210021972656e+00,9.969190955162048340e-01,-1.309855222702026367e+00,-1.270017147064208984e+00,-1.041765213012695312e-01,-1.164154052734375000e+00,1.769280195236206055e+00,-1.341023683547973633e+00,-5.763774514198303223e-01,-1.994016647338867188e+00,3.149012327194213867e+00,-8.565341830253601074e-01,-1.854515552520751953e+00,-1.809574723243713379e+00,1.487177014350891113e+00,-1.154401659965515137e+00,-1.333236336708068848e+00,-1.364094614982604980e+00,1.019624328613281250e+01,-6.864417791366577148e-01,-4.723844051361083984e+00,-3.518163681030273438e+00,1.704178571701049805e+00,3.253145217895507812e+00,5.070711970329284668e-01,-2.097117662429809570e+00,3.879919290542602539e+00,9.912140846252441406e+00,-1.390691041946411133e+00,3.433405876159667969e+00,1.185799598693847656e+00,3.927051782608032227e+00,8.742075562477111816e-01,2.852515459060668945e+00,-2.000405311584472656e+00,5.183787941932678223e-01,1.520016431808471680e+00,-1.169257283210754395e+00,-1.689400553703308105e+00,-1.437489837408065796e-01,-9.252170920372009277e-01,-1.141482830047607422e+00,-2.056321315467357635e-02,1.659064054489135742e+00,-2.081893384456634521e-01,2.872438430786132812e+00,-4.407698631286621094e+00,2.448929071426391602e+00,2.551160573959350586e+00,-1.047596454620361328e+00,4.763382971286773682e-01,-2.738319873809814453e+00,-1.983616232872009277e+00,-1.343805074691772461e+00,-9.118702411651611328e-01,3.356606066226959229e-01,-2.541172981262207031e+00,-2.334618330001831055e+00,-2.018665313720703125e+00,3.140156507492065430e+00,-1.751282066106796265e-01,-2.555456459522247314e-01,-9.214601516723632812e-01,-1.350700259208679199e+00,-8.373969793319702148e-01,-1.051181197166442871e+00,-1.979918241500854492e+00,1.088747262954711914e+00,-1.303952574729919434e+00,-3.213176131248474121e-01
-7.527479529380798340e-01,-2.216936826705932617e+00,-9.452805519104003906e-01,-6.856197118759155273e-01,1.090979814529418945e+00,1.241251707077026367e+00,-2.466053485870361328e+00,1.408227324485778809e+00,3.279992580413818359e+00,3.798546314239501953e+00,3.659099817276000977e+00,2.932471990585327148e+00,-4.772862493991851807e-01,-1.699765920639038086e+00,6.589791774749755859e-01,-2.398069143295288086e+00,-6.629063487052917480e-01,4.260001480579376221e-01,-1.259588837623596191e+00,1.339006066322326660e+00,-1.264576792716979980e+00,-4.574940681457519531e+00,-2.444907665252685547e+00,-3.589609861373901367e-01,-7.632440328598022461e-01,-2.136581987142562866e-01,6.816062927246093750e-01,-6.034156680107116699e-01,2.874517440795898438e+00,1.053130030632019043e+00,1.042870759963989258e+00,5.560345649719238281e+00,-2.801745533943176270e-01,6.542523860931396484e+00,3.047707080841064453e-01,-2.768302202224731445e+00,9.062425494194030762e-01,-2.476607799530029297e+00,1.610962152481079102e-01,-5.022739171981811523e-01,-1.768241167068481445e+00,2.399587392807006836e+00,-3.129903972148895264e-01,6.336519122123718262e-01,2.711643218994140625e+00,-2.122954130172729492e+00,-2.918679237365722656e+00,-1.241010904312133789e+00,-1.104409992694854736e-01,-3.062720060348510742e+00,-2.678663015365600586e+00,-3.540997266769409180e+00,6.086583733558654785e-01,-1.310321450233459473e+00,-3.461836814880371094e+00,-2.519891500473022461e+00,-9.464148283004760742e-01,-1.604793310165405273e+00,-3.042403936386108398e+00,-3.701811313629150391e+00,-1.087617278099060059e-01,2.044419527053833008e+00,4.760325551033020020e-01,-1.168639063835144043e+00,4.380384087562561035e-01,1.106510519981384277e+00,1.387071132659912109e+00,4.795117378234863281e+00,-2.159540176391601562e+00,2.961899518966674805e+00,-3.688808381557464600e-01,1.830008864402770996e+00,6.902397871017456055e-01,-7.411833852529525757e-02,-1.090289473533630371e+00,-2.165097951889038086e+00,-2.968957722187042236e-01,-5.337652564048767090e-02,7.362399697303771973e-01,2.601153135299682617e+00,4.832713305950164795e-01,-1.779240369796752930e+00,-3.676136732101440430e+00,6.358705461025238037e-02,-4.495364189147949219e+00,2.231343984603881836e+00,-6.032802581787109375e+00,1.237335205078125000e+00,-2.103239446878433228e-01,7.506831288337707520e-01,3.952946424484252930e+00,-1.081903815269470215e+00,-3.339496374130249023e+00,-3.933254003524780273e+00,1.756552577018737793e+00,1.942461133003234863e+00,-1.965142369270324707e+00,-2.794795274734497070e+00,4.693470001220703125e+00,2.407479047775268555e+00
-4.926877915859222412e-01,-1.225238084793090820e+00,-1.657255053520202637e+00,-2.345485687255859375e+00,4.966173768043518066e-01,-2.949068546295166016e-01,-1.769969820976257324e+00,7.597412467002868652e-01,6.466785907745361328e+00,1.747469544410705566e+00,2.738381862640380859e+00,2.298628807067871094e+00,1.924446940422058105e+00,-1.308117032051086426e+00,-1.983581900596618652e+00,-1.460153818130493164e+00,-1.566634774208068848e+00,-2.254436016082763672e+00,-2.209022998809814453e+00,7.353945821523666382e-02,-9.781998395919799805e-01,-3.982242107391357422e+00,-1.251857280731201172e+00,1.716600507497787476e-01,-1.376888990402221680e+00,-4.930350184440612793e-01,-9.048557877540588379e-01,-1.662557721138000488e-01,4.664349079132080078e+00,7.184417247772216797e-01,-7.772375643253326416e-02,5.374208450317382812e+00,-1.043684124946594238e+00,2.589485406875610352e+00,-8.452517390251159668e-01,-2.734353303909301758e+00,8.546186089515686035e-01,-2.121707439422607422e+00,1.166907787322998047e+00,-4.700507521629333496e-01,-1.392079949378967285e+00,2.165350675582885742e+00,-9.325900077819824219e-01,-1.609947383403778076e-01,1.043081402778625488e+00,-3.151094675064086914e+00,-2.477305650711059570e+00,-3.163548409938812256e-01,-9.240983128547668457e-01,-2.078083038330078125e+00,-1.768647432327270508e+00,-3.128108978271484375e+00,1.475104212760925293e+00,-2.803919076919555664e+00,-2.244372367858886719e+00,-1.331865191459655762e+00,-9.603583812713623047e-01,-2.034418582916259766e+00,-2.623425006866455078e+00,-3.312823057174682617e+00,8.932539224624633789e-01,2.658804655075073242e+00,1.923192024230957031e+00,1.512351632118225098e-01,-3.876683115959167480e-02,-1.342362165451049805e+00,1.208553671836853027e+00,7.617218494415283203e+00,-1.339055538177490234e+00,3.636468887329101562e+00,2.837587118148803711e+00,-5.561716854572296143e-02,3.994124829769134521e-01,1.677175045013427734e+00,-1.388440608978271484e+00,-9.163553714752197266e-01,-4.130274295806884766e+00,-1.419376015663146973e+00,1.895578503608703613e+00,1.199370503425598145e+00,2.491058349609375000e+00,-2.330377340316772461e+00,-3.694671392440795898e+00,3.577207028865814209e-02,-3.423274755477905273e+00,1.760243415832519531e+00,-4.596231460571289062e+00,9.319581389427185059e-01,-1.669824719429016113e+00,-1.324704408645629883e+00,2.218683719635009766e+00,-2.520554542541503906e+00,-3.742408037185668945e+00,-2.327335119247436523e+00,3.377198576927185059e-01,-4.206991195678710938e-01,-9.858599305152893066e-01,-5.408328771591186523e-01,4.865224838256835938e+00,9.558396339416503906e-01
2.155692726373672485e-01,4.685884118080139160e-01,3.626543998718261719e+00,5.660989880561828613e-01,5.861186981201171875e-01,-2.228887081146240234e+00,2.435508489608764648e+00,-2.709109544754028320e+00,1.440563350915908813e-01,1.484485816955566406e+01,-2.805269718170166016e+00,-1.069973111152648926e-01,1.647354006767272949e+00,-6.002473831176757812e-01,1.751320809125900269e-02,-3.392307043075561523e+00,-8.519310355186462402e-01,-1.427419543266296387e+00,-1.840250253677368164e+00,-8.345803022384643555e-01,-1.605416893959045410e+00,-2.191563606262207031e+00,-1.720562219619750977e+00,-2.904575765132904053e-01,-2.295567274093627930e+00,3.621777534484863281e+00,3.762458264827728271e-01,2.073105096817016602e+00,3.587993144989013672e+00,-3.258956670761108398e+00,-7.636436820030212402e-01,6.212838649749755859e+00,-1.761891245841979980e+00,7.227244973182678223e-01,-1.197731494903564453e+00,-2.308816194534301758e+00,-1.245921850204467773e+00,1.867679953575134277e+00,1.864420652389526367e+00,1.553859949111938477e+00,3.932527303695678711e+00,8.689281940460205078e-01,-1.020065069198608398e+00,-2.816396951675415039e+00,8.704113364219665527e-01,6.209730505943298340e-01,-2.704119086265563965e-01,2.335573434829711914e+00,1.515892028808593750e+00,-2.338522195816040039e+00,-1.883287310600280762e+00,-2.459902286529541016e+00,6.757968664169311523e-01,4.864402115345001221e-01,-2.808015346527099609e+00,-2.189765930175781250e+00,-1.200984567403793335e-01,9.871969819068908691e-01,-6.324152350425720215e-01,-1.156121253967285156e+00,-2.405128002166748047e+00,-1.152538061141967773e-01,2.055753231048583984e+00,-1.628529667854309082e+00,-1.021828532218933105e+00,1.294429183006286621e+00,7.055047899484634399e-02,1.206339001655578613e+00,-2.685022830963134766e+00,5.169606208801269531e-01,1.123851656913757324e+00,-1.753939986228942871e+00,7.979484200477600098e-01,4.165935143828392029e-02,8.142310976982116699e-01,1.583094120025634766e+00,1.956947296857833862e-01,3.152913153171539307e-01,8.040073513984680176e-01,-3.643468320369720459e-01,1.777187824249267578e+00,-4.934925079345703125e+00,-2.558789014816284180e+00,2.153927087783813477e+00,-9.003522396087646484e-01,-1.463837146759033203e+00,-2.159387111663818359e+00,-7.140405178070068359e-01,2.337861061096191406e-01,1.090612769126892090e+00,1.389249041676521301e-02,-1.443725228309631348e+00,-9.307981133460998535e-01,5.466692447662353516e-01,1.129432797431945801e+00,-2.911610901355743408e-02,-1.502208709716796875e+00,-2.160680770874023438e+00,-1.429206371307373047e+00,2.727173328399658203e+00
1.161207675933837891e+00,-2.645708799362182617e+00,-1.437757492065429688e+00,-2.046311616897583008e+00,2.266712188720703125e+00,7.107995748519897461e-01,9.085143804550170898e-01,1.090997099876403809e+00,-2.206194400787353516e+00,1.027706742286682129e+00,-2.081248044967651367e+00,5.246670246124267578e+00,-8.536962270736694336e-01,-1.024689227342605591e-01,-1.092394590377807617e-01,-3.184882879257202148e+00,-2.451067924499511719e+00,4.966531395912170410e-01,-1.992379665374755859e+00,-3.251903057098388672e+00,-1.297952413558959961e+00,-3.194227218627929688e-01,1.060357570648193359e+00,8.938591003417968750e+00,-1.603745102882385254e+00,1.945184111595153809e+00,-1.213108152151107788e-01,-9.441452622413635254e-01,2.112607657909393311e-01,-4.668031334877014160e-01,2.972113847732543945e+00,7.425308704376220703e+00,-2.939088106155395508e+00,-2.359493017196655273e+00,6.613932847976684570e-01,1.034409761428833008e+00,-7.764138579368591309e-01,4.469323158264160156e-01,4.531236290931701660e-01,-3.366661548614501953e+00,-1.560369610786437988e+00,9.012826085090637207e-01,-2.488069534301757812e+00,1.658217012882232666e-01,-5.852494239807128906e-01,1.569705963134765625e+00,-2.186129093170166016e+00,2.475812911987304688e+00,-5.622615814208984375e-01,-1.664046198129653931e-01,-3.464145421981811523e+00,-1.689374804496765137e+00,-1.827225565910339355e+00,-7.038292884826660156e-01,-1.629312634468078613e+00,5.575525760650634766e-01,-5.837113261222839355e-01,-1.734005212783813477e+00,-8.181294202804565430e-01,-2.389258384704589844e+00,2.225840806961059570e+00,-5.064691305160522461e-01,1.456562280654907227e+00,-2.017561674118041992e+00,-3.276095151901245117e+00,-1.954302906990051270e+00,1.799530267715454102e+00,-5.745320916175842285e-01,-3.306973218917846680e+00,3.891487717628479004e-01,3.205116987228393555e+00,-1.542771339416503906e+00,-1.980782985687255859e+00,2.051675558090209961e+00,2.452447652816772461e+00,9.933032989501953125e-01,-2.487225770950317383e+00,7.382419109344482422e-01,2.569745540618896484e+00,-7.587834000587463379e-01,5.181291103363037109e-01,-3.327949047088623047e+00,-3.128068208694458008e+00,1.185092329978942871e+00,-7.188011407852172852e-01,-5.492048263549804688e-01,-1.768929004669189453e+00,-9.844051599502563477e-01,-1.317999601364135742e+00,3.070773363113403320e+00,4.135368466377258301e-01,-2.377236366271972656e+00,-3.563303470611572266e+00,-2.061576366424560547e+00,-8.848078846931457520e-01,1.988114565610885620e-01,4.757818698883056641e+00,-7.010037899017333984e-01,5.716796517372131348e-01,-1.916159540414810181e-01
1.993690013885498047e+00,8.983232975006103516e-01,-4.145303726196289062e+00,-1.277737379074096680e+00,1.318908095359802246e+00,2.613353252410888672e+00,-1.348900914192199707e+00,-1.862706303596496582e+00,1.390011191368103027e+00,-1.596472501754760742e+00,-1.119962215423583984e+00,8.133872151374816895e-01,5.154411792755126953e-01,-1.593878984451293945e+00,-7.981766462326049805e-01,-9.424133896827697754e-01,-1.181796789169311523e+00,-6.419146060943603516e-01,4.419759213924407959e-01,3.106584310531616211e+00,5.473926067352294922e-01,-3.167960643768310547e+00,6.195777893066406250e+00,-1.894950032234191895e+00,-1.340519070625305176e+00,1.019492626190185547e+00,-2.631253957748413086e+00,3.969795107841491699e-01,-9.063071012496948242e-01,5.120704650878906250e+00,1.149441242218017578e+00,3.407614707946777344e+00,-4.124009907245635986e-01,6.505533456802368164e-01,-3.333129167556762695e+00,4.714855253696441650e-01,-9.085371345281600952e-02,2.984869956970214844e+00,-5.386406183242797852e-02,2.011314153671264648e+00,-3.631489992141723633e+00,-1.618740200996398926e+00,2.572890520095825195e+00,2.558867931365966797e+00,5.658018589019775391e-01,5.053471326828002930e-01,-3.309985399246215820e+00,-7.143945097923278809e-01,-2.115012645721435547e+00,-2.466776132583618164e+00,-1.038010478019714355e+00,1.823580861091613770e+00,1.297106444835662842e-01,1.506429463624954224e-01,5.597423553466796875e+00,-6.002562493085861206e-02,1.919863700866699219e+00,-1.613166332244873047e+00,-2.221899032592773438e+00,2.827089071273803711e+00,-1.340020179748535156e+00,-8.188329935073852539e-01,-1.144466876983642578e+00,1.672587990760803223e-01,-2.755757808685302734e+00,-1.414176940917968750e+00,3.077476739883422852e+00,4.390702545642852783e-01,-1.890885591506958008e+00,-1.303000092506408691e+00,-5.496522784233093262e-01,1.211636257171630859e+01,-1.308730483055114746e+00,-5.536345019936561584e-02,-2.682783126831054688e+00,-8.094457983970642090e-01,-4.026707649230957031e+00,-1.596388071775436401e-01,3.043692827224731445e+00,-6.014052629470825195e-01,1.525926232337951660e+00,-2.560162067413330078e+00,-5.896581411361694336e-01,-3.908015191555023193e-01,5.646812319755554199e-01,-1.490501046180725098e+00,-1.760056018829345703e+00,1.123968362808227539e+00,1.357904076576232910e+00,-1.640448570251464844e+00,4.051592946052551270e-01,2.213383913040161133e+00,-2.768495321273803711e+00,-2.563101530075073242e+00,-6.120117902755737305e-01,2.128120213747024536e-01,-8.627835512161254883e-01,-4.514946639537811279e-01,-2.562364935874938965e-01,-1.182205557823181152e+00
-2.125366210937500000e+00,-1.671750426292419434e+00,3.619024157524108887e-01,-8.592902421951293945e-01,-2.004326820373535156e+00,1.641112446784973145e+00,-5.501128435134887695e-01,5.679205060005187988e-01,-3.257645666599273682e-02,-1.465646624565124512e+00,-4.240425586700439453e+00,2.235807657241821289e+00,-2.190004587173461914e+00,1.144274473190307617e+00,-4.364311099052429199e-01,-1.635420441627502441e+00,2.410985946655273438e+00,-1.155693158507347107e-01,-2.146564483642578125e+00,-1.035903334617614746e+00,1.332568883895874023e+00,-1.252116441726684570e+00,-6.651554703712463379e-01,-1.663031935691833496e+00,1.627812027931213379e+00,2.857902646064758301e-01,-1.488385677337646484e+00,-1.413489431142807007e-01,3.211532533168792725e-01,-3.710114359855651855e-01,-2.950027227401733398e+00,2.531571388244628906e+00,-1.478859901428222656e+00,-5.013782978057861328e-01,-3.097059965133666992e+00,2.599762976169586182e-01,4.395468711853027344e+00,-1.175087451934814453e+00,8.107246160507202148e-01,-3.835800409317016602e+00,-2.620271444320678711e+00,-8.419057726860046387e-01,-1.767916202545166016e+00,-1.077724218368530273e+00,-1.641277074813842773e+00,-1.864075511693954468e-01,6.005561351776123047e-01,2.032834291458129883e+00,-1.136406183242797852e+00,-7.622489333152770996e-01,1.933275908231735229e-01,-7.002443075180053711e-02,-1.185228347778320312e+00,-4.142287731170654297e+00,-2.046042680740356445e+00,-3.181112706661224365e-01,1.415505886077880859e+00,-1.313529968261718750e+00,-1.563760936260223389e-01,3.234085798263549805e+00,1.377777385711669922e+01,2.081165313720703125e+00,-1.361172318458557129e+00,-1.430762767791748047e+00,-1.103787422180175781e+00,-1.365289926528930664e+00,-9.774774909019470215e-01,1.920297741889953613e-01,-1.553510785102844238e+00,-1.521403312683105469e+00,4.879621982574462891e+00,-1.800551056861877441e+00,-2.265430688858032227e+00,4.496671676635742188e+00,-2.228004693984985352e+00,1.497231721878051758e+00,-4.140091896057128906e+00,4.133881628513336182e-02,1.015410065650939941e+00,2.449891805648803711e+00,2.800554931163787842e-01,7.236624360084533691e-01,1.827174544334411621e+00,-2.632870197296142578e+00,-3.446368575096130371e-01,-6.549172997474670410e-01,6.476336717605590820e-01,3.072211027145385742e+00,1.088084816932678223e+00,2.280339151620864868e-01,4.806458950042724609e-01,2.236027866601943970e-01,-6.962838172912597656e-01,5.052971839904785156e-01,-2.617864131927490234e+00,-2.009862422943115234e+00,-6.209962368011474609e-01,-1.022842004895210266e-01,-1.349414736032485962e-01,-1.052487730979919434e+00
-9.864898920059204102e-01,-1.464084863662719727e+00,-5.108837038278579712e-02,-1.103163242340087891e+00,-1.519656538963317871e+00,1.522688865661621094e+00,-6.259095668792724609e-01,4.585830569267272949e-01,-3.867276608943939209e-01,-1.367274641990661621e+00,-4.428694248199462891e+00,1.264832735061645508e+00,-2.365166187286376953e+00,1.332190394401550293e+00,-7.594681978225708008e-01,-2.054127931594848633e+00,5.245212912559509277e-01,-5.339137315750122070e-01,-2.941409587860107422e+00,-1.012578725814819336e+00,1.433045148849487305e+00,-1.077111124992370605e+00,-7.176775932312011719e-01,-1.004610300064086914e+00,1.365161061286926270e+00,4.551995396614074707e-01,-1.839030504226684570e+00,-2.636256814002990723e-01,8.641625642776489258e-01,-1.053882122039794922e+00,-2.704331159591674805e+00,1.764681458473205566e+00,-1.621788144111633301e+00,-1.085559368133544922e+00,-2.440070390701293945e+00,-2.202747613191604614e-01,4.707626819610595703e+00,-1.005699038505554199e+00,7.075827121734619141e-01,-3.671950817108154297e+00,-1.428518414497375488e+00,-5.525168776512145996e-01,-1.564496755599975586e+00,-1.046262383460998535e+00,-2.347431659698486328e+00,-1.573397815227508545e-01,-6.441593170166015625e-01,3.104737281799316406e+00,-1.046725511550903320e+00,-9.246364831924438477e-01,-1.494900286197662354e-01,-8.894822001457214355e-01,-1.324795007705688477e+00,-3.556733369827270508e+00,-1.985806345939636230e+00,-7.422830462455749512e-01,1.397062182426452637e+00,-1.190783500671386719e+00,1.031672596931457520e+00,2.981578350067138672e+00,1.434495258331298828e+01,1.899196743965148926e+00,-2.551913022994995117e+00,-9.613762497901916504e-01,-1.688177227973937988e+00,-1.422931909561157227e+00,-1.071835637092590332e+00,4.909395873546600342e-01,-2.637158870697021484e+00,-2.092578411102294922e+00,7.250272274017333984e+00,-1.298065066337585449e+00,-1.357000589370727539e+00,4.764010906219482422e+00,-1.887484669685363770e+00,2.208812713623046875e+00,-4.232248306274414062e+00,5.999853610992431641e-01,-1.019201427698135376e-01,2.512827157974243164e+00,2.684840261936187744e-01,2.500754594802856445e-01,1.169633984565734863e+00,-1.904987215995788574e+00,1.358857601881027222e-01,-4.332974851131439209e-01,2.000312954187393188e-01,1.326740860939025879e+00,1.441445946693420410e+00,3.063307523727416992e+00,2.370480746030807495e-01,-5.372210144996643066e-01,-5.165094733238220215e-01,7.818757295608520508e-01,-2.390082120895385742e+00,-1.680163145065307617e+00,-3.459564447402954102e-01,3.845753967761993408e-01,-5.485635995864868164e-01,-1.245889306068420410e+00
-1.361714839935302734e+00,1.486077976226806641e+01,2.229927062988281250e+00,-2.011466503143310547e+00,-1.431463360786437988e+00,-6.519628763198852539e-01,-1.781427264213562012e+00,-1.628575682640075684e+00,1.230094552040100098e+00,1.836604252457618713e-02,-1.089339494705200195e+00,-1.160857677459716797e+00,-5.298154950141906738e-01,1.431196808815002441e+00,-2.794730067253112793e-01,8.130370825529098511e-02,2.259130030870437622e-01,1.833822727203369141e+00,5.759578943252563477e-01,1.151936426758766174e-01,2.243912458419799805e+00,-2.339039087295532227e+00,1.333731770515441895e+00,-2.678154945373535156e+00,-1.289874196052551270e+00,9.598426222801208496e-01,-2.275783777236938477e+00,2.055404663085937500e+00,-4.761950671672821045e-01,-1.979573130607604980e+00,-5.915650725364685059e-01,-1.449875116348266602e+00,6.146525144577026367e-01,-2.654331684112548828e+00,-4.793981313705444336e-01,-8.592312783002853394e-02,-2.062588743865489960e-02,-1.416237115859985352e+00,8.559213876724243164e-01,-1.122953534126281738e+00,-3.784935772418975830e-01,-1.280267000198364258e+00,2.736402675509452820e-03,-1.425363779067993164e+00,-1.080200314521789551e+00,2.158650398254394531e+00,-5.091388151049613953e-02,-1.928138494491577148e+00,-1.176674723625183105e+00,4.248684644699096680e-01,-2.218621224164962769e-01,-1.391177415847778320e+00,2.589193820953369141e+00,2.500118732452392578e+00,7.418752312660217285e-01,-2.405644893646240234e+00,1.637526035308837891e+00,1.534598827362060547e+00,-9.246535897254943848e-01,8.295184373855590820e-01,-2.069466590881347656e+00,-8.833882808685302734e-01,-1.632166624069213867e+00,-6.441016793251037598e-01,8.939894437789916992e-01,-5.200617909431457520e-01,-4.422397136688232422e+00,-4.730998575687408447e-01,2.523498773574829102e+00,-2.041189908981323242e+00,-2.108786106109619141e+00,-8.543725609779357910e-01,7.226323485374450684e-01,-2.489580959081649780e-01,-2.221677303314208984e+00,-7.248982787132263184e-01,9.393028616905212402e-01,-2.354490518569946289e+00,5.358352661132812500e-01,-5.077548027038574219e-01,-1.755302786827087402e+00,-9.196484684944152832e-01,1.861518502235412598e+00,-2.361238718032836914e+00,-6.200745701789855957e-01,-1.267623543739318848e+00,4.984760284423828125e-01,-1.987844228744506836e+00,-2.592925310134887695e+00,3.166844129562377930e+00,7.484666705131530762e-01,1.969968676567077637e+00,4.525508731603622437e-02,5.585707426071166992e-01,-1.843397736549377441e+00,-1.068138957023620605e+00,-1.524088621139526367e+00,1.908980846405029297e+00,-2.399977445602416992e+00,7.308912277221679688e-01
2.417759597301483154e-01,-3.005608320236206055e+00,-9.497153162956237793e-01,1.235028624534606934e+00,6.361145377159118652e-01,2.140336990356445312e+00,1.896366178989410400e-01,-1.069438219070434570e+00,7.124497294425964355e-01,-2.304283142089843750e+00,7.984345406293869019e-02,1.971215367317199707e+00,-2.757759690284729004e-01,-2.557106256484985352e+00,-2.297355890274047852e+00,7.892195582389831543e-01,-9.089828133583068848e-01,-3.734796643257141113e-01,-1.836121797561645508e+00,-5.289267282932996750e-03,1.837254464626312256e-01,-3.442072391510009766e+00,-1.874306797981262207e+00,-8.315061330795288086e-01,2.112905502319335938e+00,-2.622453212738037109e+00,2.963088750839233398e+00,9.625470638275146484e-01,-1.083492755889892578e+00,2.486091613769531250e+00,1.255691051483154297e+01,3.901652574539184570e+00,1.121960952877998352e-02,-1.612375974655151367e-01,5.157126858830451965e-02,6.809391975402832031e-01,6.019551157951354980e-01,-9.005489945411682129e-01,-9.156314730644226074e-01,-4.668278217315673828e+00,-2.720763683319091797e+00,5.367754697799682617e-01,6.470127701759338379e-01,6.034297943115234375e+00,-1.008076429367065430e+00,2.205245018005371094e+00,-1.561233878135681152e+00,-8.261926174163818359e-01,-1.256720542907714844e+00,-3.153038024902343750e+00,-3.075177907943725586e+00,5.376618504524230957e-01,8.585500121116638184e-01,-1.705280065536499023e+00,-5.515383481979370117e-01,-3.535287141799926758e+00,6.757438182830810547e-01,-2.233719825744628906e+00,8.080652356147766113e-01,-2.275772809982299805e+00,-9.796455502510070801e-01,-2.185874462127685547e+00,-1.097689628601074219e+00,-1.186668515205383301e+00,-2.655842304229736328e+00,3.041188001632690430e+00,2.440901517868041992e+00,-2.396482229232788086e+00,-3.531386613845825195e+00,5.017303943634033203e+00,-3.910158574581146240e-01,1.082058310508728027e+00,-1.932278275489807129e+00,2.339958906173706055e+00,6.677063107490539551e-01,-3.403928995132446289e+00,-4.120489120483398438e+00,2.958815395832061768e-01,-2.673871815204620361e-01,-1.166443705558776855e+00,-1.475619196891784668e+00,1.787206172943115234e+00,-8.207359313964843750e-01,-6.208275556564331055e-01,-9.518222212791442871e-01,-8.581163883209228516e-01,-1.868019461631774902e+00,1.128661990165710449e+00,-1.283774256706237793e+00,8.385540843009948730e-01,5.925297737121582031e-01,-5.772385001182556152e-01,-4.243672847747802734e+00,-1.934457063674926758e+00,4.131033644080162048e-02,-1.782177388668060303e-01,8.518272042274475098e-01,-4.320722520351409912e-01,3.432344496250152588e-01,-3.806018829345703125e-01
2.363014459609985352e+00,-2.897514343261718750e+00,-1.786011934280395508e+00,3.562300443649291992e+00,-2.379725456237792969e+00,-9.420812129974365234e-02,-5.485765933990478516e-01,-2.552523374557495117e+00,-9.841672778129577637e-01,2.843595668673515320e-02,-2.294749021530151367e+00,4.081386566162109375e+00,3.631736755371093750e+00,-4.338806629180908203e+00,-1.710947155952453613e+00,-2.607493877410888672e+00,4.289031624794006348e-01,-1.141067147254943848e+00,9.263182878494262695e-01,1.624502778053283691e+00,-1.721863389015197754e+00,-2.371433973312377930e+00,-7.416225671768188477e-01,-4.734477773308753967e-02,-2.831860780715942383e-01,-6.175439953804016113e-01,3.607021570205688477e-01,3.583435714244842529e-02,-1.153819799423217773e+00,9.174927473068237305e-01,9.754884719848632812e+00,3.597204446792602539e+00,3.445942401885986328e-01,1.335718393325805664e+00,-1.771127879619598389e-01,-1.542106389999389648e+00,8.473585247993469238e-01,8.183790445327758789e-01,8.008785247802734375e+00,-2.862260103225708008e+00,-3.041193485260009766e+00,-1.248705148696899414e+00,-4.604322612285614014e-01,2.059873580932617188e+00,-1.448298931121826172e+00,1.340119957923889160e+00,-2.227458000183105469e+00,-4.242282509803771973e-01,-1.325593829154968262e+00,-6.977984905242919922e-01,-1.764564633369445801e+00,2.571996152400970459e-01,-2.757118701934814453e+00,-1.920150637626647949e+00,-1.455100774765014648e+00,-2.710920572280883789e+00,-2.025770187377929688e+00,-2.081589937210083008e+00,-4.113541245460510254e-01,-3.752859234809875488e-01,-1.599758863449096680e+00,-1.278080940246582031e+00,-1.206507802009582520e+00,1.745388507843017578e+00,-2.576242208480834961e+00,3.755364179611206055e+00,4.248756885528564453e+00,-2.641772508621215820e+00,-2.099678039550781250e+00,1.937829732894897461e+00,-1.226178288459777832e+00,1.071825742721557617e+00,-1.424874305725097656e+00,1.730099201202392578e+00,-3.875461220741271973e-01,-2.192109823226928711e+00,-3.731791973114013672e+00,-1.666274964809417725e-01,4.711859703063964844e+00,-9.274900555610656738e-01,-3.017513990402221680e+00,-5.940549969673156738e-01,-2.295841693878173828e+00,3.909359693527221680e+00,-3.583858966827392578e+00,-1.699796169996261597e-01,-1.043495774269104004e+00,-4.350165724754333496e-01,-1.275427818298339844e+00,1.182711243629455566e+00,3.378612995147705078e-01,-6.389228999614715576e-02,-3.711162328720092773e+00,-2.742254734039306641e+00,-1.009351387619972229e-02,2.491754293441772461e+00,-7.170771360397338867e-01,1.670679688453674316e+00,5.342265367507934570e-01,1.950501799583435059e-01
-1.631465792655944824e+00,9.107234477996826172e-01,-4.975665211677551270e-01,-1.160027623176574707e+00,-1.342748403549194336e-01,7.994037151336669922e+00,-2.467831850051879883e+00,-5.043371319770812988e-01,-3.552205562591552734e-01,-6.901326179504394531e-01,-2.299668550491333008e+00,1.819498419761657715e+00,-3.518491029739379883e+00,1.033666229248046875e+01,2.831104397773742676e-01,-2.655410051345825195e+00,-5.929726958274841309e-01,-6.392763853073120117e-01,3.506639897823333740e-01,-9.364910125732421875e-01,3.322622478008270264e-01,-1.382272124290466309e+00,-7.205119132995605469e-01,-1.328708887100219727e+00,4.982582628726959229e-01,4.724604487419128418e-01,-1.355390548706054688e+00,5.329643487930297852e-01,-1.281591415405273438e+00,-3.129300475120544434e-01,-1.010298371315002441e+00,6.732923388481140137e-01,-1.709527671337127686e-01,1.686037302017211914e+00,-2.246848821640014648e+00,-6.083028912544250488e-01,6.916904449462890625e+00,-4.570455849170684814e-01,-2.777871370315551758e+00,-1.313713669776916504e+00,-1.171195626258850098e+00,-1.708747148513793945e+00,-1.817649841308593750e+00,-1.172182202339172363e+00,-6.084220409393310547e-01,-1.325699329376220703e+00,-1.962075948715209961e+00,-9.882407784461975098e-01,-1.015755981206893921e-01,-7.983808517456054688e-01,-6.233173608779907227e-01,-1.305089831352233887e+00,-2.576118111610412598e-01,-3.232758939266204834e-01,-1.913297653198242188e+00,-8.392955660820007324e-01,7.897012233734130859e-01,6.135258078575134277e-01,-2.970277070999145508e+00,8.210272789001464844e-01,6.026286125183105469e+00,-1.549787074327468872e-01,-2.320159912109375000e+00,-3.372783064842224121e-01,-1.537274718284606934e-01,-3.641456961631774902e-01,-9.923251867294311523e-01,-3.092159032821655273e-01,-1.677839159965515137e+00,-1.485457420349121094e+00,3.397941112518310547e+00,3.103057146072387695e-01,2.504876554012298584e-01,1.855698227882385254e+00,-9.335756897926330566e-01,6.468354463577270508e-01,-2.303543329238891602e+00,1.690014719963073730e+00,-8.154128193855285645e-01,-5.811945796012878418e-01,9.106589317321777344e+00,-4.112252891063690186e-01,-1.304123878479003906e+00,-1.388381481170654297e+00,1.500712335109710693e-01,-1.515877008438110352e+00,-1.345881581306457520e+00,-2.339178323745727539e+00,-3.337754309177398682e-01,2.522753000259399414e+00,1.312451124191284180e+00,2.716907560825347900e-01,-1.983588218688964844e+00,1.742873668670654297e+00,-3.134693384170532227e+00,2.609467506408691406e+00,-6.569592356681823730e-01,-1.915362715721130371e+00,-6.306172907352447510e-02,1.011146426200866699e+00
2.362290769815444946e-01,-1.594801068305969238e+00,-9.743907451629638672e-01,-2.912779092788696289e+00,3.424220085144042969e+00,-1.951812267303466797e+00,2.200360536575317383e+00,-2.446587562561035156e+00,4.905637204647064209e-01,1.059255599975585938e+00,-8.764884471893310547e-01,3.001668155193328857e-01,-1.729347258806228638e-01,-7.790681123733520508e-01,-1.927349120378494263e-01,-1.380520872771739960e-02,-1.121776938438415527e+00,-1.127737879753112793e+00,-4.589578151702880859e+00,-1.935630559921264648e+00,2.088032960891723633e+00,-2.114477157592773438e+00,-1.549187183380126953e+00,1.693987011909484863e+00,5.047409534454345703e-01,1.713336706161499023e+00,-9.450126886367797852e-01,-1.183999300003051758e+00,3.952953815460205078e+00,-4.644877612590789795e-01,1.334987133741378784e-01,5.601023197174072266e+00,-1.521069645881652832e+00,-1.630836129188537598e+00,2.881368994712829590e-01,-4.868845641613006592e-01,-7.175881266593933105e-01,-2.915311813354492188e+00,9.166961908340454102e-02,-1.607402682304382324e+00,1.049137473106384277e+00,-1.679947674274444580e-01,-9.538178443908691406e-01,-9.450241923332214355e-02,-1.236967206001281738e+00,2.577732130885124207e-02,-1.735225081443786621e+00,3.228384494781494141e+00,-3.507536172866821289e+00,-2.445735692977905273e+00,-7.615540027618408203e-01,-2.334297657012939453e+00,-4.986943900585174561e-01,-1.790235161781311035e+00,-1.855918765068054199e+00,3.384398221969604492e-01,-9.493152499198913574e-01,-4.445558547973632812e+00,-4.238620102405548096e-01,-4.226634025573730469e+00,3.984279155731201172e+00,1.747817158699035645e+00,-1.210050582885742188e+00,-3.497104406356811523e+00,-2.959426045417785645e-01,-2.466516256332397461e+00,-1.672970414161682129e+00,3.107491016387939453e+00,-2.559381484985351562e+00,2.810133695602416992e+00,1.503040122985839844e+01,-1.449553847312927246e+00,1.657672405242919922e+00,7.013879418373107910e-01,-2.424540817737579346e-01,2.228352785110473633e+00,-3.332565546035766602e+00,-2.490275800228118896e-01,-3.298686146736145020e-01,2.829848051071166992e+00,3.098289251327514648e+00,-1.038262486457824707e+00,-2.839406728744506836e+00,3.050536632537841797e+00,-1.711724162101745605e+00,1.872914910316467285e+00,-1.854723811149597168e+00,1.374568223953247070e+00,5.790452957153320312e-01,5.786521434783935547e-01,9.624192863702774048e-02,-3.351568460464477539e+00,1.440929889678955078e+00,-4.200307726860046387e-01,1.131754875183105469e+00,-4.857441186904907227e-01,1.231462597846984863e+00,-1.711476802825927734e+00,-2.104165554046630859e+00,2.489244222640991211e+00
5.032678842544555664e-01,1.676024079322814941e+00,-7.569221854209899902e-01,-1.661358475685119629e+00,-1.388227701187133789e+00,-6.681906431913375854e-02,-6.940132379531860352e-01,1.898612260818481445e+00,-9.115648865699768066e-01,1.366832256317138672e-01,-2.378901720046997070e+00,2.310176134109497070e+00,-1.486149668693542480e+00,-8.727308511734008789e-01,1.059752225875854492e+00,-7.457622885704040527e-01,2.078141421079635620e-01,7.715526223182678223e-01,-2.786044120788574219e+00,-1.101722836494445801e+00,6.222200989723205566e-01,-2.735779047012329102e+00,-1.524781137704849243e-01,-2.008610963821411133e+00,6.958724260330200195e-01,-8.368301391601562500e-01,-1.809975862503051758e+00,9.066169738769531250e+00,2.183949232101440430e+00,9.215555787086486816e-01,3.177382469177246094e+00,6.833146095275878906e+00,-2.277142286300659180e+00,-2.768817901611328125e+00,-8.473473787307739258e-01,-1.122205138206481934e+00,5.911058783531188965e-01,-7.000254988670349121e-01,7.004698514938354492e-01,-2.180897235870361328e+00,-5.190497636795043945e-01,5.778164386749267578e+00,1.839748382568359375e+00,-1.987871289253234863e+00,-1.208964705467224121e+00,1.199757754802703857e-01,-2.908310174942016602e+00,-6.616518646478652954e-02,4.633447229862213135e-01,-3.164259672164916992e+00,-5.044421672821044922e+00,-3.309731721878051758e+00,1.745988607406616211e+00,2.482230186462402344e+00,-4.275492429733276367e-01,-2.422208547592163086e+00,6.104714393615722656e+00,6.397027969360351562e-01,-2.011855840682983398e+00,3.278038799762725830e-01,1.075552701950073242e+00,4.535934925079345703e+00,1.625375747680664062e+00,-1.666949391365051270e+00,-2.190788269042968750e+00,2.529473602771759033e-01,1.912822723388671875e-01,-1.011984825134277344e+00,-4.085117816925048828e+00,7.913447022438049316e-01,1.148761630058288574e+00,5.118802189826965332e-01,-9.259541630744934082e-01,4.290162086486816406e+00,1.236313059926033020e-01,-4.066112339496612549e-01,-6.543710231781005859e+00,8.884953260421752930e-01,2.311367988586425781e+00,-1.351377248764038086e+00,-4.044490456581115723e-01,-2.707569837570190430e+00,-1.382249951362609863e+00,5.085267424583435059e-01,-1.923846602439880371e+00,-7.665762305259704590e-01,-2.471893310546875000e+00,-2.222329854965209961e+00,6.822287440299987793e-01,3.259352207183837891e+00,1.278452396392822266e+00,-1.232075333595275879e+00,-4.480071544647216797e+00,-1.078033208847045898e+00,-2.899065971374511719e+00,-2.779333591461181641e-01,-2.629927396774291992e+00,-5.324818491935729980e-01,2.510987997055053711e+00,3.240191191434860229e-02
-1.490993857383728027e+00,3.159051179885864258e+00,5.782526493072509766e+00,1.488626956939697266e+00,-1.364792227745056152e+00,2.255958557128906250e+00,-1.864385306835174561e-01,-7.274518013000488281e-01,-1.658717393875122070e+00,6.117176637053489685e-02,-2.439907312393188477e+00,-1.061441659927368164e+00,-1.882789492607116699e+00,-7.543920874595642090e-01,6.363533735275268555e-01,-8.624755144119262695e-01,2.083626031875610352e+00,2.785581350326538086e-01,2.737804651260375977e+00,-7.036788463592529297e-01,-1.293412566184997559e+00,-9.754364490509033203e-01,2.410528421401977539e+00,-3.165411949157714844e+00,-3.476354598999023438e+00,1.493350028991699219e+00,1.063236236572265625e+00,-1.416534304618835449e+00,-3.274716436862945557e-01,2.730144262313842773e+00,7.249143123626708984e-01,1.654971837997436523e+00,4.743241786956787109e+00,-3.486182391643524170e-01,-2.609979629516601562e+00,6.732110381126403809e-01,-1.632805347442626953e+00,1.043542265892028809e+00,1.640862971544265747e-01,-2.425564765930175781e+00,-3.039124727249145508e+00,-1.100615262985229492e+00,-1.329501271247863770e+00,1.904863864183425903e-01,3.099811792373657227e+00,-5.166086554527282715e-01,-1.562957763671875000e+00,5.186532735824584961e-01,4.293055832386016846e-01,-1.932614803314208984e+00,-2.299804687500000000e+00,-2.180212497711181641e+00,-2.315511465072631836e+00,2.379075288772583008e+00,1.210633873939514160e+00,-3.131619691848754883e+00,-1.599255084991455078e+00,-5.142561197280883789e-01,2.016823768615722656e+00,1.443369746208190918e+00,3.705304563045501709e-01,-2.684295892715454102e+00,3.809418529272079468e-02,-7.301666140556335449e-01,-3.024576306343078613e-01,9.705131053924560547e-01,-2.220110654830932617e+00,-2.003775358200073242e+00,-2.325503587722778320e+00,-1.177173018455505371e+00,-3.904293060302734375e+00,1.331321358680725098e+00,-1.757518649101257324e+00,6.286415457725524902e-01,-2.612741231918334961e+00,-1.337949752807617188e+00,2.255171537399291992e+00,-1.183535099029541016e+00,7.175152897834777832e-01,-1.484619259834289551e+00,-1.534283757209777832e+00,1.040063858032226562e+00,5.947782993316650391e+00,-2.085192680358886719e+00,-8.810433745384216309e-01,7.441123127937316895e-01,-1.921722412109375000e+00,2.797566354274749756e-01,1.432721018791198730e-01,3.806481122970581055e+00,-1.696420788764953613e+00,1.408523559570312500e+01,2.357855081558227539e+00,1.814112514257431030e-01,-1.287910461425781250e+00,-1.657990217208862305e-01,-1.458040356636047363e+00,-1.492047071456909180e+00,-1.252505302429199219e+00,-1.237692356109619141e+00
-7.114947438240051270e-01,-1.204706072807312012e+00,-1.239667534828186035e+00,-5.503090843558311462e-02,-1.158772706985473633e+00,2.825285911560058594e+00,-2.383455514907836914e+00,-3.813004195690155029e-01,2.065227031707763672e+00,7.276901602745056152e-01,-2.111844539642333984e+00,2.469585180282592773e+00,-1.796390891075134277e+00,2.002375125885009766e+00,-9.192628860473632812e-01,-2.584881544113159180e+00,-1.250116586685180664e+00,4.625604748725891113e-01,-3.117294549942016602e+00,-3.364467620849609375e-01,3.433510065078735352e-01,-1.837419152259826660e+00,-1.763435482978820801e+00,-2.405455112457275391e+00,1.515510320663452148e+00,7.730579972267150879e-01,-1.204361915588378906e+00,1.308914661407470703e+00,1.295971393585205078e+00,-1.931477785110473633e+00,-1.492984443902969360e-01,2.304252386093139648e+00,-1.664173841476440430e+00,4.258249282836914062e+00,-8.196563720703125000e-01,-8.009039163589477539e-01,1.089400482177734375e+01,-1.402261257171630859e+00,5.627108216285705566e-01,-2.874219417572021484e+00,-1.372705340385437012e+00,-1.324113011360168457e+00,-1.247797489166259766e+00,-1.841177821159362793e+00,-4.860077500343322754e-01,-2.270112514495849609e+00,-2.484333753585815430e+00,1.214661002159118652e+00,-2.491884380578994751e-01,-2.232090234756469727e+00,-2.263049602508544922e+00,-1.964301824569702148e+00,-8.933227658271789551e-01,-2.831165313720703125e+00,-3.858320713043212891e+00,-9.041077457368373871e-03,1.048830628395080566e+00,6.537438184022903442e-02,-1.481304287910461426e+00,1.465101361274719238e+00,6.330014228820800781e+00,4.124089717864990234e+00,-1.685206532478332520e+00,1.122207641601562500e+00,-5.484367012977600098e-01,1.971826076507568359e+00,3.271695077419281006e-01,1.515050292015075684e+00,-3.160554170608520508e+00,1.408573865890502930e+00,4.083447456359863281e+00,-4.998004436492919922e-02,1.169759035110473633e+00,3.556287765502929688e+00,-1.880088210105895996e+00,8.081163167953491211e-01,-5.000202655792236328e+00,2.404705524444580078e+00,1.398032665252685547e+00,6.192801594734191895e-01,1.499444484710693359e+00,-2.513019323348999023e+00,-4.333484172821044922e+00,2.384997159242630005e-01,-2.559191703796386719e+00,-2.199345588684082031e+00,-3.010137796401977539e+00,-1.464747786521911621e+00,3.173136413097381592e-01,1.027294397354125977e+00,5.053618431091308594e+00,-1.850232720375061035e+00,-3.728983163833618164e+00,-6.410908699035644531e-01,-1.283995509147644043e+00,8.108961582183837891e-01,-1.967034339904785156e+00,1.264593005180358887e-01,1.325234174728393555e+00,5.446735024452209473e-01
-6.238749623298645020e-01,-1.664042949676513672e+00,-1.932014346122741699e+00,4.499531745910644531e+00,5.655100941658020020e-01,1.459226369857788086e+00,-1.777665257453918457e+00,-2.499172985553741455e-01,2.613039612770080566e-01,7.994412899017333984e+00,4.056042432785034180e-01,2.164024829864501953e+00,-1.190518498420715332e+00,-1.587448835372924805e+00,1.941887587308883667e-01,-3.225370883941650391e+00,-1.827193975448608398e+00,-1.514065146446228027e+00,1.571366488933563232e-01,4.055205345153808594e+00,-1.413768053054809570e+00,-3.808468341827392578e+00,-3.340352773666381836e-01,-4.986265897750854492e-01,-6.638810634613037109e-01,1.801039695739746094e+00,9.126680493354797363e-01,-1.192045927047729492e+00,1.335668087005615234e+00,-1.100017204880714417e-01,9.337469935417175293e-03,8.351549506187438965e-01,-3.159348666667938232e-01,1.256757926940917969e+01,-6.378287076950073242e-01,-6.035672426223754883e-01,1.947341918945312500e+00,-4.867522418498992920e-01,8.721324801445007324e-01,-5.223071575164794922e-01,-4.137894809246063232e-01,8.399514853954315186e-02,1.323772072792053223e-01,1.835324019193649292e-01,1.157763123512268066e+00,-2.927993297576904297e+00,1.294071078300476074e-01,1.237367630004882812e+00,-4.716796800494194031e-02,-5.890907645225524902e-01,-1.359007716178894043e+00,-1.608807682991027832e+00,-2.294645309448242188e+00,-3.534320592880249023e-01,-2.623167276382446289e+00,-1.155257701873779297e+00,-1.656338930130004883e+00,-4.783481061458587646e-01,-2.244714021682739258e+00,-3.408977746963500977e+00,-8.089150786399841309e-01,2.403120398521423340e-01,-4.982811510562896729e-01,1.946774005889892578e+00,6.642133593559265137e-01,3.476151227951049805e+00,7.691064476966857910e-01,3.335441589355468750e+00,-1.023053765296936035e+00,-7.052645683288574219e-01,-1.240878105163574219e+00,1.460620045661926270e+00,2.768858432769775391e+00,-2.125195503234863281e+00,-2.847478151321411133e+00,-2.039109468460083008e+00,2.002836227416992188e+00,6.523345708847045898e-01,1.208061277866363525e-01,-5.969710946083068848e-01,7.998948693275451660e-01,-1.351002752780914307e-01,-2.483319520950317383e+00,8.321712613105773926e-01,-4.716054439544677734e+00,4.598763883113861084e-01,-3.839769840240478516e+00,2.420758306980133057e-01,6.583532094955444336e-01,-4.057900905609130859e-01,2.099800258874893188e-01,1.503634691238403320e+00,-6.762545704841613770e-01,-2.550122499465942383e+00,3.497307538986206055e+00,1.732239842414855957e+00,-1.132697939872741699e+00,-2.804569721221923828e+00,1.050312399864196777e+00,1.670382022857666016e+00
1.475017309188842773e+00,-1.851429820060729980e+00,-1.451186060905456543e+00,-1.074887633323669434e+00,-1.817706942558288574e+00,7.822287082672119141e-01,-2.444478034973144531e+00,-2.187682390213012695e+00,3.292522668838500977e+00,-9.501785039901733398e-01,2.260559082031250000e+00,3.900796413421630859e+00,1.482749462127685547e+00,-8.432274460792541504e-01,5.666861534118652344e-01,-3.480870962142944336e+00,-1.318808436393737793e+00,-2.294435262680053711e+00,-6.252445578575134277e-01,-1.406751751899719238e+00,-8.829466700553894043e-01,-3.061304688453674316e-01,-2.104773759841918945e+00,-1.096792984753847122e-02,2.380279898643493652e-01,-4.390079975128173828e+00,4.479964375495910645e-01,-1.321621775627136230e+00,2.790142059326171875e+00,1.608252048492431641e+00,1.338111996650695801e+00,3.931572675704956055e+00,-1.510178923606872559e+00,4.859661757946014404e-01,-4.682269692420959473e-01,-2.835806131362915039e+00,-8.773866295814514160e-02,-2.084768772125244141e+00,6.100078821182250977e-01,1.196751356124877930e+00,-1.211645245552062988e+00,1.215927600860595703e+00,-1.432378053665161133e+00,-2.265709877014160156e+00,-1.548532485961914062e+00,-2.621881484985351562e+00,-1.891108274459838867e+00,-9.023671150207519531e-01,-1.517353802919387817e-01,3.066610574722290039e+00,-1.493571639060974121e+00,-4.097171425819396973e-01,-1.446996033191680908e-01,-1.651454091072082520e+00,-3.185209333896636963e-01,-2.002638101577758789e+00,1.350022912025451660e+00,-8.161688446998596191e-01,-1.645779252052307129e+00,5.552101135253906250e-01,1.048173427581787109e+00,-3.441450297832489014e-01,4.435512125492095947e-01,-3.815946877002716064e-01,7.664958238601684570e-01,1.084709167480468750e+00,3.378753662109375000e+00,-3.546687841415405273e+00,1.573452115058898926e+00,4.330472469329833984e+00,-1.426016807556152344e+00,-5.617156624794006348e-01,-1.767632603645324707e+00,2.756333112716674805e+00,-1.134950518608093262e+00,-2.687997817993164062e+00,-5.174941539764404297e+00,-5.024344921112060547e-01,7.318828105926513672e+00,-1.940120905637741089e-01,6.049671173095703125e-01,-2.022253751754760742e+00,-2.587783575057983398e+00,2.835040390491485596e-01,-3.189744710922241211e+00,4.641115963459014893e-01,-4.164067745208740234e+00,-7.931792736053466797e-01,-1.725454688072204590e+00,6.872954368591308594e-01,3.108230829238891602e+00,-2.520204782485961914e+00,-3.216474771499633789e+00,-2.605694532394409180e+00,-5.912520289421081543e-01,4.271300435066223145e-01,-1.650308847427368164e+00,2.529384195804595947e-01,9.700687408447265625e+00,1.445620059967041016e+00
-7.422696948051452637e-01,-1.012687921524047852e+00,-9.599623680114746094e-01,9.662230014801025391e-01,-3.843606412410736084e-01,-2.489479064941406250e+00,-1.872742652893066406e+00,-2.128041505813598633e+00,3.514018654823303223e-01,2.865973234176635742e+00,-2.085972070693969727e+00,3.187624931335449219e+00,1.165725994110107422e+01,-3.843705356121063232e-01,-1.669373393058776855e+00,-3.863867759704589844e+00,-4.663383662700653076e-01,1.188309788703918457e-01,5.208751559257507324e-01,-1.429243922233581543e+00,-2.431811332702636719e+00,-1.055701136589050293e+00,3.701782226562500000e-02,7.113194465637207031e-01,-8.603320270776748657e-02,-1.779773384332656860e-01,-8.672584295272827148e-01,-7.447208166122436523e-01,1.158005118370056152e+00,2.205270975828170776e-01,3.005792140960693359e+00,2.883493423461914062e+00,2.123511791229248047e+00,-9.531704187393188477e-01,1.391045689582824707e+00,-3.348586082458496094e+00,-3.041018247604370117e+00,-9.508638381958007812e-01,3.744116544723510742e+00,5.105886936187744141e+00,-7.999258115887641907e-03,-7.369761466979980469e-01,-8.372691273689270020e-01,-8.622991442680358887e-01,-1.715442061424255371e+00,-3.258524537086486816e-01,-3.125960350036621094e+00,-6.444832086563110352e-01,-7.662576436996459961e-01,-2.533334016799926758e+00,1.199792861938476562e+00,-1.697265505790710449e+00,1.529791474342346191e+00,-2.745289206504821777e-01,-3.595773935317993164e+00,-1.037816643714904785e+00,-3.894879102706909180e+00,-2.091802120208740234e+00,1.962580323219299316e+00,4.955201745033264160e-01,-2.322331666946411133e+00,-2.678369045257568359e+00,1.003627061843872070e+00,-1.782001018524169922e+00,4.596152156591415405e-02,-5.607376694679260254e-01,2.838308811187744141e+00,-4.779563546180725098e-01,-3.411936283111572266e+00,4.640847444534301758e-01,7.989835143089294434e-01,-7.522375583648681641e-01,-2.427215814590454102e+00,9.367794990539550781e-01,2.773082733154296875e+00,2.711807191371917725e-01,-1.123405098915100098e+00,-2.237535476684570312e+00,4.484178543090820312e+00,-3.093944489955902100e-01,-1.014406085014343262e+00,-3.940551757812500000e+00,-1.736794471740722656e+00,4.464656829833984375e+00,-2.534071207046508789e+00,1.257030248641967773e+00,-1.622340917587280273e+00,1.470171511173248291e-01,-2.949005603790283203e+00,2.344376742839813232e-01,5.065500140190124512e-01,-2.691112279891967773e+00,-1.227831602096557617e+00,-3.417453527450561523e+00,-8.371727466583251953e-01,4.074999690055847168e-01,-1.076714277267456055e+00,4.752530574798583984e+00,-2.380060553550720215e-01,2.341181598603725433e-02
-1.192591786384582520e+00,-1.099932193756103516e+00,-2.448483943939208984e+00,2.999545812606811523e+00,-7.828623056411743164e-01,-1.531758308410644531e+00,1.511692523956298828e+00,-7.661560177803039551e-01,-8.218472599983215332e-01,3.487164020538330078e+00,-3.574542760848999023e+00,1.687120318412780762e+00,1.778475165367126465e+00,-1.184076547622680664e+00,-9.698815345764160156e-01,-1.467751383781433105e+00,-1.234910488128662109e+00,7.950753718614578247e-02,2.062994480133056641e+00,1.075526833534240723e+00,-5.983766317367553711e-01,-1.050582826137542725e-01,-8.482003808021545410e-01,1.339730024337768555e+00,-1.588782429695129395e+00,2.612826347351074219e+00,-1.009202837944030762e+00,2.003245592117309570e+00,-3.028565168380737305e+00,-4.059380531311035156e+00,2.892210721969604492e+00,-5.847167223691940308e-02,1.304140806198120117e+00,-7.320432662963867188e-01,-1.625303626060485840e-01,1.280179738998413086e+00,2.657436609268188477e+00,3.382966279983520508e+00,5.702149391174316406e+00,-2.901746749877929688e+00,-2.251759290695190430e+00,-1.546359896659851074e+00,-3.609592914581298828e+00,-4.276696681976318359e+00,2.863380193710327148e+00,1.059590816497802734e+00,1.716853618621826172e+00,1.081229820847511292e-01,1.379744261503219604e-01,3.447576463222503662e-01,9.685460925102233887e-01,1.754641294479370117e+00,1.335823059082031250e+00,-8.903796672821044922e-01,-1.628982305526733398e+00,7.938497066497802734e-01,-4.009488105773925781e+00,4.119975268840789795e-01,-3.816245794296264648e-01,1.063750505447387695e+00,-8.769091367721557617e-01,-9.514771103858947754e-01,-5.652498006820678711e-01,-1.052189946174621582e+00,-2.480786800384521484e+00,1.543697476387023926e+00,3.485275506973266602e+00,-6.036334037780761719e-01,2.049392223358154297e+00,-4.024670600891113281e+00,-2.261415004730224609e+00,-1.458506703376770020e+00,-2.012373685836791992e+00,2.728524208068847656e+00,1.208309888839721680e+00,-2.418607950210571289e+00,-1.102636575698852539e+00,-5.349628925323486328e-01,-9.188722372055053711e-01,-9.601739048957824707e-01,-1.422903060913085938e+00,-1.192142844200134277e+00,-6.567322015762329102e-01,3.335350155830383301e-01,-2.186474323272705078e+00,-3.002378463745117188e+00,1.409972381591796875e+01,-1.098372414708137512e-01,6.783311963081359863e-01,-2.429942607879638672e+00,3.074896708130836487e-02,-6.694561839103698730e-01,-2.350773096084594727e+00,3.406197547912597656e+00,-1.586352705955505371e+00,-2.015502214431762695e+00,2.521937847137451172e+00,1.283569574356079102e+00,-2.528168201446533203e+00,-1.473589301109313965e+00
