nohup: 忽略输入
Cached p13_f_subidha -> ./cached_train/p13_f_subidha.pt
Cached p4_c_subidha -> ./cached_train/p4_c_subidha.pt
Cached p14_f_subidha -> ./cached_train/p14_f_subidha.pt
Cached p1_c_subidha -> ./cached_train/p1_c_subidha.pt
Cached p16_f_subidha -> ./cached_train/p16_f_subidha.pt
Cached p2_f_subidha -> ./cached_train/p2_f_subidha.pt
Cached p3_f_subidha -> ./cached_train/p3_f_subidha.pt
Cached p7_f_subidha -> ./cached_train/p7_f_subidha.pt
Cached p11_f_subidha -> ./cached_train/p11_f_subidha.pt
Cached p13_c_subidha -> ./cached_train/p13_c_subidha.pt
Cached p12_c_subidha -> ./cached_train/p12_c_subidha.pt
Cached p15_c_subidha -> ./cached_train/p15_c_subidha.pt
Cached p15_f_subidha -> ./cached_train/p15_f_subidha.pt
Cached p8_c_subidha -> ./cached_train/p8_c_subidha.pt
Cached p6_f_subidha -> ./cached_train/p6_f_subidha.pt
Cached p7_c_subidha -> ./cached_train/p7_c_subidha.pt
Cached p8_f_subidha -> ./cached_train/p8_f_subidha.pt
Cached p3_f_golarhaar -> ./cached_train/p3_f_golarhaar.pt
Cached p12_f_golarhaar -> ./cached_train/p12_f_golarhaar.pt
Cached p13_f_golarhaar -> ./cached_train/p13_f_golarhaar.pt
Cached p7_f_golarhaar -> ./cached_train/p7_f_golarhaar.pt
Cached p7_c_golarhaar -> ./cached_train/p7_c_golarhaar.pt
Cached p15_c_golarhaar -> ./cached_train/p15_c_golarhaar.pt
Cached p16_f_golarhaar -> ./cached_train/p16_f_golarhaar.pt
Cached p4_f_golarhaar -> ./cached_train/p4_f_golarhaar.pt
Cached p11_f_golarhaar -> ./cached_train/p11_f_golarhaar.pt
Cached p13_c_golarhaar -> ./cached_train/p13_c_golarhaar.pt
Cached p8_f_golarhaar -> ./cached_train/p8_f_golarhaar.pt
Cached p15_f_golarhaar -> ./cached_train/p15_f_golarhaar.pt
Cached p11_c_golarhaar -> ./cached_train/p11_c_golarhaar.pt
Cached p4_c_golarhaar -> ./cached_train/p4_c_golarhaar.pt
Cached p6_c_golarhaar -> ./cached_train/p6_c_golarhaar.pt
Cached p12_c_golarhaar -> ./cached_train/p12_c_golarhaar.pt
Cached p14_c_golarhaar -> ./cached_train/p14_c_golarhaar.pt
Cached p1_c_golarhaar -> ./cached_train/p1_c_golarhaar.pt
Cached p2_f_golarhaar -> ./cached_train/p2_f_golarhaar.pt
Cached p16_c_golarhaar -> ./cached_train/p16_c_golarhaar.pt
Cached p1_f_golarhaar -> ./cached_train/p1_f_golarhaar.pt
Cached p6_f_golarhaar -> ./cached_train/p6_f_golarhaar.pt
Cached p8_c_golarhaar -> ./cached_train/p8_c_golarhaar.pt
Cached p14_f_golarhaar -> ./cached_train/p14_f_golarhaar.pt
Cached p11_f_boro -> ./cached_train/p11_f_boro.pt
Cached p2_f_boro -> ./cached_train/p2_f_boro.pt
Cached p16_f_boro -> ./cached_train/p16_f_boro.pt
Cached p1_f_boro -> ./cached_train/p1_f_boro.pt
Cached p11_c_boro -> ./cached_train/p11_c_boro.pt
Cached p3_f_boro -> ./cached_train/p3_f_boro.pt
Cached p14_f_boro -> ./cached_train/p14_f_boro.pt
Cached p15_c_boro -> ./cached_train/p15_c_boro.pt
Cached p13_c_boro -> ./cached_train/p13_c_boro.pt
Cached p14_c_boro -> ./cached_train/p14_c_boro.pt
Cached p7_f_boro -> ./cached_train/p7_f_boro.pt
Cached p8_c_boro -> ./cached_train/p8_c_boro.pt
Cached p15_f_boro -> ./cached_train/p15_f_boro.pt
Cached p7_c_boro -> ./cached_train/p7_c_boro.pt
Cached p6_c_boro -> ./cached_train/p6_c_boro.pt
Cached p16_c_boro -> ./cached_train/p16_c_boro.pt
Cached p12_f_boro -> ./cached_train/p12_f_boro.pt
Cached p1_c_boro -> ./cached_train/p1_c_boro.pt
Cached p6_f_boro -> ./cached_train/p6_f_boro.pt
Cached p8_f_boro -> ./cached_train/p8_f_boro.pt
Cached p4_f_boro -> ./cached_train/p4_f_boro.pt
Cached p4_c_boro -> ./cached_train/p4_c_boro.pt
Cached p12_c_boro -> ./cached_train/p12_c_boro.pt
Cached p13_f_boro -> ./cached_train/p13_f_boro.pt
Cached p13_f_gach -> ./cached_train/p13_f_gach.pt
Cached p12_f_gach -> ./cached_train/p12_f_gach.pt
Cached p7_f_gach -> ./cached_train/p7_f_gach.pt
Cached p8_c_gach -> ./cached_train/p8_c_gach.pt
Cached p11_f_gach -> ./cached_train/p11_f_gach.pt
Cached p6_f_gach -> ./cached_train/p6_f_gach.pt
Cached p8_f_gach -> ./cached_train/p8_f_gach.pt
Cached p13_c_gach -> ./cached_train/p13_c_gach.pt
Cached p3_f_gach -> ./cached_train/p3_f_gach.pt
Cached p16_c_gach -> ./cached_train/p16_c_gach.pt
Cached p14_f_gach -> ./cached_train/p14_f_gach.pt
Cached p6_c_gach -> ./cached_train/p6_c_gach.pt
Cached p11_c_gach -> ./cached_train/p11_c_gach.pt
Cached p14_c_gach -> ./cached_train/p14_c_gach.pt
Cached p12_c_gach -> ./cached_train/p12_c_gach.pt
Cached p1_c_gach -> ./cached_train/p1_c_gach.pt
Cached p2_f_gach -> ./cached_train/p2_f_gach.pt
Cached p4_c_gach -> ./cached_train/p4_c_gach.pt
Cached p1_f_gach -> ./cached_train/p1_f_gach.pt
Cached p15_f_gach -> ./cached_train/p15_f_gach.pt
Cached p15_c_gach -> ./cached_train/p15_c_gach.pt
Cached p4_f_gach -> ./cached_train/p4_f_gach.pt
Cached p16_f_gach -> ./cached_train/p16_f_gach.pt
Cached p7_c_gach -> ./cached_train/p7_c_gach.pt
Cached p11_f_protijogita -> ./cached_train/p11_f_protijogita.pt
Cached p8_f_protijogita -> ./cached_train/p8_f_protijogita.pt
Cached p3_f_protijogita -> ./cached_train/p3_f_protijogita.pt
Cached p7_f_protijogita -> ./cached_train/p7_f_protijogita.pt
Cached p8_c_protijogita -> ./cached_train/p8_c_protijogita.pt
Cached p13_c_protijogita -> ./cached_train/p13_c_protijogita.pt
Cached p1_c_protijogita -> ./cached_train/p1_c_protijogita.pt
Cached p4_f_protijogita -> ./cached_train/p4_f_protijogita.pt
Cached p12_c_protijogita -> ./cached_train/p12_c_protijogita.pt
Cached p15_f_protijogita -> ./cached_train/p15_f_protijogita.pt
Cached p11_c_protijogita -> ./cached_train/p11_c_protijogita.pt
Cached p6_f_protijogita -> ./cached_train/p6_f_protijogita.pt
Cached p16_c_protijogita -> ./cached_train/p16_c_protijogita.pt
Cached p16_f_protijogita -> ./cached_train/p16_f_protijogita.pt
Cached p7_c_protijogita -> ./cached_train/p7_c_protijogita.pt
Cached p13_f_protijogita -> ./cached_train/p13_f_protijogita.pt
Cached p2_f_protijogita -> ./cached_train/p2_f_protijogita.pt
Cached p1_f_protijogita -> ./cached_train/p1_f_protijogita.pt
Cached p6_c_protijogita -> ./cached_train/p6_c_protijogita.pt
Cached p14_c_protijogita -> ./cached_train/p14_c_protijogita.pt
Cached p12_f_protijogita -> ./cached_train/p12_f_protijogita.pt
Cached p15_c_protijogita -> ./cached_train/p15_c_protijogita.pt
Cached p4_c_protijogita -> ./cached_train/p4_c_protijogita.pt
Cached p14_f_protijogita -> ./cached_train/p14_f_protijogita.pt
Cached p16_f_mask -> ./cached_train/p16_f_mask.pt
Cached p4_c_mask -> ./cached_train/p4_c_mask.pt
Cached p6_f_mask -> ./cached_train/p6_f_mask.pt
Cached p11_c_mask -> ./cached_train/p11_c_mask.pt
Cached p4_f_mask -> ./cached_train/p4_f_mask.pt
Cached p3_f_mask -> ./cached_train/p3_f_mask.pt
Cached p7_f_mask -> ./cached_train/p7_f_mask.pt
Cached p16_c_mask -> ./cached_train/p16_c_mask.pt
Cached p12_f_mask -> ./cached_train/p12_f_mask.pt
Cached p14_f_mask -> ./cached_train/p14_f_mask.pt
Cached p6_c_mask -> ./cached_train/p6_c_mask.pt
Cached p14_c_mask -> ./cached_train/p14_c_mask.pt
Cached p2_f_mask -> ./cached_train/p2_f_mask.pt
Cached p15_c_mask -> ./cached_train/p15_c_mask.pt
Cached p7_c_mask -> ./cached_train/p7_c_mask.pt
Cached p1_c_mask -> ./cached_train/p1_c_mask.pt
Cached p12_c_mask -> ./cached_train/p12_c_mask.pt
Cached p8_f_mask -> ./cached_train/p8_f_mask.pt
Cached p8_c_mask -> ./cached_train/p8_c_mask.pt
Cached p11_f_mask -> ./cached_train/p11_f_mask.pt
Cached p1_f_mask -> ./cached_train/p1_f_mask.pt
Cached p13_f_mask -> ./cached_train/p13_f_mask.pt
Cached p15_f_mask -> ./cached_train/p15_f_mask.pt
Cached p13_c_mask -> ./cached_train/p13_c_mask.pt
Cached p14_c_sajano -> ./cached_train/p14_c_sajano.pt
Cached p7_c_sajano -> ./cached_train/p7_c_sajano.pt
Cached p16_c_sajano -> ./cached_train/p16_c_sajano.pt
Cached p1_f_sajano -> ./cached_train/p1_f_sajano.pt
Cached p13_f_sajano -> ./cached_train/p13_f_sajano.pt
Cached p13_c_sajano -> ./cached_train/p13_c_sajano.pt
Cached p14_f_sajano -> ./cached_train/p14_f_sajano.pt
Cached p6_c_sajano -> ./cached_train/p6_c_sajano.pt
Cached p4_c_sajano -> ./cached_train/p4_c_sajano.pt
Cached p15_f_sajano -> ./cached_train/p15_f_sajano.pt
Cached p8_c_sajano -> ./cached_train/p8_c_sajano.pt
Cached p6_f_sajano -> ./cached_train/p6_f_sajano.pt
Cached p11_c_sajano -> ./cached_train/p11_c_sajano.pt
Cached p12_c_sajano -> ./cached_train/p12_c_sajano.pt
Cached p15_c_sajano -> ./cached_train/p15_c_sajano.pt
Cached p7_f_sajano -> ./cached_train/p7_f_sajano.pt
Cached p12_f_sajano -> ./cached_train/p12_f_sajano.pt
Cached p4_f_sajano -> ./cached_train/p4_f_sajano.pt
Cached p11_f_sajano -> ./cached_train/p11_f_sajano.pt
Cached p8_f_sajano -> ./cached_train/p8_f_sajano.pt
Cached p16_f_sajano -> ./cached_train/p16_f_sajano.pt
Cached p3_f_sajano -> ./cached_train/p3_f_sajano.pt
Cached p1_c_sajano -> ./cached_train/p1_c_sajano.pt
Cached p2_f_sajano -> ./cached_train/p2_f_sajano.pt
Cached p15_f_hata -> ./cached_train/p15_f_hata.pt
Cached p16_c_hata -> ./cached_train/p16_c_hata.pt
Cached p14_f_hata -> ./cached_train/p14_f_hata.pt
Cached p11_c_hata -> ./cached_train/p11_c_hata.pt
Cached p15_c_hata -> ./cached_train/p15_c_hata.pt
Cached p7_f_hata -> ./cached_train/p7_f_hata.pt
Cached p3_f_hata -> ./cached_train/p3_f_hata.pt
Cached p1_c_hata -> ./cached_train/p1_c_hata.pt
Cached p8_f_hata -> ./cached_train/p8_f_hata.pt
Cached p2_f_hata -> ./cached_train/p2_f_hata.pt
Cached p13_c_hata -> ./cached_train/p13_c_hata.pt
Cached p13_f_hata -> ./cached_train/p13_f_hata.pt
Cached p6_f_hata -> ./cached_train/p6_f_hata.pt
Cached p12_f_hata -> ./cached_train/p12_f_hata.pt
Cached p8_c_hata -> ./cached_train/p8_c_hata.pt
Cached p11_f_hata -> ./cached_train/p11_f_hata.pt
Cached p6_c_hata -> ./cached_train/p6_c_hata.pt
Cached p4_c_hata -> ./cached_train/p4_c_hata.pt
Cached p14_c_hata -> ./cached_train/p14_c_hata.pt
Cached p1_f_hata -> ./cached_train/p1_f_hata.pt
Cached p7_c_hata -> ./cached_train/p7_c_hata.pt
Cached p16_f_hata -> ./cached_train/p16_f_hata.pt
Cached p12_c_hata -> ./cached_train/p12_c_hata.pt
Cached p4_f_hata -> ./cached_train/p4_f_hata.pt
Cached p1_f_dudh -> ./cached_train/p1_f_dudh.pt
Cached p1_c_dudh -> ./cached_train/p1_c_dudh.pt
Cached p4_c_dudh -> ./cached_train/p4_c_dudh.pt
Cached p15_c_dudh -> ./cached_train/p15_c_dudh.pt
Cached p16_f_dudh -> ./cached_train/p16_f_dudh.pt
Cached p12_c_dudh -> ./cached_train/p12_c_dudh.pt
Cached p3_f_dudh -> ./cached_train/p3_f_dudh.pt
Cached p14_f_dudh -> ./cached_train/p14_f_dudh.pt
Cached p6_c_dudh -> ./cached_train/p6_c_dudh.pt
Cached p6_f_dudh -> ./cached_train/p6_f_dudh.pt
Cached p14_c_dudh -> ./cached_train/p14_c_dudh.pt
Cached p13_f_dudh -> ./cached_train/p13_f_dudh.pt
Cached p7_c_dudh -> ./cached_train/p7_c_dudh.pt
Cached p7_f_dudh -> ./cached_train/p7_f_dudh.pt
Cached p15_f_dudh -> ./cached_train/p15_f_dudh.pt
Cached p12_f_dudh -> ./cached_train/p12_f_dudh.pt
Cached p2_f_dudh -> ./cached_train/p2_f_dudh.pt
Cached p11_f_dudh -> ./cached_train/p11_f_dudh.pt
Cached p16_c_dudh -> ./cached_train/p16_c_dudh.pt
Cached p13_c_dudh -> ./cached_train/p13_c_dudh.pt
Cached p8_f_dudh -> ./cached_train/p8_f_dudh.pt
Cached p4_f_dudh -> ./cached_train/p4_f_dudh.pt
Cached p8_c_dudh -> ./cached_train/p8_c_dudh.pt
Cached p11_c_dudh -> ./cached_train/p11_c_dudh.pt
Cached p2_f_sahajjo -> ./cached_train/p2_f_sahajjo.pt
Cached p15_c_sahajjo -> ./cached_train/p15_c_sahajjo.pt
Cached p6_c_sahajjo -> ./cached_train/p6_c_sahajjo.pt
Cached p16_f_sahajjo -> ./cached_train/p16_f_sahajjo.pt
Cached p8_c_sahajjo -> ./cached_train/p8_c_sahajjo.pt
Cached p1_f_sahajjo -> ./cached_train/p1_f_sahajjo.pt
Cached p13_c_sahajjo -> ./cached_train/p13_c_sahajjo.pt
Cached p4_c_sahajjo -> ./cached_train/p4_c_sahajjo.pt
Cached p6_f_sahajjo -> ./cached_train/p6_f_sahajjo.pt
Cached p12_c_sahajjo -> ./cached_train/p12_c_sahajjo.pt
Cached p3_f_sahajjo -> ./cached_train/p3_f_sahajjo.pt
Cached p7_f_sahajjo -> ./cached_train/p7_f_sahajjo.pt
Cached p4_f_sahajjo -> ./cached_train/p4_f_sahajjo.pt
Cached p15_f_sahajjo -> ./cached_train/p15_f_sahajjo.pt
Cached p11_f_sahajjo -> ./cached_train/p11_f_sahajjo.pt
Cached p11_c_sahajjo -> ./cached_train/p11_c_sahajjo.pt
Cached p13_f_sahajjo -> ./cached_train/p13_f_sahajjo.pt
Cached p7_c_sahajjo -> ./cached_train/p7_c_sahajjo.pt
Cached p14_c_sahajjo -> ./cached_train/p14_c_sahajjo.pt
Cached p12_f_sahajjo -> ./cached_train/p12_f_sahajjo.pt
Cached p1_c_sahajjo -> ./cached_train/p1_c_sahajjo.pt
Cached p8_f_sahajjo -> ./cached_train/p8_f_sahajjo.pt
Cached p16_c_sahajjo -> ./cached_train/p16_c_sahajjo.pt
Cached p14_f_sahajjo -> ./cached_train/p14_f_sahajjo.pt
Cached p3_f_shirt -> ./cached_train/p3_f_shirt.pt
Cached p14_c_shirt -> ./cached_train/p14_c_shirt.pt
Cached p8_c_shirt -> ./cached_train/p8_c_shirt.pt
Cached p16_f_shirt -> ./cached_train/p16_f_shirt.pt
Cached p7_f_shirt -> ./cached_train/p7_f_shirt.pt
Cached p13_f_shirt -> ./cached_train/p13_f_shirt.pt
Cached p1_f_shirt -> ./cached_train/p1_f_shirt.pt
Cached p15_c_shirt -> ./cached_train/p15_c_shirt.pt
Cached p16_c_shirt -> ./cached_train/p16_c_shirt.pt
Cached p11_c_shirt -> ./cached_train/p11_c_shirt.pt
Cached p2_f_shirt -> ./cached_train/p2_f_shirt.pt
Cached p1_c_shirt -> ./cached_train/p1_c_shirt.pt
Cached p11_f_shirt -> ./cached_train/p11_f_shirt.pt
Cached p15_f_shirt -> ./cached_train/p15_f_shirt.pt
Cached p12_c_shirt -> ./cached_train/p12_c_shirt.pt
Cached p12_f_shirt -> ./cached_train/p12_f_shirt.pt
Cached p8_f_shirt -> ./cached_train/p8_f_shirt.pt
Cached p4_c_shirt -> ./cached_train/p4_c_shirt.pt
Cached p13_c_shirt -> ./cached_train/p13_c_shirt.pt
Cached p6_f_shirt -> ./cached_train/p6_f_shirt.pt
Cached p14_f_shirt -> ./cached_train/p14_f_shirt.pt
Cached p7_c_shirt -> ./cached_train/p7_c_shirt.pt
Cached p6_c_shirt -> ./cached_train/p6_c_shirt.pt
Cached p4_f_shirt -> ./cached_train/p4_f_shirt.pt
Cached p13_c_pakhi -> ./cached_train/p13_c_pakhi.pt
Cached p6_c_pakhi -> ./cached_train/p6_c_pakhi.pt
Cached p16_c_pakhi -> ./cached_train/p16_c_pakhi.pt
Cached p6_f_pakhi -> ./cached_train/p6_f_pakhi.pt
Cached p13_f_pakhi -> ./cached_train/p13_f_pakhi.pt
Cached p1_c_pakhi -> ./cached_train/p1_c_pakhi.pt
Cached p4_f_pakhi -> ./cached_train/p4_f_pakhi.pt
Cached p7_f_pakhi -> ./cached_train/p7_f_pakhi.pt
Cached p7_c_pakhi -> ./cached_train/p7_c_pakhi.pt
Cached p4_c_pakhi -> ./cached_train/p4_c_pakhi.pt
Cached p3_f_pakhi -> ./cached_train/p3_f_pakhi.pt
Cached p2_f_pakhi -> ./cached_train/p2_f_pakhi.pt
Cached p11_f_pakhi -> ./cached_train/p11_f_pakhi.pt
Cached p11_c_pakhi -> ./cached_train/p11_c_pakhi.pt
Cached p14_f_pakhi -> ./cached_train/p14_f_pakhi.pt
Cached p8_c_pakhi -> ./cached_train/p8_c_pakhi.pt
Cached p1_f_pakhi -> ./cached_train/p1_f_pakhi.pt
Cached p15_f_pakhi -> ./cached_train/p15_f_pakhi.pt
Cached p15_c_pakhi -> ./cached_train/p15_c_pakhi.pt
Cached p12_f_pakhi -> ./cached_train/p12_f_pakhi.pt
Cached p8_f_pakhi -> ./cached_train/p8_f_pakhi.pt
Cached p16_f_pakhi -> ./cached_train/p16_f_pakhi.pt
Cached p14_c_pakhi -> ./cached_train/p14_c_pakhi.pt
Cached p12_c_pakhi -> ./cached_train/p12_c_pakhi.pt
Cached p6_c_protigga -> ./cached_train/p6_c_protigga.pt
Cached p7_c_protigga -> ./cached_train/p7_c_protigga.pt
Cached p7_f_protigga -> ./cached_train/p7_f_protigga.pt
Cached p11_f_protigga -> ./cached_train/p11_f_protigga.pt
Cached p15_f_protigga -> ./cached_train/p15_f_protigga.pt
Cached p15_c_protigga -> ./cached_train/p15_c_protigga.pt
Cached p2_f_protigga -> ./cached_train/p2_f_protigga.pt
Cached p6_f_protigga -> ./cached_train/p6_f_protigga.pt
Cached p1_c_protigga -> ./cached_train/p1_c_protigga.pt
Cached p8_f_protigga -> ./cached_train/p8_f_protigga.pt
Cached p14_c_protigga -> ./cached_train/p14_c_protigga.pt
Cached p8_c_protigga -> ./cached_train/p8_c_protigga.pt
Cached p13_f_protigga -> ./cached_train/p13_f_protigga.pt
Cached p13_c_protigga -> ./cached_train/p13_c_protigga.pt
Cached p12_c_protigga -> ./cached_train/p12_c_protigga.pt
Cached p3_f_protigga -> ./cached_train/p3_f_protigga.pt
Cached p16_f_protigga -> ./cached_train/p16_f_protigga.pt
Cached p4_c_protigga -> ./cached_train/p4_c_protigga.pt
Cached p12_f_protigga -> ./cached_train/p12_f_protigga.pt
Cached p4_f_protigga -> ./cached_train/p4_f_protigga.pt
Cached p16_c_protigga -> ./cached_train/p16_c_protigga.pt
Cached p14_f_protigga -> ./cached_train/p14_f_protigga.pt
Cached p11_c_protigga -> ./cached_train/p11_c_protigga.pt
Cached p1_f_protigga -> ./cached_train/p1_f_protigga.pt
Cached p8_c_moja -> ./cached_train/p8_c_moja.pt
Cached p1_c_moja -> ./cached_train/p1_c_moja.pt
Cached p4_f_moja -> ./cached_train/p4_f_moja.pt
Cached p15_c_moja -> ./cached_train/p15_c_moja.pt
Cached p11_f_moja -> ./cached_train/p11_f_moja.pt
Cached p2_f_moja -> ./cached_train/p2_f_moja.pt
Cached p4_c_moja -> ./cached_train/p4_c_moja.pt
Cached p6_f_moja -> ./cached_train/p6_f_moja.pt
Cached p7_c_moja -> ./cached_train/p7_c_moja.pt
Cached p1_f_moja -> ./cached_train/p1_f_moja.pt
Cached p11_c_moja -> ./cached_train/p11_c_moja.pt
Cached p15_f_moja -> ./cached_train/p15_f_moja.pt
Cached p6_c_moja -> ./cached_train/p6_c_moja.pt
Cached p12_f_moja -> ./cached_train/p12_f_moja.pt
Cached p7_f_moja -> ./cached_train/p7_f_moja.pt
Cached p3_f_moja -> ./cached_train/p3_f_moja.pt
Cached p12_c_moja -> ./cached_train/p12_c_moja.pt
Cached p16_c_moja -> ./cached_train/p16_c_moja.pt
Cached p8_f_moja -> ./cached_train/p8_f_moja.pt
Cached p13_c_moja -> ./cached_train/p13_c_moja.pt
Cached p16_f_moja -> ./cached_train/p16_f_moja.pt
Cached p14_c_moja -> ./cached_train/p14_c_moja.pt
Cached p13_f_moja -> ./cached_train/p13_f_moja.pt
Cached p14_f_moja -> ./cached_train/p14_f_moja.pt
Cached p2_f_chikitsha -> ./cached_train/p2_f_chikitsha.pt
Cached p16_f_chikitsha -> ./cached_train/p16_f_chikitsha.pt
Cached p12_c_chikitsha -> ./cached_train/p12_c_chikitsha.pt
Cached p4_f_chikitsha -> ./cached_train/p4_f_chikitsha.pt
Cached p6_c_chikitsha -> ./cached_train/p6_c_chikitsha.pt
Cached p8_f_chikitsha -> ./cached_train/p8_f_chikitsha.pt
Cached p11_c_chikitsha -> ./cached_train/p11_c_chikitsha.pt
Cached p13_f_chikitsha -> ./cached_train/p13_f_chikitsha.pt
Cached p6_f_chikitsha -> ./cached_train/p6_f_chikitsha.pt
Cached p1_f_chikitsa -> ./cached_train/p1_f_chikitsa.pt
Cached p12_f_chikitsha -> ./cached_train/p12_f_chikitsha.pt
Cached p14_f_chikitsha -> ./cached_train/p14_f_chikitsha.pt
Cached p7_c_chikitsha -> ./cached_train/p7_c_chikitsha.pt
Cached p16_c_chikitsha -> ./cached_train/p16_c_chikitsha.pt
Cached p11_f_chikitsha -> ./cached_train/p11_f_chikitsha.pt
Cached p15_c_chikitsha -> ./cached_train/p15_c_chikitsha.pt
Cached p13_c_chikitsha -> ./cached_train/p13_c_chikitsha.pt
Cached p7_f_chikitsha -> ./cached_train/p7_f_chikitsha.pt
Cached p15_f_chikitsha -> ./cached_train/p15_f_chikitsha.pt
Cached p4_c_chikitsha -> ./cached_train/p4_c_chikitsha.pt
Cached p1_c_chikitsha -> ./cached_train/p1_c_chikitsha.pt
Cached p8_c_chikitsha -> ./cached_train/p8_c_chikitsha.pt
Cached p3_f_chikitsha -> ./cached_train/p3_f_chikitsha.pt
Cached p14_c_chikitsha -> ./cached_train/p14_c_chikitsha.pt
Cached p4_f_bondhu -> ./cached_train/p4_f_bondhu.pt
Cached p12_f_bondhu -> ./cached_train/p12_f_bondhu.pt
Cached p6_f_bondhu -> ./cached_train/p6_f_bondhu.pt
Cached p16_f_bondhu -> ./cached_train/p16_f_bondhu.pt
Cached p2_f_bondhu -> ./cached_train/p2_f_bondhu.pt
Cached p14_f_bondhu -> ./cached_train/p14_f_bondhu.pt
Cached p3_f_bondhu -> ./cached_train/p3_f_bondhu.pt
Cached p11_f_bondhu -> ./cached_train/p11_f_bondhu.pt
Cached p8_c_bondhu -> ./cached_train/p8_c_bondhu.pt
Cached p16_c_bondhu -> ./cached_train/p16_c_bondhu.pt
Cached p6_c_bondhu -> ./cached_train/p6_c_bondhu.pt
Cached p4_c_bondhu -> ./cached_train/p4_c_bondhu.pt
Cached p1_f_bondhu -> ./cached_train/p1_f_bondhu.pt
Cached p1_c_bondhu -> ./cached_train/p1_c_bondhu.pt
Cached p11_c_bondhu -> ./cached_train/p11_c_bondhu.pt
Cached p13_c_bondhu -> ./cached_train/p13_c_bondhu.pt
Cached p15_c_bondhu -> ./cached_train/p15_c_bondhu.pt
Cached p7_f_bondhu -> ./cached_train/p7_f_bondhu.pt
Cached p14_c_bondhu -> ./cached_train/p14_c_bondhu.pt
Cached p7_c_bondhu -> ./cached_train/p7_c_bondhu.pt
Cached p12_c_bondhu -> ./cached_train/p12_c_bondhu.pt
Cached p13_f_bondhu -> ./cached_train/p13_f_bondhu.pt
Cached p15_f_bondhu -> ./cached_train/p15_f_bondhu.pt
Cached p8_f_bondhu -> ./cached_train/p8_f_bondhu.pt
Cached p4_f_mehman -> ./cached_train/p4_f_mehman.pt
Cached p13_f_mehman -> ./cached_train/p13_f_mehman.pt
Cached p11_c_mehman -> ./cached_train/p11_c_mehman.pt
Cached p12_f_mehman -> ./cached_train/p12_f_mehman.pt
Cached p3_f_mehman -> ./cached_train/p3_f_mehman.pt
Cached p13_c_mehman -> ./cached_train/p13_c_mehman.pt
Cached p1_f_mehman -> ./cached_train/p1_f_mehman.pt
Cached p6_c_mehman -> ./cached_train/p6_c_mehman.pt
Cached p8_f_mehman -> ./cached_train/p8_f_mehman.pt
Cached p14_f_mehman -> ./cached_train/p14_f_mehman.pt
Cached p15_c_mehman -> ./cached_train/p15_c_mehman.pt
Cached p11_f_mehman -> ./cached_train/p11_f_mehman.pt
Cached p7_f_mehman -> ./cached_train/p7_f_mehman.pt
Cached p16_c_mehman -> ./cached_train/p16_c_mehman.pt
Cached p2_f_mehman -> ./cached_train/p2_f_mehman.pt
Cached p1_c_mehman -> ./cached_train/p1_c_mehman.pt
Cached p12_c_mehman -> ./cached_train/p12_c_mehman.pt
Cached p14_c_mehman -> ./cached_train/p14_c_mehman.pt
Cached p16_f_mehman -> ./cached_train/p16_f_mehman.pt
Cached p7_c_mehman -> ./cached_train/p7_c_mehman.pt
Cached p8_c_mehman -> ./cached_train/p8_c_mehman.pt
Cached p4_c_mehman -> ./cached_train/p4_c_mehman.pt
Cached p15_f_mehman -> ./cached_train/p15_f_mehman.pt
Cached p6_f_mehman -> ./cached_train/p6_f_mehman.pt
Cached p6_c_mosha -> ./cached_train/p6_c_mosha.pt
Cached p7_f_mosha -> ./cached_train/p7_f_mosha.pt
Cached p12_c_mosha -> ./cached_train/p12_c_mosha.pt
Cached p1_c_mosha -> ./cached_train/p1_c_mosha.pt
Cached p12_f_mosha -> ./cached_train/p12_f_mosha.pt
Cached p7_c_mosha -> ./cached_train/p7_c_mosha.pt
Cached p15_c_mosha -> ./cached_train/p15_c_mosha.pt
Cached p13_f_mosha -> ./cached_train/p13_f_mosha.pt
Cached p6_f_mosha -> ./cached_train/p6_f_mosha.pt
Cached p14_c_mosha -> ./cached_train/p14_c_mosha.pt
Cached p16_f_mosha -> ./cached_train/p16_f_mosha.pt
Cached p4_c_mosha -> ./cached_train/p4_c_mosha.pt
Cached p4_f_mosha -> ./cached_train/p4_f_mosha.pt
Cached p1_f_mosha -> ./cached_train/p1_f_mosha.pt
Cached p14_f_mosha -> ./cached_train/p14_f_mosha.pt
Cached p13_c_mosha -> ./cached_train/p13_c_mosha.pt
Cached p11_c_mosha -> ./cached_train/p11_c_mosha.pt
Cached p11_f_mosha -> ./cached_train/p11_f_mosha.pt
Cached p8_c_mosha -> ./cached_train/p8_c_mosha.pt
Cached p2_f_mosha -> ./cached_train/p2_f_mosha.pt
Cached p16_c_mosha -> ./cached_train/p16_c_mosha.pt
Cached p15_f_mosha -> ./cached_train/p15_f_mosha.pt
Cached p3_f_mosha -> ./cached_train/p3_f_mosha.pt
Cached p8_f_mosha -> ./cached_train/p8_f_mosha.pt
Cached p4_f_somporko -> ./cached_train/p4_f_somporko.pt
Cached p13_c_somporko -> ./cached_train/p13_c_somporko.pt
Cached p2_f_somporko -> ./cached_train/p2_f_somporko.pt
Cached p16_c_somporko -> ./cached_train/p16_c_somporko.pt
Cached p8_c_somporko -> ./cached_train/p8_c_somporko.pt
Cached p6_c_somporko -> ./cached_train/p6_c_somporko.pt
Cached p11_f_somporko -> ./cached_train/p11_f_somporko.pt
Cached p12_f_somporko -> ./cached_train/p12_f_somporko.pt
Cached p12_c_somporko -> ./cached_train/p12_c_somporko.pt
Cached p15_c_somporko -> ./cached_train/p15_c_somporko.pt
Cached p14_f_somporko -> ./cached_train/p14_f_somporko.pt
Cached p1_f_somporko -> ./cached_train/p1_f_somporko.pt
Cached p6_f_somporko -> ./cached_train/p6_f_somporko.pt
Cached p15_f_somporko -> ./cached_train/p15_f_somporko.pt
Cached p7_c_somporko -> ./cached_train/p7_c_somporko.pt
Cached p8_f_somporko -> ./cached_train/p8_f_somporko.pt
Cached p16_f_somporko -> ./cached_train/p16_f_somporko.pt
Cached p4_c_somporko -> ./cached_train/p4_c_somporko.pt
Cached p14_c_somporko -> ./cached_train/p14_c_somporko.pt
Cached p1_c_somporko -> ./cached_train/p1_c_somporko.pt
Cached p7_f_somporko -> ./cached_train/p7_f_somporko.pt
Cached p11_c_somporko -> ./cached_train/p11_c_somporko.pt
Cached p13_f_somporko -> ./cached_train/p13_f_somporko.pt
Cached p3_f_somporko -> ./cached_train/p3_f_somporko.pt
Cached p16_c_virus -> ./cached_train/p16_c_virus.pt
Cached p15_f_virus -> ./cached_train/p15_f_virus.pt
Cached p2_f_virus -> ./cached_train/p2_f_virus.pt
Cached p12_c_virus -> ./cached_train/p12_c_virus.pt
Cached p11_c_virus -> ./cached_train/p11_c_virus.pt
Cached p8_f_virus -> ./cached_train/p8_f_virus.pt
Cached p14_c_virus -> ./cached_train/p14_c_virus.pt
Cached p15_c_virus -> ./cached_train/p15_c_virus.pt
Cached p16_f_virus -> ./cached_train/p16_f_virus.pt
Cached p3_f_virus -> ./cached_train/p3_f_virus.pt
Cached p13_c_virus -> ./cached_train/p13_c_virus.pt
Cached p13_f_virus -> ./cached_train/p13_f_virus.pt
Cached p7_f_virus -> ./cached_train/p7_f_virus.pt
Cached p8_c_virus -> ./cached_train/p8_c_virus.pt
Cached p14_f_virus -> ./cached_train/p14_f_virus.pt
Cached p6_f_virus -> ./cached_train/p6_f_virus.pt
Cached p12_f_virus -> ./cached_train/p12_f_virus.pt
Cached p6_c_virus -> ./cached_train/p6_c_virus.pt
Cached p1_f_virus -> ./cached_train/p1_f_virus.pt
Cached p11_f_virus -> ./cached_train/p11_f_virus.pt
Cached p4_c_virus -> ./cached_train/p4_c_virus.pt
Cached p7_c_virus -> ./cached_train/p7_c_virus.pt
Cached p1_c_virus -> ./cached_train/p1_c_virus.pt
Cached p4_f_virus -> ./cached_train/p4_f_virus.pt
Cached p1_f_baari -> ./cached_train/p1_f_baari.pt
Cached p16_f_baari -> ./cached_train/p16_f_baari.pt
Cached p8_c_baari -> ./cached_train/p8_c_baari.pt
Cached p12_f_baari -> ./cached_train/p12_f_baari.pt
Cached p1_c_baari -> ./cached_train/p1_c_baari.pt
Cached p4_f_baari -> ./cached_train/p4_f_baari.pt
Cached p15_c_baari -> ./cached_train/p15_c_baari.pt
Cached p11_c_baari -> ./cached_train/p11_c_baari.pt
Cached p14_c_baari -> ./cached_train/p14_c_baari.pt
Cached p4_c_baari -> ./cached_train/p4_c_baari.pt
Cached p15_f_baari -> ./cached_train/p15_f_baari.pt
Cached p6_f_baari -> ./cached_train/p6_f_baari.pt
Cached p16_c_baari -> ./cached_train/p16_c_baari.pt
Cached p7_c_baari -> ./cached_train/p7_c_baari.pt
Cached p8_f_baari -> ./cached_train/p8_f_baari.pt
Cached p13_c_baari -> ./cached_train/p13_c_baari.pt
Cached p11_f_baari -> ./cached_train/p11_f_baari.pt
Cached p14_f_baari -> ./cached_train/p14_f_baari.pt
Cached p13_f_baari -> ./cached_train/p13_f_baari.pt
Cached p3_f_baari -> ./cached_train/p3_f_baari.pt
Cached p2_f_baari -> ./cached_train/p2_f_baari.pt
Cached p7_f_baari -> ./cached_train/p7_f_baari.pt
Cached p6_c_baari -> ./cached_train/p6_c_baari.pt
Cached p12_c_baari -> ./cached_train/p12_c_baari.pt
Cached p6_f_plate -> ./cached_train/p6_f_plate.pt
Cached p14_f_plate -> ./cached_train/p14_f_plate.pt
Cached p13_c_plate -> ./cached_train/p13_c_plate.pt
Cached p16_c_plate -> ./cached_train/p16_c_plate.pt
Cached p1_f_plate -> ./cached_train/p1_f_plate.pt
Cached p7_f_plate -> ./cached_train/p7_f_plate.pt
Cached p1_c_plate -> ./cached_train/p1_c_plate.pt
Cached p8_f_plate -> ./cached_train/p8_f_plate.pt
Cached p16_f_plate -> ./cached_train/p16_f_plate.pt
Cached p12_c_plate -> ./cached_train/p12_c_plate.pt
Cached p3_f_plate -> ./cached_train/p3_f_plate.pt
Cached p12_f_plate -> ./cached_train/p12_f_plate.pt
Cached p15_c_plate -> ./cached_train/p15_c_plate.pt
Cached p11_f_plate -> ./cached_train/p11_f_plate.pt
Cached p11_c_plate -> ./cached_train/p11_c_plate.pt
Cached p4_f_plate -> ./cached_train/p4_f_plate.pt
Cached p8_c_plate -> ./cached_train/p8_c_plate.pt
Cached p6_c_plate -> ./cached_train/p6_c_plate.pt
Cached p2_f_plate -> ./cached_train/p2_f_plate.pt
Cached p15_f_plate -> ./cached_train/p15_f_plate.pt
Cached p13_f_plate -> ./cached_train/p13_f_plate.pt
Cached p14_c_plate -> ./cached_train/p14_c_plate.pt
Cached p7_c_plate -> ./cached_train/p7_c_plate.pt
Cached p4_c_plate -> ./cached_train/p4_c_plate.pt
Cached p7_c_chair -> ./cached_train/p7_c_chair.pt
Cached p15_f_chair -> ./cached_train/p15_f_chair.pt
Cached p12_c_chair -> ./cached_train/p12_c_chair.pt
Cached p8_f_chair -> ./cached_train/p8_f_chair.pt
Cached p1_c_chair -> ./cached_train/p1_c_chair.pt
Cached p14_f_chair -> ./cached_train/p14_f_chair.pt
Cached p7_f_chair -> ./cached_train/p7_f_chair.pt
Cached p16_c_chair -> ./cached_train/p16_c_chair.pt
Cached p6_c_chair -> ./cached_train/p6_c_chair.pt
Cached p12_f_chair -> ./cached_train/p12_f_chair.pt
Cached p13_f_chair -> ./cached_train/p13_f_chair.pt
Cached p16_f_chair -> ./cached_train/p16_f_chair.pt
Cached p14_c_chair -> ./cached_train/p14_c_chair.pt
Cached p2_f_chair -> ./cached_train/p2_f_chair.pt
Cached p4_c_chair -> ./cached_train/p4_c_chair.pt
Cached p11_f_chair -> ./cached_train/p11_f_chair.pt
Cached p4_f_chair -> ./cached_train/p4_f_chair.pt
Cached p6_f_chair -> ./cached_train/p6_f_chair.pt
Cached p11_c_chair -> ./cached_train/p11_c_chair.pt
Cached p8_c_chair -> ./cached_train/p8_c_chair.pt
Cached p13_c_chair -> ./cached_train/p13_c_chair.pt
Cached p1_f_chair -> ./cached_train/p1_f_chair.pt
Cached p3_f_chair -> ./cached_train/p3_f_chair.pt
Cached p15_c_chair -> ./cached_train/p15_c_chair.pt
Cached p15_c_protibondhi -> ./cached_train/p15_c_protibondhi.pt
Cached p13_c_protibondhi -> ./cached_train/p13_c_protibondhi.pt
Cached p1_c_protibondhi -> ./cached_train/p1_c_protibondhi.pt
Cached p4_f_protibondhi -> ./cached_train/p4_f_protibondhi.pt
Cached p11_c_protibondhi -> ./cached_train/p11_c_protibondhi.pt
Cached p13_f_protibondhi -> ./cached_train/p13_f_protibondhi.pt
Cached p6_f_protibondhi -> ./cached_train/p6_f_protibondhi.pt
Cached p11_f_protibondhi -> ./cached_train/p11_f_protibondhi.pt
Cached p6_c_protibondhi -> ./cached_train/p6_c_protibondhi.pt
Cached p8_c_protibondhi -> ./cached_train/p8_c_protibondhi.pt
Cached p15_f_protibondhi -> ./cached_train/p15_f_protibondhi.pt
Cached p1_f_protibondhi -> ./cached_train/p1_f_protibondhi.pt
Cached p2_f_protibondhi -> ./cached_train/p2_f_protibondhi.pt
Cached p8_f_protibondhi -> ./cached_train/p8_f_protibondhi.pt
Cached p4_c_protibondhi -> ./cached_train/p4_c_protibondhi.pt
Cached p12_f_protibondhi -> ./cached_train/p12_f_protibondhi.pt
Cached p12_c_protibondhi -> ./cached_train/p12_c_protibondhi.pt
Cached p14_f_protibondhi -> ./cached_train/p14_f_protibondhi.pt
Cached p7_f_protibondhi -> ./cached_train/p7_f_protibondhi.pt
Cached p16_c_protibondhi -> ./cached_train/p16_c_protibondhi.pt
Cached p14_c_protibondhi -> ./cached_train/p14_c_protibondhi.pt
Cached p7_c_protibondhi -> ./cached_train/p7_c_protibondhi.pt
Cached p3_f_protibondhi -> ./cached_train/p3_f_protibondhi.pt
Cached p16_f_protibondhi -> ./cached_train/p16_f_protibondhi.pt
Cached p13_f_boi -> ./cached_train/p13_f_boi.pt
Cached p14_c_boi -> ./cached_train/p14_c_boi.pt
Cached p12_c_boi -> ./cached_train/p12_c_boi.pt
Cached p4_f_boi -> ./cached_train/p4_f_boi.pt
Cached p13_c_boi -> ./cached_train/p13_c_boi.pt
Cached p2_f_boi -> ./cached_train/p2_f_boi.pt
Cached p7_c_boi -> ./cached_train/p7_c_boi.pt
Cached p6_c_boi -> ./cached_train/p6_c_boi.pt
Cached p8_c_boi -> ./cached_train/p8_c_boi.pt
Cached p15_f_boi -> ./cached_train/p15_f_boi.pt
Cached p11_c_boi -> ./cached_train/p11_c_boi.pt
Cached p1_f_boi -> ./cached_train/p1_f_boi.pt
Cached p7_f_boi -> ./cached_train/p7_f_boi.pt
Cached p16_c_boi -> ./cached_train/p16_c_boi.pt
Cached p11_f_boi -> ./cached_train/p11_f_boi.pt
Cached p4_c_boi -> ./cached_train/p4_c_boi.pt
Cached p1_c_boi -> ./cached_train/p1_c_boi.pt
Cached p15_c_boi -> ./cached_train/p15_c_boi.pt
Cached p3_f_boi -> ./cached_train/p3_f_boi.pt
Cached p8_f_boi -> ./cached_train/p8_f_boi.pt
Cached p16_f_boi -> ./cached_train/p16_f_boi.pt
Cached p14_f_boi -> ./cached_train/p14_f_boi.pt
Cached p12_f_boi -> ./cached_train/p12_f_boi.pt
Cached p6_f_boi -> ./cached_train/p6_f_boi.pt
Cached p4_c_chosma -> ./cached_train/p4_c_chosma.pt
Cached p11_c_chosma -> ./cached_train/p11_c_chosma.pt
Cached p7_f_chosma -> ./cached_train/p7_f_chosma.pt
Cached p6_f_chosma -> ./cached_train/p6_f_chosma.pt
Cached p15_c_chosma -> ./cached_train/p15_c_chosma.pt
Cached p14_f_chosma -> ./cached_train/p14_f_chosma.pt
Cached p11_f_chosma -> ./cached_train/p11_f_chosma.pt
Cached p3_f_chosma -> ./cached_train/p3_f_chosma.pt
Cached p6_c_chosma -> ./cached_train/p6_c_chosma.pt
Cached p13_c_chosma -> ./cached_train/p13_c_chosma.pt
Cached p16_f_chosma -> ./cached_train/p16_f_chosma.pt
Cached p4_f_chosma -> ./cached_train/p4_f_chosma.pt
Cached p14_c_chosma -> ./cached_train/p14_c_chosma.pt
Cached p12_f_chosma -> ./cached_train/p12_f_chosma.pt
Cached p7_c_chosma -> ./cached_train/p7_c_chosma.pt
Cached p13_f_chosma -> ./cached_train/p13_f_chosma.pt
Cached p1_f_chosma -> ./cached_train/p1_f_chosma.pt
Cached p2_f_chosma -> ./cached_train/p2_f_chosma.pt
Cached p12_c_chosma -> ./cached_train/p12_c_chosma.pt
Cached p8_f_chosma -> ./cached_train/p8_f_chosma.pt
Cached p1_c_chosma -> ./cached_train/p1_c_chosma.pt
Cached p8_c_chosma -> ./cached_train/p8_c_chosma.pt
Cached p16_c_chosma -> ./cached_train/p16_c_chosma.pt
Cached p15_f_chosma -> ./cached_train/p15_f_chosma.pt
Cached p16_c_goru -> ./cached_train/p16_c_goru.pt
Cached p11_f_goru -> ./cached_train/p11_f_goru.pt
Cached p16_f_goru -> ./cached_train/p16_f_goru.pt
Cached p8_f_goru -> ./cached_train/p8_f_goru.pt
Cached p13_c_goru -> ./cached_train/p13_c_goru.pt
Cached p3_f_goru -> ./cached_train/p3_f_goru.pt
Cached p1_c_goru -> ./cached_train/p1_c_goru.pt
Cached p15_c_goru -> ./cached_train/p15_c_goru.pt
Cached p6_c_goru -> ./cached_train/p6_c_goru.pt
Cached p12_c_goru -> ./cached_train/p12_c_goru.pt
Cached p15_f_goru -> ./cached_train/p15_f_goru.pt
Cached p12_f_goru -> ./cached_train/p12_f_goru.pt
Cached p7_c_goru -> ./cached_train/p7_c_goru.pt
Cached p1_f_goru -> ./cached_train/p1_f_goru.pt
Cached p8_c_goru -> ./cached_train/p8_c_goru.pt
Cached p7_f_goru -> ./cached_train/p7_f_goru.pt
Cached p11_c_goru -> ./cached_train/p11_c_goru.pt
Cached p6_f_goru -> ./cached_train/p6_f_goru.pt
Cached p14_f_goru -> ./cached_train/p14_f_goru.pt
Cached p13_f_goru -> ./cached_train/p13_f_goru.pt
Cached p4_c_goru -> ./cached_train/p4_c_goru.pt
Cached p14_c_goru -> ./cached_train/p14_c_goru.pt
Cached p4_f_goru -> ./cached_train/p4_f_goru.pt
Cached p2_f_goru -> ./cached_train/p2_f_goru.pt
Cached p15_f_durbol -> ./cached_train/p15_f_durbol.pt
Cached p8_f_durbol -> ./cached_train/p8_f_durbol.pt
Cached p7_c_durbol -> ./cached_train/p7_c_durbol.pt
Cached p16_c_durbol -> ./cached_train/p16_c_durbol.pt
Cached p15_c_durbol -> ./cached_train/p15_c_durbol.pt
Cached p4_c_durbol -> ./cached_train/p4_c_durbol.pt
Cached p8_c_durbol -> ./cached_train/p8_c_durbol.pt
Cached p2_f_durbol -> ./cached_train/p2_f_durbol.pt
Cached p6_c_durbol -> ./cached_train/p6_c_durbol.pt
Cached p1_c_durbol -> ./cached_train/p1_c_durbol.pt
Cached p12_f_durbol -> ./cached_train/p12_f_durbol.pt
Cached p11_f_durbol -> ./cached_train/p11_f_durbol.pt
Cached p14_c_durbol -> ./cached_train/p14_c_durbol.pt
Cached p12_c_durbol -> ./cached_train/p12_c_durbol.pt
Cached p16_f_durbol -> ./cached_train/p16_f_durbol.pt
Cached p13_f_durbol -> ./cached_train/p13_f_durbol.pt
Cached p11_c_durbol -> ./cached_train/p11_c_durbol.pt
Cached p13_c_durbol -> ./cached_train/p13_c_durbol.pt
Cached p6_f_durbol -> ./cached_train/p6_f_durbol.pt
Cached p7_f_durbol -> ./cached_train/p7_f_durbol.pt
Cached p1_f_durbol -> ./cached_train/p1_f_durbol.pt
Cached p3_f_durbol -> ./cached_train/p3_f_durbol.pt
Cached p14_f_durbol -> ./cached_train/p14_f_durbol.pt
Cached p4_f_durbol -> ./cached_train/p4_f_durbol.pt
Cached p2_f_plastic -> ./cached_train/p2_f_plastic.pt
Cached p4_f_plastic -> ./cached_train/p4_f_plastic.pt
Cached p6_f_plastic -> ./cached_train/p6_f_plastic.pt
Cached p7_c_plastic -> ./cached_train/p7_c_plastic.pt
Cached p6_c_plastic -> ./cached_train/p6_c_plastic.pt
Cached p8_f_plastic -> ./cached_train/p8_f_plastic.pt
Cached p11_c_plastic -> ./cached_train/p11_c_plastic.pt
Cached p14_c_plastic -> ./cached_train/p14_c_plastic.pt
Cached p16_c_plastic -> ./cached_train/p16_c_plastic.pt
Cached p13_c_plastic -> ./cached_train/p13_c_plastic.pt
Cached p12_f_plastic -> ./cached_train/p12_f_plastic.pt
Cached p8_c_plastic -> ./cached_train/p8_c_plastic.pt
Cached p1_f_plastic -> ./cached_train/p1_f_plastic.pt
Cached p4_c_plastic -> ./cached_train/p4_c_plastic.pt
Cached p11_f_plastic -> ./cached_train/p11_f_plastic.pt
Cached p15_f_plastic -> ./cached_train/p15_f_plastic.pt
Cached p3_f_plastic -> ./cached_train/p3_f_plastic.pt
Cached p7_f_plastic -> ./cached_train/p7_f_plastic.pt
Cached p13_f_plastic -> ./cached_train/p13_f_plastic.pt
Cached p12_c_plastic -> ./cached_train/p12_c_plastic.pt
Cached p15_c_plastic -> ./cached_train/p15_c_plastic.pt
Cached p1_c_plastic -> ./cached_train/p1_c_plastic.pt
Cached p14_f_plastic -> ./cached_train/p14_f_plastic.pt
Cached p16_f_plastic -> ./cached_train/p16_f_plastic.pt
Cached p1_f_hospital -> ./cached_train/p1_f_hospital.pt
Cached p3_f_hospital -> ./cached_train/p3_f_hospital.pt
Cached p2_f_hospital -> ./cached_train/p2_f_hospital.pt
Cached p14_f_hospital -> ./cached_train/p14_f_hospital.pt
Cached p15_c_hospital -> ./cached_train/p15_c_hospital.pt
Cached p12_c_hospital -> ./cached_train/p12_c_hospital.pt
Cached p7_c_hospital -> ./cached_train/p7_c_hospital.pt
Cached p16_f_hospital -> ./cached_train/p16_f_hospital.pt
Cached p12_f_hospital -> ./cached_train/p12_f_hospital.pt
Cached p13_f_hospital -> ./cached_train/p13_f_hospital.pt
Cached p8_c_hospital -> ./cached_train/p8_c_hospital.pt
Cached p4_c_hospital -> ./cached_train/p4_c_hospital.pt
Cached p11_f_hospital -> ./cached_train/p11_f_hospital.pt
Cached p8_f_hospital -> ./cached_train/p8_f_hospital.pt
Cached p11_c_hospital -> ./cached_train/p11_c_hospital.pt
Cached p13_c_hospital -> ./cached_train/p13_c_hospital.pt
Cached p4_f_hospital -> ./cached_train/p4_f_hospital.pt
Cached p14_c_hospital -> ./cached_train/p14_c_hospital.pt
Cached p15_f_hospital -> ./cached_train/p15_f_hospital.pt
Cached p6_c_hospital -> ./cached_train/p6_c_hospital.pt
Cached p6_f_hospital -> ./cached_train/p6_f_hospital.pt
Cached p7_f_hospital -> ./cached_train/p7_f_hospital.pt
Cached p16_c_hospital -> ./cached_train/p16_c_hospital.pt
Cached p1_c_hospital -> ./cached_train/p1_c_hospital.pt
Cached p7_c_pora -> ./cached_train/p7_c_pora.pt
Cached p16_c_pora -> ./cached_train/p16_c_pora.pt
Cached p14_c_pora -> ./cached_train/p14_c_pora.pt
Cached p3_f_pora -> ./cached_train/p3_f_pora.pt
Cached p4_f_pora -> ./cached_train/p4_f_pora.pt
Cached p7_f_pora -> ./cached_train/p7_f_pora.pt
Cached p13_c_pora -> ./cached_train/p13_c_pora.pt
Cached p8_c_pora -> ./cached_train/p8_c_pora.pt
Cached p14_f_pora -> ./cached_train/p14_f_pora.pt
Cached p12_c_pora -> ./cached_train/p12_c_pora.pt
Cached p13_f_pora -> ./cached_train/p13_f_pora.pt
Cached p8_f_pora -> ./cached_train/p8_f_pora.pt
Cached p15_f_pora -> ./cached_train/p15_f_pora.pt
Cached p12_f_pora -> ./cached_train/p12_f_pora.pt
Cached p4_c_pora -> ./cached_train/p4_c_pora.pt
Cached p11_f_pora -> ./cached_train/p11_f_pora.pt
Cached p6_c_pora -> ./cached_train/p6_c_pora.pt
Cached p2_f_pora -> ./cached_train/p2_f_pora.pt
Cached p15_c_pora -> ./cached_train/p15_c_pora.pt
Cached p1_f_pora -> ./cached_train/p1_f_pora.pt
Cached p16_f_pora -> ./cached_train/p16_f_pora.pt
Cached p1_c_pora -> ./cached_train/p1_c_pora.pt
Cached p6_f_pora -> ./cached_train/p6_f_pora.pt
Cached p11_c_pora -> ./cached_train/p11_c_pora.pt
Cached p14_f_lekha -> ./cached_train/p14_f_lekha.pt
Cached p13_c_lekha -> ./cached_train/p13_c_lekha.pt
Cached p4_f_lekha -> ./cached_train/p4_f_lekha.pt
Cached p15_f_lekha -> ./cached_train/p15_f_lekha.pt
Cached p1_f_lekha -> ./cached_train/p1_f_lekha.pt
Cached p16_c_lekha -> ./cached_train/p16_c_lekha.pt
Cached p3_f_lekha -> ./cached_train/p3_f_lekha.pt
Cached p7_f_lekha -> ./cached_train/p7_f_lekha.pt
Cached p7_c_lekha -> ./cached_train/p7_c_lekha.pt
Cached p8_f_lekha -> ./cached_train/p8_f_lekha.pt
Cached p4_c_lekha -> ./cached_train/p4_c_lekha.pt
Cached p6_c_lekha -> ./cached_train/p6_c_lekha.pt
Cached p16_f_lekha -> ./cached_train/p16_f_lekha.pt
Cached p12_f_lekha -> ./cached_train/p12_f_lekha.pt
Cached p12_c_lekha -> ./cached_train/p12_c_lekha.pt
Cached p14_c_lekha -> ./cached_train/p14_c_lekha.pt
Cached p1_c_lekha -> ./cached_train/p1_c_lekha.pt
Cached p15_c_lekha -> ./cached_train/p15_c_lekha.pt
Cached p11_f_lekha -> ./cached_train/p11_f_lekha.pt
Cached p2_f_lekha -> ./cached_train/p2_f_lekha.pt
Cached p11_c_lekha -> ./cached_train/p11_c_lekha.pt
Cached p13_f_lekha -> ./cached_train/p13_f_lekha.pt
Cached p6_f_lekha -> ./cached_train/p6_f_lekha.pt
Cached p8_c_lekha -> ./cached_train/p8_c_lekha.pt
Cached p8_f_sotto -> ./cached_train/p8_f_sotto.pt
Cached p15_c_sotto -> ./cached_train/p15_c_sotto.pt
Cached p7_c_sotto -> ./cached_train/p7_c_sotto.pt
Cached p14_c_sotto -> ./cached_train/p14_c_sotto.pt
Cached p16_f_sotto -> ./cached_train/p16_f_sotto.pt
Cached p11_c_sotto -> ./cached_train/p11_c_sotto.pt
Cached p8_c_sotto -> ./cached_train/p8_c_sotto.pt
Cached p1_f_sotto -> ./cached_train/p1_f_sotto.pt
Cached p13_f_sotto -> ./cached_train/p13_f_sotto.pt
Cached p2_f_sotto -> ./cached_train/p2_f_sotto.pt
Cached p6_f_sotto -> ./cached_train/p6_f_sotto.pt
Cached p4_f_sotto -> ./cached_train/p4_f_sotto.pt
Cached p15_f_sotto -> ./cached_train/p15_f_sotto.pt
Cached p1_c_sotto -> ./cached_train/p1_c_sotto.pt
Cached p13_c_sotto -> ./cached_train/p13_c_sotto.pt
Cached p11_f_sotto -> ./cached_train/p11_f_sotto.pt
Cached p7_f_sotto -> ./cached_train/p7_f_sotto.pt
Cached p14_f_sotto -> ./cached_train/p14_f_sotto.pt
Cached p16_c_sotto -> ./cached_train/p16_c_sotto.pt
Cached p6_c_sotto -> ./cached_train/p6_c_sotto.pt
Cached p12_c_sotto -> ./cached_train/p12_c_sotto.pt
Cached p3_f_sotto -> ./cached_train/p3_f_sotto.pt
Cached p4_c_sotto -> ./cached_train/p4_c_sotto.pt
Cached p12_f_sotto -> ./cached_train/p12_f_sotto.pt
Cached p1_c_doctor -> ./cached_train/p1_c_doctor.pt
Cached p4_f_doctor -> ./cached_train/p4_f_doctor.pt
Cached p6_c_doctor -> ./cached_train/p6_c_doctor.pt
Cached p13_f_doctor -> ./cached_train/p13_f_doctor.pt
Cached p12_c_doctor -> ./cached_train/p12_c_doctor.pt
Cached p15_c_doctor -> ./cached_train/p15_c_doctor.pt
Cached p12_f_doctor -> ./cached_train/p12_f_doctor.pt
Cached p7_c_doctor -> ./cached_train/p7_c_doctor.pt
Cached p16_c_doctor -> ./cached_train/p16_c_doctor.pt
Cached p7_f_doctor -> ./cached_train/p7_f_doctor.pt
Cached p4_c_doctor -> ./cached_train/p4_c_doctor.pt
Cached p3_f_doctor -> ./cached_train/p3_f_doctor.pt
Cached p1_f_doctor -> ./cached_train/p1_f_doctor.pt
Cached p8_c_doctor -> ./cached_train/p8_c_doctor.pt
Cached p13_c_doctor -> ./cached_train/p13_c_doctor.pt
Cached p15_f_doctor -> ./cached_train/p15_f_doctor.pt
Cached p2_f_doctor -> ./cached_train/p2_f_doctor.pt
Cached p11_f_doctor -> ./cached_train/p11_f_doctor.pt
Cached p6_f_doctor -> ./cached_train/p6_f_doctor.pt
Cached p14_c_doctor -> ./cached_train/p14_c_doctor.pt
Cached p16_f_doctor -> ./cached_train/p16_f_doctor.pt
Cached p8_f_doctor -> ./cached_train/p8_f_doctor.pt
Cached p14_f_doctor -> ./cached_train/p14_f_doctor.pt
Cached p11_c_doctor -> ./cached_train/p11_c_doctor.pt
Cached p8_c_agun -> ./cached_train/p8_c_agun.pt
Cached p7_c_agun -> ./cached_train/p7_c_agun.pt
Cached p12_f_agun -> ./cached_train/p12_f_agun.pt
Cached p12_c_agun -> ./cached_train/p12_c_agun.pt
Cached p6_c_agun -> ./cached_train/p6_c_agun.pt
Cached p13_f_agun -> ./cached_train/p13_f_agun.pt
Cached p14_c_agun -> ./cached_train/p14_c_agun.pt
Cached p4_f_agun -> ./cached_train/p4_f_agun.pt
Cached p15_f_agun -> ./cached_train/p15_f_agun.pt
Cached p11_f_agun -> ./cached_train/p11_f_agun.pt
Cached p1_c_agun -> ./cached_train/p1_c_agun.pt
Cached p6_f_agun -> ./cached_train/p6_f_agun.pt
Cached p3_f_agun -> ./cached_train/p3_f_agun.pt
Cached p15_c_agun -> ./cached_train/p15_c_agun.pt
Cached p14_f_agun -> ./cached_train/p14_f_agun.pt
Cached p8_f_agun -> ./cached_train/p8_f_agun.pt
Cached p11_c_agun -> ./cached_train/p11_c_agun.pt
Cached p4_c_agun -> ./cached_train/p4_c_agun.pt
Cached p13_c_agun -> ./cached_train/p13_c_agun.pt
Cached p2_f_agun -> ./cached_train/p2_f_agun.pt
Cached p16_f_agun -> ./cached_train/p16_f_agun.pt
Cached p16_c_agun -> ./cached_train/p16_c_agun.pt
Cached p1_f_agun -> ./cached_train/p1_f_agun.pt
Cached p7_f_agun -> ./cached_train/p7_f_agun.pt
Cached p15_c_football -> ./cached_train/p15_c_football.pt
Cached p14_c_football -> ./cached_train/p14_c_football.pt
Cached p6_c_football -> ./cached_train/p6_c_football.pt
Cached p15_f_football -> ./cached_train/p15_f_football.pt
Cached p1_f_football -> ./cached_train/p1_f_football.pt
Cached p8_c_football -> ./cached_train/p8_c_football.pt
Cached p11_f_football -> ./cached_train/p11_f_football.pt
Cached p13_c_football -> ./cached_train/p13_c_football.pt
Cached p12_c_football -> ./cached_train/p12_c_football.pt
Cached p7_f_football -> ./cached_train/p7_f_football.pt
Cached p2_f_football -> ./cached_train/p2_f_football.pt
Cached p16_f_football -> ./cached_train/p16_f_football.pt
Cached p4_f_football -> ./cached_train/p4_f_football.pt
Cached p6_f_football -> ./cached_train/p6_f_football.pt
Cached p3_f_football -> ./cached_train/p3_f_football.pt
Cached p8_f_football -> ./cached_train/p8_f_football.pt
Cached p4_c_football -> ./cached_train/p4_c_football.pt
Cached p12_f_football -> ./cached_train/p12_f_football.pt
Cached p1_c_football -> ./cached_train/p1_c_football.pt
Cached p14_f_football -> ./cached_train/p14_f_football.pt
Cached p11_c_football -> ./cached_train/p11_c_football.pt
Cached p13_f_football -> ./cached_train/p13_f_football.pt
Cached p16_c_football -> ./cached_train/p16_c_football.pt
Cached p7_c_football -> ./cached_train/p7_c_football.pt
Cached p13_c_kintu -> ./cached_train/p13_c_kintu.pt
Cached p14_f_kintu -> ./cached_train/p14_f_kintu.pt
Cached p4_c_kintu -> ./cached_train/p4_c_kintu.pt
Cached p11_f_kintu -> ./cached_train/p11_f_kintu.pt
Cached p1_f_kintu -> ./cached_train/p1_f_kintu.pt
Cached p7_c_kintu -> ./cached_train/p7_c_kintu.pt
Cached p6_c_kintu -> ./cached_train/p6_c_kintu.pt
Cached p16_f_kintu -> ./cached_train/p16_f_kintu.pt
Cached p16_c_kintu -> ./cached_train/p16_c_kintu.pt
Cached p2_f_kintu -> ./cached_train/p2_f_kintu.pt
Cached p15_f_kintu -> ./cached_train/p15_f_kintu.pt
Cached p15_c_kintu -> ./cached_train/p15_c_kintu.pt
Cached p3_f_kintu -> ./cached_train/p3_f_kintu.pt
Cached p8_f_kintu -> ./cached_train/p8_f_kintu.pt
Cached p12_c_kintu -> ./cached_train/p12_c_kintu.pt
Cached p1_c_kintu -> ./cached_train/p1_c_kintu.pt
Cached p4_f_kintu -> ./cached_train/p4_f_kintu.pt
Cached p12_f_kintu -> ./cached_train/p12_f_kintu.pt
Cached p6_f_kintu -> ./cached_train/p6_f_kintu.pt
Cached p11_c_kintu -> ./cached_train/p11_c_kintu.pt
Cached p13_f_kintu -> ./cached_train/p13_f_kintu.pt
Cached p8_c_kintu -> ./cached_train/p8_c_kintu.pt
Cached p14_c_kintu -> ./cached_train/p14_c_kintu.pt
Cached p7_f_kintu -> ./cached_train/p7_f_kintu.pt
Cached p7_c_bagan -> ./cached_train/p7_c_bagan.pt
Cached p1_f_bagan -> ./cached_train/p1_f_bagan.pt
Cached p12_f_bagan -> ./cached_train/p12_f_bagan.pt
Cached p6_f_bagan -> ./cached_train/p6_f_bagan.pt
Cached p6_c_bagan -> ./cached_train/p6_c_bagan.pt
Cached p13_c_bagan -> ./cached_train/p13_c_bagan.pt
Cached p15_c_bagan -> ./cached_train/p15_c_bagan.pt
Cached p1_c_bagan -> ./cached_train/p1_c_bagan.pt
Cached p14_c_bagan -> ./cached_train/p14_c_bagan.pt
Cached p3_f_bagan -> ./cached_train/p3_f_bagan.pt
Cached p15_f_bagan -> ./cached_train/p15_f_bagan.pt
Cached p8_f_bagan -> ./cached_train/p8_f_bagan.pt
Cached p8_c_bagan -> ./cached_train/p8_c_bagan.pt
Cached p16_c_bagan -> ./cached_train/p16_c_bagan.pt
Cached p4_c_bagan -> ./cached_train/p4_c_bagan.pt
Cached p2_f_bagan -> ./cached_train/p2_f_bagan.pt
Cached p4_f_bagan -> ./cached_train/p4_f_bagan.pt
Cached p13_f_bagan -> ./cached_train/p13_f_bagan.pt
Cached p11_c_bagan -> ./cached_train/p11_c_bagan.pt
Cached p12_c_bagan -> ./cached_train/p12_c_bagan.pt
Cached p16_f_bagan -> ./cached_train/p16_f_bagan.pt
Cached p11_f_bagan -> ./cached_train/p11_f_bagan.pt
Cached p7_f_bagan -> ./cached_train/p7_f_bagan.pt
Cached p14_f_bagan -> ./cached_train/p14_f_bagan.pt
Cached p16_c_aangti -> ./cached_train/p16_c_aangti.pt
Cached p8_f_aangti -> ./cached_train/p8_f_aangti.pt
Cached p15_f_aangti -> ./cached_train/p15_f_aangti.pt
Cached p2_f_aangti -> ./cached_train/p2_f_aangti.pt
Cached p1_c_aangti -> ./cached_train/p1_c_aangti.pt
Cached p13_f_aangti -> ./cached_train/p13_f_aangti.pt
Cached p7_f_aangti -> ./cached_train/p7_f_aangti.pt
Cached p13_c_aangti -> ./cached_train/p13_c_aangti.pt
Cached p15_c_aangti -> ./cached_train/p15_c_aangti.pt
Cached p6_f_aangti -> ./cached_train/p6_f_aangti.pt
Cached p4_f_aangti -> ./cached_train/p4_f_aangti.pt
Cached p7_c_aangti -> ./cached_train/p7_c_aangti.pt
Cached p6_c_aangti -> ./cached_train/p6_c_aangti.pt
Cached p12_c_aangti -> ./cached_train/p12_c_aangti.pt
Cached p8_c_aangti -> ./cached_train/p8_c_aangti.pt
Cached p14_c_aangti -> ./cached_train/p14_c_aangti.pt
Cached p11_c_aangti -> ./cached_train/p11_c_aangti.pt
Cached p3_f_aangti -> ./cached_train/p3_f_aangti.pt
Cached p1_f_aangti -> ./cached_train/p1_f_aangti.pt
Cached p4_c_aangti -> ./cached_train/p4_c_aangti.pt
Cached p12_f_aangti -> ./cached_train/p12_f_aangti.pt
Cached p14_f_aangti -> ./cached_train/p14_f_aangti.pt
Cached p16_f_aangti -> ./cached_train/p16_f_aangti.pt
Cached p11_f_aangti -> ./cached_train/p11_f_aangti.pt
Cached p11_f_chata -> ./cached_train/p11_f_chata.pt
Cached p6_f_chata -> ./cached_train/p6_f_chata.pt
Cached p14_f_chata -> ./cached_train/p14_f_chata.pt
Cached p15_c_chata -> ./cached_train/p15_c_chata.pt
Cached p4_f_chata -> ./cached_train/p4_f_chata.pt
Cached p15_f_chata -> ./cached_train/p15_f_chata.pt
Cached p8_c_chata -> ./cached_train/p8_c_chata.pt
Cached p11_c_chata -> ./cached_train/p11_c_chata.pt
Cached p14_c_chata -> ./cached_train/p14_c_chata.pt
Cached p3_f_chata -> ./cached_train/p3_f_chata.pt
Cached p2_f_chata -> ./cached_train/p2_f_chata.pt
Cached p1_f_chata -> ./cached_train/p1_f_chata.pt
Cached p4_c_chata -> ./cached_train/p4_c_chata.pt
Cached p12_f_chata -> ./cached_train/p12_f_chata.pt
Cached p16_f_chata -> ./cached_train/p16_f_chata.pt
Cached p6_c_chata -> ./cached_train/p6_c_chata.pt
Cached p7_f_chata -> ./cached_train/p7_f_chata.pt
Cached p13_f_chata -> ./cached_train/p13_f_chata.pt
Cached p8_f_chata -> ./cached_train/p8_f_chata.pt
Cached p1_c_chata -> ./cached_train/p1_c_chata.pt
Cached p13_c_chata -> ./cached_train/p13_c_chata.pt
Cached p7_c_chata -> ./cached_train/p7_c_chata.pt
Cached p12_c_chata -> ./cached_train/p12_c_chata.pt
Cached p16_c_chata -> ./cached_train/p16_c_chata.pt
Cached p12_f_prosno -> ./cached_train/p12_f_prosno.pt
Cached p8_f_prosno -> ./cached_train/p8_f_prosno.pt
Cached p3_f_prosno -> ./cached_train/p3_f_prosno.pt
Cached p13_c_prosno -> ./cached_train/p13_c_prosno.pt
Cached p7_c_prosno -> ./cached_train/p7_c_prosno.pt
Cached p2_f_prosno -> ./cached_train/p2_f_prosno.pt
Cached p11_c_prosno -> ./cached_train/p11_c_prosno.pt
Cached p16_c_prosno -> ./cached_train/p16_c_prosno.pt
Cached p15_c_prosno -> ./cached_train/p15_c_prosno.pt
Cached p7_f_prosno -> ./cached_train/p7_f_prosno.pt
Cached p6_f_prosno -> ./cached_train/p6_f_prosno.pt
Cached p14_c_prosno -> ./cached_train/p14_c_prosno.pt
Cached p15_f_prosno -> ./cached_train/p15_f_prosno.pt
Cached p4_f_prosno -> ./cached_train/p4_f_prosno.pt
Cached p1_c_prosno -> ./cached_train/p1_c_prosno.pt
Cached p11_f_prosno -> ./cached_train/p11_f_prosno.pt
Cached p4_c_prosno -> ./cached_train/p4_c_prosno.pt
Cached p8_c_prosno -> ./cached_train/p8_c_prosno.pt
Cached p13_f_prosno -> ./cached_train/p13_f_prosno.pt
Cached p1_f_prosno -> ./cached_train/p1_f_prosno.pt
Cached p6_c_prosno -> ./cached_train/p6_c_prosno.pt
Cached p14_f_prosno -> ./cached_train/p14_f_prosno.pt
Cached p12_c_prosno -> ./cached_train/p12_c_prosno.pt
Cached p16_f_prosno -> ./cached_train/p16_f_prosno.pt
Cached p13_f_valobasha -> ./cached_train/p13_f_valobasha.pt
Cached p14_f_valobasha -> ./cached_train/p14_f_valobasha.pt
Cached p4_c_valobasha -> ./cached_train/p4_c_valobasha.pt
Cached p8_c_valobasha -> ./cached_train/p8_c_valobasha.pt
Cached p6_f_valobasha -> ./cached_train/p6_f_valobasha.pt
Cached p14_c_valobasha -> ./cached_train/p14_c_valobasha.pt
Cached p6_c_valobasha -> ./cached_train/p6_c_valobasha.pt
Cached p15_c_valobasha -> ./cached_train/p15_c_valobasha.pt
Cached p16_c_valobasha -> ./cached_train/p16_c_valobasha.pt
Cached p4_f_valobasha -> ./cached_train/p4_f_valobasha.pt
Cached p3_f_valobasha -> ./cached_train/p3_f_valobasha.pt
Cached p11_c_valobasha -> ./cached_train/p11_c_valobasha.pt
Cached p12_c_valobasha -> ./cached_train/p12_c_valobasha.pt
Cached p8_f_valobasha -> ./cached_train/p8_f_valobasha.pt
Cached p2_f_valobasha -> ./cached_train/p2_f_valobasha.pt
Cached p15_f_valobasha -> ./cached_train/p15_f_valobasha.pt
Cached p11_f_valobasha -> ./cached_train/p11_f_valobasha.pt
Cached p16_f_valobasha -> ./cached_train/p16_f_valobasha.pt
Cached p7_f_valobasha -> ./cached_train/p7_f_valobasha.pt
Cached p1_c_valobasha -> ./cached_train/p1_c_valobasha.pt
Cached p13_c_valobasha -> ./cached_train/p13_c_valobasha.pt
Cached p1_f_valobasha -> ./cached_train/p1_f_valobasha.pt
Cached p7_c_valobasha -> ./cached_train/p7_c_valobasha.pt
Cached p12_f_valobasha -> ./cached_train/p12_f_valobasha.pt
Cached p11_f_robibar -> ./cached_train/p11_f_robibar.pt
Cached p2_f_robibar -> ./cached_train/p2_f_robibar.pt
Cached p1_c_robibar -> ./cached_train/p1_c_robibar.pt
Cached p12_c_robibar -> ./cached_train/p12_c_robibar.pt
Cached p6_c_robibar -> ./cached_train/p6_c_robibar.pt
Cached p13_c_robibar -> ./cached_train/p13_c_robibar.pt
Cached p7_c_robibar -> ./cached_train/p7_c_robibar.pt
Cached p12_f_robibar -> ./cached_train/p12_f_robibar.pt
Cached p13_f_robibar -> ./cached_train/p13_f_robibar.pt
Cached p16_f_robibar -> ./cached_train/p16_f_robibar.pt
Cached p14_c_robibar -> ./cached_train/p14_c_robibar.pt
Cached p6_f_robibar -> ./cached_train/p6_f_robibar.pt
Cached p11_c_robibar -> ./cached_train/p11_c_robibar.pt
Cached p8_c_robibar -> ./cached_train/p8_c_robibar.pt
Cached p7_f_robibar -> ./cached_train/p7_f_robibar.pt
Cached p8_f_robibar -> ./cached_train/p8_f_robibar.pt
Cached p16_c_robibar -> ./cached_train/p16_c_robibar.pt
Cached p15_c_robibar -> ./cached_train/p15_c_robibar.pt
Cached p1_f_robibar -> ./cached_train/p1_f_robibar.pt
Cached p15_f_robibar -> ./cached_train/p15_f_robibar.pt
Cached p4_c_robibar -> ./cached_train/p4_c_robibar.pt
Cached p3_f_robibar -> ./cached_train/p3_f_robibar.pt
Cached p14_f_robibar -> ./cached_train/p14_f_robibar.pt
Cached p4_f_robibar -> ./cached_train/p4_f_robibar.pt
Cached p1_c_ghori -> ./cached_train/p1_c_ghori.pt
Cached p13_c_ghori -> ./cached_train/p13_c_ghori.pt
Cached p12_c_ghori -> ./cached_train/p12_c_ghori.pt
Cached p14_f_ghori -> ./cached_train/p14_f_ghori.pt
Cached p7_f_ghori -> ./cached_train/p7_f_ghori.pt
Cached p2_f_ghori -> ./cached_train/p2_f_ghori.pt
Cached p11_c_ghori -> ./cached_train/p11_c_ghori.pt
Cached p15_f_ghori -> ./cached_train/p15_f_ghori.pt
Cached p14_c_ghori -> ./cached_train/p14_c_ghori.pt
Cached p11_f_ghori -> ./cached_train/p11_f_ghori.pt
Cached p8_c_ghori -> ./cached_train/p8_c_ghori.pt
Cached p13_f_ghori -> ./cached_train/p13_f_ghori.pt
Cached p3_f_ghori -> ./cached_train/p3_f_ghori.pt
Cached p7_c_ghori -> ./cached_train/p7_c_ghori.pt
Cached p16_f_ghori -> ./cached_train/p16_f_ghori.pt
Cached p12_f_ghori -> ./cached_train/p12_f_ghori.pt
Cached p15_c_ghori -> ./cached_train/p15_c_ghori.pt
Cached p16_c_ghori -> ./cached_train/p16_c_ghori.pt
Cached p4_f_ghori -> ./cached_train/p4_f_ghori.pt
Cached p6_c_ghori -> ./cached_train/p6_c_ghori.pt
Cached p4_c_ghori -> ./cached_train/p4_c_ghori.pt
Cached p8_f_ghori -> ./cached_train/p8_f_ghori.pt
Cached p6_f_ghori -> ./cached_train/p6_f_ghori.pt
Cached p1_f_ghori -> ./cached_train/p1_f_ghori.pt
Cached p14_f_soktishali -> ./cached_train/p14_f_soktishali.pt
Cached p6_c_soktishali -> ./cached_train/p6_c_soktishali.pt
Cached p16_c_soktishali -> ./cached_train/p16_c_soktishali.pt
Cached p1_f_soktishali -> ./cached_train/p1_f_soktishali.pt
Cached p7_f_soktishali -> ./cached_train/p7_f_soktishali.pt
Cached p13_c_soktishali -> ./cached_train/p13_c_soktishali.pt
Cached p7_c_soktishali -> ./cached_train/p7_c_soktishali.pt
Cached p4_f_soktishali -> ./cached_train/p4_f_soktishali.pt
Cached p1_c_soktishali -> ./cached_train/p1_c_soktishali.pt
Cached p15_f_soktishali -> ./cached_train/p15_f_soktishali.pt
Cached p8_f_soktishali -> ./cached_train/p8_f_soktishali.pt
Cached p15_c_soktishali -> ./cached_train/p15_c_soktishali.pt
Cached p8_c_soktishali -> ./cached_train/p8_c_soktishali.pt
Cached p6_f_soktishali -> ./cached_train/p6_f_soktishali.pt
Cached p16_f_soktishali -> ./cached_train/p16_f_soktishali.pt
Cached p12_f_soktishali -> ./cached_train/p12_f_soktishali.pt
Cached p14_c_soktishali -> ./cached_train/p14_c_soktishali.pt
Cached p11_c_soktishali -> ./cached_train/p11_c_soktishali.pt
Cached p11_f_soktishali -> ./cached_train/p11_f_soktishali.pt
Cached p4_c_soktishali -> ./cached_train/p4_c_soktishali.pt
Cached p12_c_soktishali -> ./cached_train/p12_c_soktishali.pt
Cached p3_f_soktishali -> ./cached_train/p3_f_soktishali.pt
Cached p2_f_soktishali -> ./cached_train/p2_f_soktishali.pt
Cached p13_f_soktishali -> ./cached_train/p13_f_soktishali.pt
Cached p13_c_dorja -> ./cached_train/p13_c_dorja.pt
Cached p14_c_dorja -> ./cached_train/p14_c_dorja.pt
Cached p11_c_dorja -> ./cached_train/p11_c_dorja.pt
Cached p8_c_dorja -> ./cached_train/p8_c_dorja.pt
Cached p6_c_dorja -> ./cached_train/p6_c_dorja.pt
Cached p4_f_dorja -> ./cached_train/p4_f_dorja.pt
Cached p4_c_dorja -> ./cached_train/p4_c_dorja.pt
Cached p16_f_dorja -> ./cached_train/p16_f_dorja.pt
Cached p6_f_dorja -> ./cached_train/p6_f_dorja.pt
Cached p1_c_dorja -> ./cached_train/p1_c_dorja.pt
Cached p11_f_dorja -> ./cached_train/p11_f_dorja.pt
Cached p12_f_dorja -> ./cached_train/p12_f_dorja.pt
Cached p15_c_dorja -> ./cached_train/p15_c_dorja.pt
Cached p16_c_dorja -> ./cached_train/p16_c_dorja.pt
Cached p8_f_dorja -> ./cached_train/p8_f_dorja.pt
Cached p1_f_dorja -> ./cached_train/p1_f_dorja.pt
Cached p14_f_dorja -> ./cached_train/p14_f_dorja.pt
Cached p15_f_dorja -> ./cached_train/p15_f_dorja.pt
Cached p2_f_dorja -> ./cached_train/p2_f_dorja.pt
Cached p7_f_dorja -> ./cached_train/p7_f_dorja.pt
Cached p13_f_dorja -> ./cached_train/p13_f_dorja.pt
Cached p3_f_dorja -> ./cached_train/p3_f_dorja.pt
Cached p12_c_dorja -> ./cached_train/p12_c_dorja.pt
Cached p7_c_dorja -> ./cached_train/p7_c_dorja.pt
Cached p15_f_upodesh -> ./cached_train/p15_f_upodesh.pt
Cached p12_f_upodesh -> ./cached_train/p12_f_upodesh.pt
Cached p6_c_upodesh -> ./cached_train/p6_c_upodesh.pt
Cached p8_c_upodesh -> ./cached_train/p8_c_upodesh.pt
Cached p16_c_upodesh -> ./cached_train/p16_c_upodesh.pt
Cached p4_c_upodesh -> ./cached_train/p4_c_upodesh.pt
Cached p4_f_upodesh -> ./cached_train/p4_f_upodesh.pt
Cached p12_c_upodesh -> ./cached_train/p12_c_upodesh.pt
Cached p15_c_upodesh -> ./cached_train/p15_c_upodesh.pt
Cached p11_c_upodesh -> ./cached_train/p11_c_upodesh.pt
Cached p3_f_upodesh -> ./cached_train/p3_f_upodesh.pt
Cached p14_c_upodesh -> ./cached_train/p14_c_upodesh.pt
Cached p2_f_upodesh -> ./cached_train/p2_f_upodesh.pt
Cached p13_f_upodesh -> ./cached_train/p13_f_upodesh.pt
Cached p16_f_upodesh -> ./cached_train/p16_f_upodesh.pt
Cached p11_f_upodesh -> ./cached_train/p11_f_upodesh.pt
Cached p7_c_upodesh -> ./cached_train/p7_c_upodesh.pt
Cached p13_c_upodesh -> ./cached_train/p13_c_upodesh.pt
Cached p6_f_upodesh -> ./cached_train/p6_f_upodesh.pt
Cached p1_c_upodesh -> ./cached_train/p1_c_upodesh.pt
Cached p8_f_upodesh -> ./cached_train/p8_f_upodesh.pt
Cached p1_f_upodesh -> ./cached_train/p1_f_upodesh.pt
Cached p14_f_upodesh -> ./cached_train/p14_f_upodesh.pt
Cached p7_f_upodesh -> ./cached_train/p7_f_upodesh.pt
Cached p14_f_chocolate -> ./cached_train/p14_f_chocolate.pt
Cached p7_c_chocolate -> ./cached_train/p7_c_chocolate.pt
Cached p4_f_chocolate -> ./cached_train/p4_f_chocolate.pt
Cached p6_c_chocolate -> ./cached_train/p6_c_chocolate.pt
Cached p6_f_chocolate -> ./cached_train/p6_f_chocolate.pt
Cached p14_c_chocolate -> ./cached_train/p14_c_chocolate.pt
Cached p16_f_chocolate -> ./cached_train/p16_f_chocolate.pt
Cached p1_f_chocolate -> ./cached_train/p1_f_chocolate.pt
Cached p12_c_chocolate -> ./cached_train/p12_c_chocolate.pt
Cached p15_f_chocolate -> ./cached_train/p15_f_chocolate.pt
Cached p12_f_chocolate -> ./cached_train/p12_f_chocolate.pt
Cached p2_f_chocolate -> ./cached_train/p2_f_chocolate.pt
Cached p11_c_chocolate -> ./cached_train/p11_c_chocolate.pt
Cached p7_f_chocolate -> ./cached_train/p7_f_chocolate.pt
Cached p3_f_chocolate -> ./cached_train/p3_f_chocolate.pt
Cached p13_c_chocolate -> ./cached_train/p13_c_chocolate.pt
Cached p1_c_chocolate -> ./cached_train/p1_c_chocolate.pt
Cached p13_f_chocolate -> ./cached_train/p13_f_chocolate.pt
Cached p4_c_chocolate -> ./cached_train/p4_c_chocolate.pt
Cached p15_c_Chocolate -> ./cached_train/p15_c_Chocolate.pt
Cached p11_f_chocolate -> ./cached_train/p11_f_chocolate.pt
Cached p8_c_chocolate -> ./cached_train/p8_c_chocolate.pt
Cached p16_c_chocolate -> ./cached_train/p16_c_chocolate.pt
Cached p8_f_chocolate -> ./cached_train/p8_f_chocolate.pt
Cached p8_c_onumoti -> ./cached_train/p8_c_onumoti.pt
Cached p14_f_onumoti -> ./cached_train/p14_f_onumoti.pt
Cached p1_c_onumoti -> ./cached_train/p1_c_onumoti.pt
Cached p3_f_onumoti -> ./cached_train/p3_f_onumoti.pt
Cached p2_f_onumoti -> ./cached_train/p2_f_onumoti.pt
Cached p13_f_onumoti -> ./cached_train/p13_f_onumoti.pt
Cached p11_c_onumoti -> ./cached_train/p11_c_onumoti.pt
Cached p16_f_onumoti -> ./cached_train/p16_f_onumoti.pt
Cached p6_c_onumoti -> ./cached_train/p6_c_onumoti.pt
Cached p12_f_onumoti -> ./cached_train/p12_f_onumoti.pt
Cached p11_f_onumoti -> ./cached_train/p11_f_onumoti.pt
Cached p8_f_onumoti -> ./cached_train/p8_f_onumoti.pt
Cached p1_f_onumoti -> ./cached_train/p1_f_onumoti.pt
Cached p6_f_onumoti -> ./cached_train/p6_f_onumoti.pt
Cached p15_c_onumoti -> ./cached_train/p15_c_onumoti.pt
Cached p13_c_onumoti -> ./cached_train/p13_c_onumoti.pt
Cached p4_f_onumoti -> ./cached_train/p4_f_onumoti.pt
Cached p12_c_onumoti -> ./cached_train/p12_c_onumoti.pt
Cached p16_c_onumoti -> ./cached_train/p16_c_onumoti.pt
Cached p14_c_onumoti -> ./cached_train/p14_c_onumoti.pt
Cached p15_f_onumoti -> ./cached_train/p15_f_onumoti.pt
Cached p4_c_onumoti -> ./cached_train/p4_c_onumoti.pt
Cached p7_f_onumoti -> ./cached_train/p7_f_onumoti.pt
Cached p7_c_onumoti -> ./cached_train/p7_c_onumoti.pt
Cached p11_c_shikkhok -> ./cached_train/p11_c_shikkhok.pt
Cached p16_f_shikkhok -> ./cached_train/p16_f_shikkhok.pt
Cached p6_f_shikkhok -> ./cached_train/p6_f_shikkhok.pt
Cached p3_f_shikkhok -> ./cached_train/p3_f_shikkhok.pt
Cached p12_f_shikkhok -> ./cached_train/p12_f_shikkhok.pt
Cached p14_f_shikkhok -> ./cached_train/p14_f_shikkhok.pt
Cached p12_c_shikkhok -> ./cached_train/p12_c_shikkhok.pt
Cached p16_c_shikkhok -> ./cached_train/p16_c_shikkhok.pt
Cached p8_f_shikkhok -> ./cached_train/p8_f_shikkhok.pt
Cached p1_f_shikkhok -> ./cached_train/p1_f_shikkhok.pt
Cached p15_f_shikkhok -> ./cached_train/p15_f_shikkhok.pt
Cached p7_c_shikkhok -> ./cached_train/p7_c_shikkhok.pt
Cached p1_c_shikkhok -> ./cached_train/p1_c_shikkhok.pt
Cached p13_f_shikkhok -> ./cached_train/p13_f_shikkhok.pt
Cached p6_c_shikkhok -> ./cached_train/p6_c_shikkhok.pt
Cached p11_f_shikkhok -> ./cached_train/p11_f_shikkhok.pt
Cached p4_f_shikkhok -> ./cached_train/p4_f_shikkhok.pt
Cached p13_c_shikkhok -> ./cached_train/p13_c_shikkhok.pt
Cached p15_c_shikkhok -> ./cached_train/p15_c_shikkhok.pt
Cached p8_c_shikkhok -> ./cached_train/p8_c_shikkhok.pt
Cached p4_c_shikkhok -> ./cached_train/p4_c_shikkhok.pt
Cached p14_c_shikkhok -> ./cached_train/p14_c_shikkhok.pt
Cached p2_f_shikkhok -> ./cached_train/p2_f_shikkhok.pt
Cached p7_f_shikkhok -> ./cached_train/p7_f_shikkhok.pt
Cached p7_f_chih -> ./cached_train/p7_f_chih.pt
Cached p1_f_chih -> ./cached_train/p1_f_chih.pt
Cached p4_f_chih -> ./cached_train/p4_f_chih.pt
Cached p8_f_chih -> ./cached_train/p8_f_chih.pt
Cached p15_c_chih -> ./cached_train/p15_c_chih.pt
Cached p6_c_chih -> ./cached_train/p6_c_chih.pt
Cached p13_c_chih -> ./cached_train/p13_c_chih.pt
Cached p8_c_chih -> ./cached_train/p8_c_chih.pt
Cached p12_f_chih -> ./cached_train/p12_f_chih.pt
Cached p15_f_chih -> ./cached_train/p15_f_chih.pt
Cached p3_f_chih -> ./cached_train/p3_f_chih.pt
Cached p1_c_chih -> ./cached_train/p1_c_chih.pt
Cached p16_f_chih -> ./cached_train/p16_f_chih.pt
Cached p11_f_chih -> ./cached_train/p11_f_chih.pt
Cached p7_c_chih -> ./cached_train/p7_c_chih.pt
Cached p6_f_chih -> ./cached_train/p6_f_chih.pt
Cached p12_c_chih -> ./cached_train/p12_c_chih.pt
Cached p14_f_chih -> ./cached_train/p14_f_chih.pt
Cached p16_c_chih -> ./cached_train/p16_c_chih.pt
Cached p13_f_chih -> ./cached_train/p13_f_chih.pt
Cached p2_f_chih -> ./cached_train/p2_f_chih.pt
Cached p11_c_chih -> ./cached_train/p11_c_chih.pt
Cached p4_c_chih -> ./cached_train/p4_c_chih.pt
Cached p14_c_chih -> ./cached_train/p14_c_chih.pt
Cached p8_c_jokhon -> ./cached_train/p8_c_jokhon.pt
Cached p13_f_jokhon -> ./cached_train/p13_f_jokhon.pt
Cached p3_f_jokhon -> ./cached_train/p3_f_jokhon.pt
Cached p15_c_jokhon -> ./cached_train/p15_c_jokhon.pt
Cached p8_f_jokhon -> ./cached_train/p8_f_jokhon.pt
Cached p14_f_jokhon -> ./cached_train/p14_f_jokhon.pt
Cached p1_c_jokhon -> ./cached_train/p1_c_jokhon.pt
Cached p6_f_jokhon -> ./cached_train/p6_f_jokhon.pt
Cached p14_c_jokhon -> ./cached_train/p14_c_jokhon.pt
Cached p11_f_jokhon -> ./cached_train/p11_f_jokhon.pt
Cached p7_c_jokhon -> ./cached_train/p7_c_jokhon.pt
Cached p1_f_jokhon -> ./cached_train/p1_f_jokhon.pt
Cached p7_f_jokhon -> ./cached_train/p7_f_jokhon.pt
Cached p12_f_jokhon -> ./cached_train/p12_f_jokhon.pt
Cached p15_f_jokhon -> ./cached_train/p15_f_jokhon.pt
Cached p16_f_jokhon -> ./cached_train/p16_f_jokhon.pt
Cached p11_c_jokhon -> ./cached_train/p11_c_jokhon.pt
Cached p4_c_jokhon -> ./cached_train/p4_c_jokhon.pt
Cached p12_c_jokhon -> ./cached_train/p12_c_jokhon.pt
Cached p4_f_jokhon -> ./cached_train/p4_f_jokhon.pt
Cached p13_c_jokhon -> ./cached_train/p13_c_jokhon.pt
Cached p6_c_jokhon -> ./cached_train/p6_c_jokhon.pt
Cached p16_c_jokhon -> ./cached_train/p16_c_jokhon.pt
Cached p2_f_jokhon -> ./cached_train/p2_f_jokhon.pt
Cached p4_c_uvoy -> ./cached_train/p4_c_uvoy.pt
Cached p6_c_uvoy -> ./cached_train/p6_c_uvoy.pt
Cached p12_c_uvoy -> ./cached_train/p12_c_uvoy.pt
Cached p14_c_uvoy -> ./cached_train/p14_c_uvoy.pt
Cached p6_f_uvoy -> ./cached_train/p6_f_uvoy.pt
Cached p1_c_uvoy -> ./cached_train/p1_c_uvoy.pt
Cached p8_f_uvoy -> ./cached_train/p8_f_uvoy.pt
Cached p8_c_uvoy -> ./cached_train/p8_c_uvoy.pt
Cached p15_f_uvoy -> ./cached_train/p15_f_uvoy.pt
Cached p7_f_uvoy -> ./cached_train/p7_f_uvoy.pt
Cached p13_f_uvoy -> ./cached_train/p13_f_uvoy.pt
Cached p4_f_uvoy -> ./cached_train/p4_f_uvoy.pt
Cached p11_c_uvoy -> ./cached_train/p11_c_uvoy.pt
Cached p12_f_uvoy -> ./cached_train/p12_f_uvoy.pt
Cached p16_f_uvoy -> ./cached_train/p16_f_uvoy.pt
Cached p11_f_uvoy -> ./cached_train/p11_f_uvoy.pt
Cached p16_c_uvoy -> ./cached_train/p16_c_uvoy.pt
Cached p1_f_uvoy -> ./cached_train/p1_f_uvoy.pt
Cached p13_c_uvoy -> ./cached_train/p13_c_uvoy.pt
Cached p2_f_uvoy -> ./cached_train/p2_f_uvoy.pt
Cached p7_c_uvoy -> ./cached_train/p7_c_uvoy.pt
Cached p3_f_uvoy -> ./cached_train/p3_f_uvoy.pt
Cached p14_f_uvoy -> ./cached_train/p14_f_uvoy.pt
Cached p15_c_uvoy -> ./cached_train/p15_c_uvoy.pt
Cached p15_f_ovivabok -> ./cached_train/p15_f_ovivabok.pt
Cached p11_f_ovivabok -> ./cached_train/p11_f_ovivabok.pt
Cached p3_f_ovivabok -> ./cached_train/p3_f_ovivabok.pt
Cached p12_c_ovivabok -> ./cached_train/p12_c_ovivabok.pt
Cached p12_f_ovivabok -> ./cached_train/p12_f_ovivabok.pt
Cached p7_c_ovivabok -> ./cached_train/p7_c_ovivabok.pt
Cached p6_f_ovivabok -> ./cached_train/p6_f_ovivabok.pt
Cached p8_f_ovivabok -> ./cached_train/p8_f_ovivabok.pt
Cached p14_c_ovivabok -> ./cached_train/p14_c_ovivabok.pt
Cached p16_c_ovivabok -> ./cached_train/p16_c_ovivabok.pt
Cached p7_f_ovivabok -> ./cached_train/p7_f_ovivabok.pt
Cached p1_c_ovivabok -> ./cached_train/p1_c_ovivabok.pt
Cached p6_c_ovivabok -> ./cached_train/p6_c_ovivabok.pt
Cached p1_f_ovivabok -> ./cached_train/p1_f_ovivabok.pt
Cached p8_c_ovivabok -> ./cached_train/p8_c_ovivabok.pt
Cached p15_c_ovivabok -> ./cached_train/p15_c_ovivabok.pt
Cached p13_c_ovivabok -> ./cached_train/p13_c_ovivabok.pt
Cached p4_f_ovivabok -> ./cached_train/p4_f_ovivabok.pt
Cached p16_f_ovivabok -> ./cached_train/p16_f_ovivabok.pt
Cached p13_f_ovivabok -> ./cached_train/p13_f_ovivabok.pt
Cached p4_c_ovivabok -> ./cached_train/p4_c_ovivabok.pt
Cached p14_f_ovivabok -> ./cached_train/p14_f_ovivabok.pt
Cached p2_f_ovivabok -> ./cached_train/p2_f_ovivabok.pt
Cached p11_c_ovivabok -> ./cached_train/p11_c_ovivabok.pt
Cached p14_f_poriskar -> ./cached_train/p14_f_poriskar.pt
Cached p7_c_poriskar -> ./cached_train/p7_c_poriskar.pt
Cached p11_f_poriskar -> ./cached_train/p11_f_poriskar.pt
Cached p13_f_poriskar -> ./cached_train/p13_f_poriskar.pt
Cached p16_c_poriskar -> ./cached_train/p16_c_poriskar.pt
Cached p16_f_poriskar -> ./cached_train/p16_f_poriskar.pt
Cached p2_f_poriskar -> ./cached_train/p2_f_poriskar.pt
Cached p4_c_poriskar -> ./cached_train/p4_c_poriskar.pt
Cached p7_f_poriskar -> ./cached_train/p7_f_poriskar.pt
Cached p6_c_poriskar -> ./cached_train/p6_c_poriskar.pt
Cached p11_c_poriskar -> ./cached_train/p11_c_poriskar.pt
Cached p12_c_poriskar -> ./cached_train/p12_c_poriskar.pt
Cached p14_c_poriskar -> ./cached_train/p14_c_poriskar.pt
Cached p8_c_poriskar -> ./cached_train/p8_c_poriskar.pt
Cached p15_f_poriskar -> ./cached_train/p15_f_poriskar.pt
Cached p13_c_poriskar -> ./cached_train/p13_c_poriskar.pt
Cached p3_f_poriskar -> ./cached_train/p3_f_poriskar.pt
Cached p6_f_poriskar -> ./cached_train/p6_f_poriskar.pt
Cached p12_f_poriskar -> ./cached_train/p12_f_poriskar.pt
Cached p8_f_poriskar -> ./cached_train/p8_f_poriskar.pt
Cached p15_c_poriskar -> ./cached_train/p15_c_poriskar.pt
Cached p1_f_poriskar -> ./cached_train/p1_f_poriskar.pt
Cached p4_f_poriskar -> ./cached_train/p4_f_poriskar.pt
Cached p1_c_poriskar -> ./cached_train/p1_c_poriskar.pt
Cached p4_f_choto -> ./cached_train/p4_f_choto.pt
Cached p7_c_choto -> ./cached_train/p7_c_choto.pt
Cached p11_f_choto -> ./cached_train/p11_f_choto.pt
Cached p13_f_choto -> ./cached_train/p13_f_choto.pt
Cached p6_f_choto -> ./cached_train/p6_f_choto.pt
Cached p12_f_choto -> ./cached_train/p12_f_choto.pt
Cached p6_c_choto -> ./cached_train/p6_c_choto.pt
Cached p11_c_choto -> ./cached_train/p11_c_choto.pt
Cached p14_c_choto -> ./cached_train/p14_c_choto.pt
Cached p12_c_choto -> ./cached_train/p12_c_choto.pt
Cached p7_f_choto -> ./cached_train/p7_f_choto.pt
Cached p16_f_choto -> ./cached_train/p16_f_choto.pt
Cached p14_f_choto -> ./cached_train/p14_f_choto.pt
Cached p15_c_choto -> ./cached_train/p15_c_choto.pt
Cached p1_f_choto -> ./cached_train/p1_f_choto.pt
Cached p3_f_choto -> ./cached_train/p3_f_choto.pt
Cached p4_c_choto -> ./cached_train/p4_c_choto.pt
Cached p1_c_choto -> ./cached_train/p1_c_choto.pt
Cached p8_f_choto -> ./cached_train/p8_f_choto.pt
Cached p13_c_choto -> ./cached_train/p13_c_choto.pt
Cached p15_f_choto -> ./cached_train/p15_f_choto.pt
Cached p16_c_choto -> ./cached_train/p16_c_choto.pt
Cached p2_f_choto -> ./cached_train/p2_f_choto.pt
Cached p8_c_choto -> ./cached_train/p8_c_choto.pt
Cached p12_f_raat -> ./cached_train/p12_f_raat.pt
Cached p6_c_raat -> ./cached_train/p6_c_raat.pt
Cached p11_c_raat -> ./cached_train/p11_c_raat.pt
Cached p7_f_raat -> ./cached_train/p7_f_raat.pt
Cached p4_f_raat -> ./cached_train/p4_f_raat.pt
Cached p15_c_raat -> ./cached_train/p15_c_raat.pt
Cached p14_f_raat -> ./cached_train/p14_f_raat.pt
Cached p12_c_raat -> ./cached_train/p12_c_raat.pt
Cached p3_f_raat -> ./cached_train/p3_f_raat.pt
Cached p7_c_raat -> ./cached_train/p7_c_raat.pt
Cached p8_c_raat -> ./cached_train/p8_c_raat.pt
Cached p6_f_raat -> ./cached_train/p6_f_raat.pt
Cached p16_f_raat -> ./cached_train/p16_f_raat.pt
Cached p13_c_raat -> ./cached_train/p13_c_raat.pt
Cached p1_f_raat -> ./cached_train/p1_f_raat.pt
Cached p4_c_raat -> ./cached_train/p4_c_raat.pt
Cached p1_c_raat -> ./cached_train/p1_c_raat.pt
Cached p2_f_raat -> ./cached_train/p2_f_raat.pt
Cached p15_f_raat -> ./cached_train/p15_f_raat.pt
Cached p16_c_raat -> ./cached_train/p16_c_raat.pt
Cached p8_f_raat -> ./cached_train/p8_f_raat.pt
Cached p14_c_raat -> ./cached_train/p14_c_raat.pt
Cached p13_f_raat -> ./cached_train/p13_f_raat.pt
Cached p11_f_raat -> ./cached_train/p11_f_raat.pt
Cached p7_f_sotru -> ./cached_train/p7_f_sotru.pt
Cached p15_c_sotru -> ./cached_train/p15_c_sotru.pt
Cached p13_c_sotru -> ./cached_train/p13_c_sotru.pt
Cached p16_c_sotru -> ./cached_train/p16_c_sotru.pt
Cached p4_c_sotru -> ./cached_train/p4_c_sotru.pt
Cached p13_f_sotru -> ./cached_train/p13_f_sotru.pt
Cached p14_f_sotru -> ./cached_train/p14_f_sotru.pt
Cached p12_c_sotru -> ./cached_train/p12_c_sotru.pt
Cached p12_f_sotru -> ./cached_train/p12_f_sotru.pt
Cached p1_f_sotru -> ./cached_train/p1_f_sotru.pt
Cached p6_f_sotru -> ./cached_train/p6_f_sotru.pt
Cached p7_c_sotru -> ./cached_train/p7_c_sotru.pt
Cached p1_c_sotru -> ./cached_train/p1_c_sotru.pt
Cached p8_f_sotru -> ./cached_train/p8_f_sotru.pt
Cached p8_c_sotru -> ./cached_train/p8_c_sotru.pt
Cached p3_f_sotru -> ./cached_train/p3_f_sotru.pt
Cached p11_f_sotru -> ./cached_train/p11_f_sotru.pt
Cached p11_c_sotru -> ./cached_train/p11_c_sotru.pt
Cached p2_f_sotru -> ./cached_train/p2_f_sotru.pt
Cached p6_c_sotru -> ./cached_train/p6_c_sotru.pt
Cached p15_f_sotru -> ./cached_train/p15_f_sotru.pt
Cached p14_c_sotru -> ./cached_train/p14_c_sotru.pt
Cached p16_f_sotru -> ./cached_train/p16_f_sotru.pt
Cached p4_f_sotru -> ./cached_train/p4_f_sotru.pt
Cached p4_f_khela -> ./cached_train/p4_f_khela.pt
Cached p12_c_khela -> ./cached_train/p12_c_khela.pt
Cached p4_c_khela -> ./cached_train/p4_c_khela.pt
Cached p2_f_khela -> ./cached_train/p2_f_khela.pt
Cached p13_c_khela -> ./cached_train/p13_c_khela.pt
Cached p15_f_khela -> ./cached_train/p15_f_khela.pt
Cached p7_f_khela -> ./cached_train/p7_f_khela.pt
Cached p14_c_khela -> ./cached_train/p14_c_khela.pt
Cached p1_f_khela -> ./cached_train/p1_f_khela.pt
Cached p11_f_khela -> ./cached_train/p11_f_khela.pt
Cached p13_f_khela -> ./cached_train/p13_f_khela.pt
Cached p6_c_khela -> ./cached_train/p6_c_khela.pt
Cached p6_f_khela -> ./cached_train/p6_f_khela.pt
Cached p7_c_khela -> ./cached_train/p7_c_khela.pt
Cached p1_c_khela -> ./cached_train/p1_c_khela.pt
Cached p8_f_khela -> ./cached_train/p8_f_khela.pt
Cached p3_f_khelakora -> ./cached_train/p3_f_khelakora.pt
Cached p16_c_khela -> ./cached_train/p16_c_khela.pt
Cached p16_f_khela -> ./cached_train/p16_f_khela.pt
Cached p11_c_khela -> ./cached_train/p11_c_khela.pt
Cached p14_f_khela -> ./cached_train/p14_f_khela.pt
Cached p12_f_khela -> ./cached_train/p12_f_khela.pt
Cached p8_c_khela -> ./cached_train/p8_c_khela.pt
Cached p15_c_khela -> ./cached_train/p15_c_khela.pt
Cached p11_c_sharee -> ./cached_train/p11_c_sharee.pt
Cached p11_f_sharee -> ./cached_train/p11_f_sharee.pt
Cached p16_f_sharee -> ./cached_train/p16_f_sharee.pt
Cached p6_f_sharee -> ./cached_train/p6_f_sharee.pt
Cached p14_c_sharee -> ./cached_train/p14_c_sharee.pt
Cached p4_c_sharee -> ./cached_train/p4_c_sharee.pt
Cached p12_c_sharee -> ./cached_train/p12_c_sharee.pt
Cached p8_c_sharee -> ./cached_train/p8_c_sharee.pt
Cached p1_c_sharee -> ./cached_train/p1_c_sharee.pt
Cached p15_f_sharee -> ./cached_train/p15_f_sharee.pt
Cached p1_f_sharee -> ./cached_train/p1_f_sharee.pt
Cached p12_f_sharee -> ./cached_train/p12_f_sharee.pt
Cached p7_f_sharee -> ./cached_train/p7_f_sharee.pt
Cached p4_f_sharee -> ./cached_train/p4_f_sharee.pt
Cached p2_f_sharee -> ./cached_train/p2_f_sharee.pt
Cached p13_f_sharee -> ./cached_train/p13_f_sharee.pt
Cached p13_c_sharee -> ./cached_train/p13_c_sharee.pt
Cached p6_c_sharee -> ./cached_train/p6_c_sharee.pt
Cached p7_c_sharee -> ./cached_train/p7_c_sharee.pt
Cached p3_f_sharee -> ./cached_train/p3_f_sharee.pt
Cached p15_c_sharee -> ./cached_train/p15_c_sharee.pt
Cached p16_c_sharee -> ./cached_train/p16_c_sharee.pt
Cached p14_f_sharee -> ./cached_train/p14_f_sharee.pt
Cached p8_f_sharee -> ./cached_train/p8_f_sharee.pt
Cached p7_c_ador -> ./cached_train/p7_c_ador.pt
Cached p1_c_ador -> ./cached_train/p1_c_ador.pt
Cached p7_f_ador -> ./cached_train/p7_f_ador.pt
Cached p6_f_ador -> ./cached_train/p6_f_ador.pt
Cached p11_c_ador -> ./cached_train/p11_c_ador.pt
Cached p13_c_ador -> ./cached_train/p13_c_ador.pt
Cached p6_c_ador -> ./cached_train/p6_c_ador.pt
Cached p14_c_ador -> ./cached_train/p14_c_ador.pt
Cached p13_f_ador -> ./cached_train/p13_f_ador.pt
Cached p15_f_ador -> ./cached_train/p15_f_ador.pt
Cached p4_f_ador -> ./cached_train/p4_f_ador.pt
Cached p16_f_ador -> ./cached_train/p16_f_ador.pt
Cached p8_c_ador -> ./cached_train/p8_c_ador.pt
Cached p3_f_ador -> ./cached_train/p3_f_ador.pt
Cached p1_f_ador -> ./cached_train/p1_f_ador.pt
Cached p4_c_ador -> ./cached_train/p4_c_ador.pt
Cached p8_f_ador -> ./cached_train/p8_f_ador.pt
Cached p2_f_ador -> ./cached_train/p2_f_ador.pt
Cached p16_c_ador -> ./cached_train/p16_c_ador.pt
Cached p15_c_ador -> ./cached_train/p15_c_ador.pt
Cached p11_f_ador -> ./cached_train/p11_f_ador.pt
Cached p12_c_ador -> ./cached_train/p12_c_ador.pt
Cached p14_f_ador -> ./cached_train/p14_f_ador.pt
Cached p12_f_ador -> ./cached_train/p12_f_ador.pt
Cached p8_c_sroddha -> ./cached_train/p8_c_sroddha.pt
Cached p8_f_sroddha -> ./cached_train/p8_f_sroddha.pt
Cached p13_c_sroddha -> ./cached_train/p13_c_sroddha.pt
Cached p2_f_sroddha -> ./cached_train/p2_f_sroddha.pt
Cached p6_f_sroddha -> ./cached_train/p6_f_sroddha.pt
Cached p4_f_sroddha -> ./cached_train/p4_f_sroddha.pt
Cached p13_f_sroddha -> ./cached_train/p13_f_sroddha.pt
Cached p15_f_sroddha -> ./cached_train/p15_f_sroddha.pt
Cached p1_c_sroddha -> ./cached_train/p1_c_sroddha.pt
Cached p7_c_sroddha -> ./cached_train/p7_c_sroddha.pt
Cached p14_f_sroddha -> ./cached_train/p14_f_sroddha.pt
Cached p11_f_sroddha -> ./cached_train/p11_f_sroddha.pt
Cached p16_c_sroddha -> ./cached_train/p16_c_sroddha.pt
Cached p11_c_sroddha -> ./cached_train/p11_c_sroddha.pt
Cached p7_f_sroddha -> ./cached_train/p7_f_sroddha.pt
Cached p12_c_sroddha -> ./cached_train/p12_c_sroddha.pt
Cached p16_f_sroddha -> ./cached_train/p16_f_sroddha.pt
Cached p6_c_sroddha -> ./cached_train/p6_c_sroddha.pt
Cached p1_f_sroddha -> ./cached_train/p1_f_sroddha.pt
Cached p4_c_sroddha -> ./cached_train/p4_c_sroddha.pt
Cached p3_f_sroddha -> ./cached_train/p3_f_sroddha.pt
Cached p14_c_sroddha -> ./cached_train/p14_c_sroddha.pt
Cached p15_c_sroddha -> ./cached_train/p15_c_sroddha.pt
Cached p12_f_sroddha -> ./cached_train/p12_f_sroddha.pt
Cached p6_f_table -> ./cached_train/p6_f_table.pt
Cached p13_f_table -> ./cached_train/p13_f_table.pt
Cached p8_f_table -> ./cached_train/p8_f_table.pt
Cached p7_c_table -> ./cached_train/p7_c_table.pt
Cached p14_f_table -> ./cached_train/p14_f_table.pt
Cached p4_c_table -> ./cached_train/p4_c_table.pt
Cached p1_f_table -> ./cached_train/p1_f_table.pt
Cached p15_f_table -> ./cached_train/p15_f_table.pt
Cached p16_f_table -> ./cached_train/p16_f_table.pt
Cached p3_f_table -> ./cached_train/p3_f_table.pt
Cached p16_c_table -> ./cached_train/p16_c_table.pt
Cached p2_f_table -> ./cached_train/p2_f_table.pt
Cached p8_c_table -> ./cached_train/p8_c_table.pt
Cached p4_f_table -> ./cached_train/p4_f_table.pt
Cached p14_c_table -> ./cached_train/p14_c_table.pt
Cached p15_c_table -> ./cached_train/p15_c_table.pt
Cached p12_c_table -> ./cached_train/p12_c_table.pt
Cached p1_c_table -> ./cached_train/p1_c_table.pt
Cached p11_c_table -> ./cached_train/p11_c_table.pt
Cached p13_c_table -> ./cached_train/p13_c_table.pt
Cached p12_f_table -> ./cached_train/p12_f_table.pt
Cached p11_f_table -> ./cached_train/p11_f_table.pt
Cached p7_f_table -> ./cached_train/p7_f_table.pt
Cached p6_c_table -> ./cached_train/p6_c_table.pt
Cached p3_f_pant -> ./cached_train/p3_f_pant.pt
Cached p12_f_pant -> ./cached_train/p12_f_pant.pt
Cached p11_f_pant -> ./cached_train/p11_f_pant.pt
Cached p13_f_pant -> ./cached_train/p13_f_pant.pt
Cached p7_c_pant -> ./cached_train/p7_c_pant.pt
Cached p12_c_pant -> ./cached_train/p12_c_pant.pt
Cached p1_c_pant -> ./cached_train/p1_c_pant.pt
Cached p14_c_pant -> ./cached_train/p14_c_pant.pt
Cached p1_f_pant -> ./cached_train/p1_f_pant.pt
Cached p4_f_pant -> ./cached_train/p4_f_pant.pt
Cached p15_c_pant -> ./cached_train/p15_c_pant.pt
Cached p11_c_pant -> ./cached_train/p11_c_pant.pt
Cached p15_f_pant -> ./cached_train/p15_f_pant.pt
Cached p16_f_pant -> ./cached_train/p16_f_pant.pt
Cached p7_f_pant -> ./cached_train/p7_f_pant.pt
Cached p8_f_pant -> ./cached_train/p8_f_pant.pt
Cached p13_c_pant -> ./cached_train/p13_c_pant.pt
Cached p16_c_pant -> ./cached_train/p16_c_pant.pt
Cached p6_f_pant -> ./cached_train/p6_f_pant.pt
Cached p6_c_pant -> ./cached_train/p6_c_pant.pt
Cached p4_c_pant -> ./cached_train/p4_c_pant.pt
Cached p8_c_pant -> ./cached_train/p8_c_pant.pt
Cached p14_f_pant -> ./cached_train/p14_f_pant.pt
Cached p2_f_pant -> ./cached_train/p2_f_pant.pt
Cached p8_f_janala -> ./cached_train/p8_f_janala.pt
Cached p4_f_janala -> ./cached_train/p4_f_janala.pt
Cached p1_f_janala -> ./cached_train/p1_f_janala.pt
Cached p4_c_janala -> ./cached_train/p4_c_janala.pt
Cached p16_f_janala -> ./cached_train/p16_f_janala.pt
Cached p2_f_janala -> ./cached_train/p2_f_janala.pt
Cached p15_c_janala -> ./cached_train/p15_c_janala.pt
Cached p13_f_janala -> ./cached_train/p13_f_janala.pt
Cached p1_c_janala -> ./cached_train/p1_c_janala.pt
Cached p11_f_janala -> ./cached_train/p11_f_janala.pt
Cached p14_f_janala -> ./cached_train/p14_f_janala.pt
Cached p7_c_janala -> ./cached_train/p7_c_janala.pt
Cached p3_f_janala -> ./cached_train/p3_f_janala.pt
Cached p14_c_janala -> ./cached_train/p14_c_janala.pt
Cached p12_c_janala -> ./cached_train/p12_c_janala.pt
Cached p6_f_janala -> ./cached_train/p6_f_janala.pt
Cached p7_f_janala -> ./cached_train/p7_f_janala.pt
Cached p6_c_janala -> ./cached_train/p6_c_janala.pt
Cached p8_c_janala -> ./cached_train/p8_c_janala.pt
Cached p16_c_janala -> ./cached_train/p16_c_janala.pt
Cached p12_f_janala -> ./cached_train/p12_f_janala.pt
Cached p11_c_janala -> ./cached_train/p11_c_janala.pt
Cached p13_c_janala -> ./cached_train/p13_c_janala.pt
Cached p15_f_janala -> ./cached_train/p15_f_janala.pt
Cached p16_f_cricket -> ./cached_train/p16_f_cricket.pt
Cached p14_c_cricket -> ./cached_train/p14_c_cricket.pt
Cached p4_f_cricket -> ./cached_train/p4_f_cricket.pt
Cached p1_c_cricket -> ./cached_train/p1_c_cricket.pt
Cached p13_c_cricket -> ./cached_train/p13_c_cricket.pt
Cached p6_f_cricket -> ./cached_train/p6_f_cricket.pt
Cached p15_c_cricket -> ./cached_train/p15_c_cricket.pt
Cached p8_f_cricket -> ./cached_train/p8_f_cricket.pt
Cached p16_c_cricket -> ./cached_train/p16_c_cricket.pt
Cached p1_f_cricket -> ./cached_train/p1_f_cricket.pt
Cached p2_f_cricket -> ./cached_train/p2_f_cricket.pt
Cached p12_f_cricket -> ./cached_train/p12_f_cricket.pt
Cached p11_c_cricket -> ./cached_train/p11_c_cricket.pt
Cached p14_f_cricket -> ./cached_train/p14_f_cricket.pt
Cached p8_c_cricket -> ./cached_train/p8_c_cricket.pt
Cached p11_f_cricket -> ./cached_train/p11_f_cricket.pt
Cached p6_c_cricket -> ./cached_train/p6_c_cricket.pt
Cached p7_f_cricket -> ./cached_train/p7_f_cricket.pt
Cached p3_f_cricket -> ./cached_train/p3_f_cricket.pt
Cached p13_f_cricket -> ./cached_train/p13_f_cricket.pt
Cached p7_c_cricket -> ./cached_train/p7_c_cricket.pt
Cached p12_c_cricket -> ./cached_train/p12_c_cricket.pt
Cached p15_f_cricket -> ./cached_train/p15_f_cricket.pt
Cached p4_c_cricket -> ./cached_train/p4_c_cricket.pt
Cached p8_f_chabi -> ./cached_train/p8_f_chabi.pt
Cached p13_c_chabi -> ./cached_train/p13_c_chabi.pt
Cached p1_c_chabi -> ./cached_train/p1_c_chabi.pt
Cached p16_c_chabi -> ./cached_train/p16_c_chabi.pt
Cached p14_c_chabi -> ./cached_train/p14_c_chabi.pt
Cached p15_c_chabi -> ./cached_train/p15_c_chabi.pt
Cached p15_f_chabi -> ./cached_train/p15_f_chabi.pt
Cached p12_f_chabi -> ./cached_train/p12_f_chabi.pt
Cached p6_f_chabi -> ./cached_train/p6_f_chabi.pt
Cached p16_f_chabi -> ./cached_train/p16_f_chabi.pt
Cached p2_f_chabi -> ./cached_train/p2_f_chabi.pt
Cached p13_f_chabi -> ./cached_train/p13_f_chabi.pt
Cached p7_c_chabi -> ./cached_train/p7_c_chabi.pt
Cached p4_f_chabi -> ./cached_train/p4_f_chabi.pt
Cached p6_c_chabi -> ./cached_train/p6_c_chabi.pt
Cached p12_c_chabi -> ./cached_train/p12_c_chabi.pt
Cached p1_f_chabi -> ./cached_train/p1_f_chabi.pt
Cached p8_c_chabi -> ./cached_train/p8_c_chabi.pt
Cached p7_f_chabi -> ./cached_train/p7_f_chabi.pt
Cached p11_f_chabi -> ./cached_train/p11_f_chabi.pt
Cached p14_f_chabi -> ./cached_train/p14_f_chabi.pt
Cached p3_f_chabi -> ./cached_train/p3_f_chabi.pt
Cached p11_c_chabi -> ./cached_train/p11_c_chabi.pt
Cached p4_c_chabi -> ./cached_train/p4_c_chabi.pt
Cached p1_c_shona -> ./cached_train/p1_c_shona.pt
Cached p8_c_shona -> ./cached_train/p8_c_shona.pt
Cached p16_f_shona -> ./cached_train/p16_f_shona.pt
Cached p16_c_shona -> ./cached_train/p16_c_shona.pt
Cached p7_f_shona -> ./cached_train/p7_f_shona.pt
Cached p6_f_shona -> ./cached_train/p6_f_shona.pt
Cached p15_c_shona -> ./cached_train/p15_c_shona.pt
Cached p12_c_shona -> ./cached_train/p12_c_shona.pt
Cached p8_f_shona -> ./cached_train/p8_f_shona.pt
Cached p12_f_shona -> ./cached_train/p12_f_shona.pt
Cached p11_f_shona -> ./cached_train/p11_f_shona.pt
Cached p11_c_shona -> ./cached_train/p11_c_shona.pt
Cached p2_f_shona -> ./cached_train/p2_f_shona.pt
Cached p7_c_shona -> ./cached_train/p7_c_shona.pt
Cached p15_f_shona -> ./cached_train/p15_f_shona.pt
Cached p13_c_shona -> ./cached_train/p13_c_shona.pt
Cached p1_f_shona -> ./cached_train/p1_f_shona.pt
Cached p3_f_shona -> ./cached_train/p3_f_shona.pt
Cached p4_f_shona -> ./cached_train/p4_f_shona.pt
Cached p14_c_shona -> ./cached_train/p14_c_shona.pt
Cached p13_f_shona -> ./cached_train/p13_f_shona.pt
Cached p14_f_shona -> ./cached_train/p14_f_shona.pt
Cached p6_c_shona -> ./cached_train/p6_c_shona.pt
Cached p4_c_shona -> ./cached_train/p4_c_shona.pt
Cached p2_f_chad -> ./cached_train/p2_f_chad.pt
Cached p7_f_chad -> ./cached_train/p7_f_chad.pt
Cached p16_f_chad -> ./cached_train/p16_f_chad.pt
Cached p15_f_chad -> ./cached_train/p15_f_chad.pt
Cached p14_f_chad -> ./cached_train/p14_f_chad.pt
Cached p11_f_chad -> ./cached_train/p11_f_chad.pt
Cached p1_f_chad -> ./cached_train/p1_f_chad.pt
Cached p13_f_chad -> ./cached_train/p13_f_chad.pt
Cached p8_c_chad -> ./cached_train/p8_c_chad.pt
Cached p3_f_chad -> ./cached_train/p3_f_chad.pt
Cached p6_f_chad -> ./cached_train/p6_f_chad.pt
Cached p1_c_chad -> ./cached_train/p1_c_chad.pt
Cached p16_c_chad -> ./cached_train/p16_c_chad.pt
Cached p8_f_chad -> ./cached_train/p8_f_chad.pt
Cached p4_c_chad -> ./cached_train/p4_c_chad.pt
Cached p11_c_chad -> ./cached_train/p11_c_chad.pt
Cached p6_c_chad -> ./cached_train/p6_c_chad.pt
Cached p14_c_chad -> ./cached_train/p14_c_chad.pt
Cached p7_c_chad -> ./cached_train/p7_c_chad.pt
Cached p12_f_chad -> ./cached_train/p12_f_chad.pt
Cached p15_c_chad -> ./cached_train/p15_c_chad.pt
Cached p12_c_chad -> ./cached_train/p12_c_chad.pt
Cached p4_f_chad -> ./cached_train/p4_f_chad.pt
Cached p13_c_chad -> ./cached_train/p13_c_chad.pt
Cached p11_f_tokhon -> ./cached_train/p11_f_tokhon.pt
Cached p15_f_tokhon -> ./cached_train/p15_f_tokhon.pt
Cached p15_c_tokhon -> ./cached_train/p15_c_tokhon.pt
Cached p14_f_tokhon -> ./cached_train/p14_f_tokhon.pt
Cached p7_f_tokhon -> ./cached_train/p7_f_tokhon.pt
Cached p1_c_tokhon -> ./cached_train/p1_c_tokhon.pt
Cached p8_f_tokhon -> ./cached_train/p8_f_tokhon.pt
Cached p3_f_tokhon -> ./cached_train/p3_f_tokhon.pt
Cached p4_c_tokhon -> ./cached_train/p4_c_tokhon.pt
Cached p12_f_tokhon -> ./cached_train/p12_f_tokhon.pt
Cached p11_c_tokhon -> ./cached_train/p11_c_tokhon.pt
Cached p2_f_tokhon -> ./cached_train/p2_f_tokhon.pt
Cached p13_f_tokhon -> ./cached_train/p13_f_tokhon.pt
Cached p14_c_tokhon -> ./cached_train/p14_c_tokhon.pt
Cached p4_f_tokhon -> ./cached_train/p4_f_tokhon.pt
Cached p16_f_tokhon -> ./cached_train/p16_f_tokhon.pt
Cached p6_f_tokhon -> ./cached_train/p6_f_tokhon.pt
Cached p13_c_tokhon -> ./cached_train/p13_c_tokhon.pt
Cached p8_c_tokhon -> ./cached_train/p8_c_tokhon.pt
Cached p6_c_tokhon -> ./cached_train/p6_c_tokhon.pt
Cached p16_c_tokhon -> ./cached_train/p16_c_tokhon.pt
Cached p1_f_tokhon -> ./cached_train/p1_f_tokhon.pt
Cached p12_c_tokhon -> ./cached_train/p12_c_tokhon.pt
Cached p7_c_tokhon -> ./cached_train/p7_c_tokhon.pt
Cached p13_f_sustho -> ./cached_train/p13_f_sustho.pt
Cached p11_c_sustho -> ./cached_train/p11_c_sustho.pt
Cached p4_f_sustho -> ./cached_train/p4_f_sustho.pt
Cached p11_f_sustho -> ./cached_train/p11_f_sustho.pt
Cached p6_c_sustho -> ./cached_train/p6_c_sustho.pt
Cached p13_c_sustho -> ./cached_train/p13_c_sustho.pt
Cached p7_f_sustho -> ./cached_train/p7_f_sustho.pt
Cached p4_c_sustho -> ./cached_train/p4_c_sustho.pt
Cached p16_f_sustho -> ./cached_train/p16_f_sustho.pt
Cached p12_f_sustho -> ./cached_train/p12_f_sustho.pt
Cached p15_f_sustho -> ./cached_train/p15_f_sustho.pt
Cached p8_f_sustho -> ./cached_train/p8_f_sustho.pt
Cached p7_c_sustho -> ./cached_train/p7_c_sustho.pt
Cached p1_c_sustho -> ./cached_train/p1_c_sustho.pt
Cached p3_f_sustho -> ./cached_train/p3_f_sustho.pt
Cached p6_f_sustho -> ./cached_train/p6_f_sustho.pt
Cached p1_f_sustho -> ./cached_train/p1_f_sustho.pt
Cached p14_f_sustho -> ./cached_train/p14_f_sustho.pt
Cached p15_c_sustho -> ./cached_train/p15_c_sustho.pt
Cached p14_c_sustho -> ./cached_train/p14_c_sustho.pt
Cached p12_c_sustho -> ./cached_train/p12_c_sustho.pt
Cached p8_c_sustho -> ./cached_train/p8_c_sustho.pt
Cached p2_f_sustho -> ./cached_train/p2_f_sustho.pt
Cached p16_c_sustho -> ./cached_train/p16_c_sustho.pt
Cached p1_c_nurse -> ./cached_train/p1_c_nurse.pt
Cached p11_c_nurse -> ./cached_train/p11_c_nurse.pt
Cached p14_f_nurse -> ./cached_train/p14_f_nurse.pt
Cached p16_c_nurse -> ./cached_train/p16_c_nurse.pt
Cached p14_c_nurse -> ./cached_train/p14_c_nurse.pt
Cached p12_f_nurse -> ./cached_train/p12_f_nurse.pt
Cached p7_c_nurse -> ./cached_train/p7_c_nurse.pt
Cached p1_f_nurse -> ./cached_train/p1_f_nurse.pt
Cached p12_c_nurse -> ./cached_train/p12_c_nurse.pt
Cached p7_f_nurse -> ./cached_train/p7_f_nurse.pt
Cached p8_f_nurse -> ./cached_train/p8_f_nurse.pt
Cached p15_c_nurse -> ./cached_train/p15_c_nurse.pt
Cached p4_f_nurse -> ./cached_train/p4_f_nurse.pt
Cached p4_c_nurse -> ./cached_train/p4_c_nurse.pt
Cached p6_c_nurse -> ./cached_train/p6_c_nurse.pt
Cached p3_f_nurse -> ./cached_train/p3_f_nurse.pt
Cached p13_c_nurse -> ./cached_train/p13_c_nurse.pt
Cached p8_c_nurse -> ./cached_train/p8_c_nurse.pt
Cached p11_f_nurse -> ./cached_train/p11_f_nurse.pt
Cached p2_f_nurse -> ./cached_train/p2_f_nurse.pt
Cached p13_f_nurse -> ./cached_train/p13_f_nurse.pt
Cached p6_f_nurse -> ./cached_train/p6_f_nurse.pt
Cached p15_f_nurse -> ./cached_train/p15_f_nurse.pt
Cached p16_f_nurse -> ./cached_train/p16_f_nurse.pt
Cached p11_f_jodi -> ./cached_train/p11_f_jodi.pt
Cached p16_f_jodi -> ./cached_train/p16_f_jodi.pt
Cached p4_c_jodi -> ./cached_train/p4_c_jodi.pt
Cached p13_c_jodi -> ./cached_train/p13_c_jodi.pt
Cached p8_f_jodi -> ./cached_train/p8_f_jodi.pt
Cached p8_c_jodi -> ./cached_train/p8_c_jodi.pt
Cached p12_f_jodi -> ./cached_train/p12_f_jodi.pt
Cached p15_c_jodi -> ./cached_train/p15_c_jodi.pt
Cached p7_c_jodi -> ./cached_train/p7_c_jodi.pt
Cached p1_f_jodi -> ./cached_train/p1_f_jodi.pt
Cached p7_f_jodi -> ./cached_train/p7_f_jodi.pt
Cached p3_f_jodi -> ./cached_train/p3_f_jodi.pt
Cached p14_f_jodi -> ./cached_train/p14_f_jodi.pt
Cached p13_f_jodi -> ./cached_train/p13_f_jodi.pt
Cached p1_c_jodi -> ./cached_train/p1_c_jodi.pt
Cached p2_f_jodi -> ./cached_train/p2_f_jodi.pt
Cached p12_c_jodi -> ./cached_train/p12_c_jodi.pt
Cached p6_f_jodi -> ./cached_train/p6_f_jodi.pt
Cached p15_f_jodi -> ./cached_train/p15_f_jodi.pt
Cached p6_c_jodi -> ./cached_train/p6_c_jodi.pt
Cached p4_f_jodi -> ./cached_train/p4_f_jodi.pt
Cached p16_c_jodi -> ./cached_train/p16_c_jodi.pt
Cached p11_c_jodi -> ./cached_train/p11_c_jodi.pt
Cached p14_c_jodi -> ./cached_train/p14_c_jodi.pt
Cached p2_f_kothay -> ./cached_train/p2_f_kothay.pt
Cached p13_c_kothay -> ./cached_train/p13_c_kothay.pt
Cached p4_f_kothay -> ./cached_train/p4_f_kothay.pt
Cached p4_c_kothay -> ./cached_train/p4_c_kothay.pt
Cached p16_f_kothay -> ./cached_train/p16_f_kothay.pt
Cached p11_c_kothay -> ./cached_train/p11_c_kothay.pt
Cached p6_f_kothay -> ./cached_train/p6_f_kothay.pt
Cached p14_f_kothay -> ./cached_train/p14_f_kothay.pt
Cached p15_f_kothay -> ./cached_train/p15_f_kothay.pt
Cached p16_c_kothay -> ./cached_train/p16_c_kothay.pt
Cached p15_c_kothay -> ./cached_train/p15_c_kothay.pt
Cached p6_c_kothay -> ./cached_train/p6_c_kothay.pt
Cached p14_c_kothay -> ./cached_train/p14_c_kothay.pt
Cached p7_f_kothay -> ./cached_train/p7_f_kothay.pt
Cached p12_c_kothay -> ./cached_train/p12_c_kothay.pt
Cached p13_f_kothay -> ./cached_train/p13_f_kothay.pt
Cached p11_f_kothay -> ./cached_train/p11_f_kothay.pt
Cached p8_f_kothay -> ./cached_train/p8_f_kothay.pt
Cached p1_c_kothay -> ./cached_train/p1_c_kothay.pt
Cached p1_f_kothay -> ./cached_train/p1_f_kothay.pt
Cached p8_c_kothay -> ./cached_train/p8_c_kothay.pt
Cached p7_c_kothay -> ./cached_train/p7_c_kothay.pt
Cached p12_f_kothay -> ./cached_train/p12_f_kothay.pt
Cached p3_f_kothay -> ./cached_train/p3_f_kothay.pt
Cached p16_f_khoj -> ./cached_train/p16_f_khoj.pt
Cached p15_f_khoj -> ./cached_train/p15_f_khoj.pt
Cached p2_f_khoj -> ./cached_train/p2_f_khoj.pt
Cached p4_c_khoj -> ./cached_train/p4_c_khoj.pt
Cached p11_c_khoj -> ./cached_train/p11_c_khoj.pt
Cached p8_c_khoj -> ./cached_train/p8_c_khoj.pt
Cached p1_c_khoj -> ./cached_train/p1_c_khoj.pt
Cached p7_c_khoj -> ./cached_train/p7_c_khoj.pt
Cached p1_f_khoj -> ./cached_train/p1_f_khoj.pt
Cached p3_f_khoj -> ./cached_train/p3_f_khoj.pt
Cached p14_f_khoj -> ./cached_train/p14_f_khoj.pt
Cached p7_f_khoj -> ./cached_train/p7_f_khoj.pt
Cached p16_c_khoj -> ./cached_train/p16_c_khoj.pt
Cached p6_c_khoj -> ./cached_train/p6_c_khoj.pt
Cached p4_f_khoj -> ./cached_train/p4_f_khoj.pt
Cached p14_c_khoj -> ./cached_train/p14_c_khoj.pt
Cached p11_f_khoj -> ./cached_train/p11_f_khoj.pt
Cached p13_c_khoj -> ./cached_train/p13_c_khoj.pt
Cached p12_f_khoj -> ./cached_train/p12_f_khoj.pt
Cached p13_f_khoj -> ./cached_train/p13_f_khoj.pt
Cached p12_c_khoj -> ./cached_train/p12_c_khoj.pt
Cached p15_c_khoj -> ./cached_train/p15_c_khoj.pt
Cached p6_f_khoj -> ./cached_train/p6_f_khoj.pt
Cached p8_f_khoj -> ./cached_train/p8_f_khoj.pt
Cached p3_f_dengue -> ./cached_train/p3_f_dengue.pt
Cached p15_c_dengue -> ./cached_train/p15_c_dengue.pt
Cached p4_f_dengue -> ./cached_train/p4_f_dengue.pt
Cached p4_c_dengue -> ./cached_train/p4_c_dengue.pt
Cached p14_c_dengue -> ./cached_train/p14_c_dengue.pt
Cached p12_f_dengue -> ./cached_train/p12_f_dengue.pt
Cached p13_f_dengue -> ./cached_train/p13_f_dengue.pt
Cached p16_c_dengue -> ./cached_train/p16_c_dengue.pt
Cached p7_f_dengue -> ./cached_train/p7_f_dengue.pt
Cached p2_f_dengue -> ./cached_train/p2_f_dengue.pt
Cached p8_c_dengue -> ./cached_train/p8_c_dengue.pt
Cached p6_c_dengue -> ./cached_train/p6_c_dengue.pt
Cached p11_f_dengue -> ./cached_train/p11_f_dengue.pt
Cached p8_f_dengue -> ./cached_train/p8_f_dengue.pt
Cached p11_c_dengue -> ./cached_train/p11_c_dengue.pt
Cached p16_f_dengue -> ./cached_train/p16_f_dengue.pt
Cached p1_f_dengue -> ./cached_train/p1_f_dengue.pt
Cached p7_c_dengue -> ./cached_train/p7_c_dengue.pt
Cached p6_f_dengue -> ./cached_train/p6_f_dengue.pt
Cached p15_f_dengue -> ./cached_train/p15_f_dengue.pt
Cached p1_c_dengue -> ./cached_train/p1_c_dengue.pt
Cached p13_c_dengue -> ./cached_train/p13_c_dengue.pt
Cached p12_c_dengue -> ./cached_train/p12_c_dengue.pt
Cached p14_f_dengue -> ./cached_train/p14_f_dengue.pt
Cached p1_c_shanti -> ./cached_train/p1_c_shanti.pt
Cached p7_f_shanti -> ./cached_train/p7_f_shanti.pt
Cached p2_f_shanti -> ./cached_train/p2_f_shanti.pt
Cached p4_c_shanti -> ./cached_train/p4_c_shanti.pt
Cached p6_f_shanti -> ./cached_train/p6_f_shanti.pt
Cached p13_f_shanti -> ./cached_train/p13_f_shanti.pt
Cached p6_c_shanti -> ./cached_train/p6_c_shanti.pt
Cached p11_c_shanti -> ./cached_train/p11_c_shanti.pt
Cached p15_f_shanti -> ./cached_train/p15_f_shanti.pt
Cached p12_f_shanti -> ./cached_train/p12_f_shanti.pt
Cached p14_f_shanti -> ./cached_train/p14_f_shanti.pt
Cached p4_f_shanti -> ./cached_train/p4_f_shanti.pt
Cached p11_f_shanti -> ./cached_train/p11_f_shanti.pt
Cached p16_f_shanti -> ./cached_train/p16_f_shanti.pt
Cached p7_c_shanti -> ./cached_train/p7_c_shanti.pt
Cached p15_c_shanti -> ./cached_train/p15_c_shanti.pt
Cached p8_f_shanti -> ./cached_train/p8_f_shanti.pt
Cached p13_c_shanti -> ./cached_train/p13_c_shanti.pt
Cached p1_f_shanti -> ./cached_train/p1_f_shanti.pt
Cached p16_c_shanti -> ./cached_train/p16_c_shanti.pt
Cached p14_c_shanti -> ./cached_train/p14_c_shanti.pt
Cached p12_c_shanti -> ./cached_train/p12_c_shanti.pt
Cached p3_f_shanti -> ./cached_train/p3_f_shanti.pt
Cached p8_c_shanti -> ./cached_train/p8_c_shanti.pt
Cached p11_c_sombar -> ./cached_train/p11_c_sombar.pt
Cached p6_c_sombar -> ./cached_train/p6_c_sombar.pt
Cached p4_f_sombar -> ./cached_train/p4_f_sombar.pt
Cached p15_c_sombar -> ./cached_train/p15_c_sombar.pt
Cached p2_f_sombar -> ./cached_train/p2_f_sombar.pt
Cached p16_f_sombar -> ./cached_train/p16_f_sombar.pt
Cached p6_f_sombar -> ./cached_train/p6_f_sombar.pt
Cached p15_f_sombar -> ./cached_train/p15_f_sombar.pt
Cached p1_f_sombar -> ./cached_train/p1_f_sombar.pt
Cached p8_f_sombar -> ./cached_train/p8_f_sombar.pt
Cached p12_f_sombar -> ./cached_train/p12_f_sombar.pt
Cached p14_c_sombar -> ./cached_train/p14_c_sombar.pt
Cached p16_c_sombar -> ./cached_train/p16_c_sombar.pt
Cached p8_c_sombar -> ./cached_train/p8_c_sombar.pt
Cached p14_f_sombar -> ./cached_train/p14_f_sombar.pt
Cached p13_f_sombar -> ./cached_train/p13_f_sombar.pt
Cached p11_f_sombar -> ./cached_train/p11_f_sombar.pt
Cached p13_c_sombar -> ./cached_train/p13_c_sombar.pt
Cached p3_f_sombar -> ./cached_train/p3_f_sombar.pt
Cached p7_c_sombar -> ./cached_train/p7_c_sombar.pt
Cached p7_f_sombar -> ./cached_train/p7_f_sombar.pt
Cached p12_c_sombar -> ./cached_train/p12_c_sombar.pt
Cached p4_c_sombar -> ./cached_train/p4_c_sombar.pt
Cached p1_c_sombar -> ./cached_train/p1_c_sombar.pt
Cached p13_c_tv -> ./cached_train/p13_c_tv.pt
Cached p16_c_tv -> ./cached_train/p16_c_tv.pt
Cached p3_f_tv -> ./cached_train/p3_f_tv.pt
Cached p4_c_tv -> ./cached_train/p4_c_tv.pt
Cached p16_f_tv -> ./cached_train/p16_f_tv.pt
Cached p2_f_tv -> ./cached_train/p2_f_tv.pt
Cached p8_f_tv -> ./cached_train/p8_f_tv.pt
Cached p12_f_tv -> ./cached_train/p12_f_tv.pt
Cached p7_c_tv -> ./cached_train/p7_c_tv.pt
Cached p7_f_tv -> ./cached_train/p7_f_tv.pt
Cached p6_c_tv -> ./cached_train/p6_c_tv.pt
Cached p6_f_tv -> ./cached_train/p6_f_tv.pt
Cached p8_c_tv -> ./cached_train/p8_c_tv.pt
Cached p15_c_tv -> ./cached_train/p15_c_tv.pt
Cached p1_c_tv -> ./cached_train/p1_c_tv.pt
Cached p15_f_tv -> ./cached_train/p15_f_tv.pt
Cached p14_f_tv -> ./cached_train/p14_f_tv.pt
Cached p14_c_tv -> ./cached_train/p14_c_tv.pt
Cached p4_f_tv -> ./cached_train/p4_f_tv.pt
Cached p1_f_tv -> ./cached_train/p1_f_tv.pt
Cached p11_c_tv -> ./cached_train/p11_c_tv.pt
Cached p12_c_tv -> ./cached_train/p12_c_tv.pt
Cached p13_f_tv -> ./cached_train/p13_f_tv.pt
Cached p11_f_tv -> ./cached_train/p11_f_tv.pt
Cached p6_f_nodi -> ./cached_train/p6_f_nodi.pt
Cached p13_c_nodi -> ./cached_train/p13_c_nodi.pt
Cached p12_f_nodi -> ./cached_train/p12_f_nodi.pt
Cached p11_f_nodi -> ./cached_train/p11_f_nodi.pt
Cached p16_c_nodi -> ./cached_train/p16_c_nodi.pt
Cached p2_f_nodi -> ./cached_train/p2_f_nodi.pt
Cached p6_c_nodi -> ./cached_train/p6_c_nodi.pt
Cached p4_f_nodi -> ./cached_train/p4_f_nodi.pt
Cached p14_f_nodi -> ./cached_train/p14_f_nodi.pt
Cached p7_f_nodi -> ./cached_train/p7_f_nodi.pt
Cached p15_c_nodi -> ./cached_train/p15_c_nodi.pt
Cached p8_f_nodi -> ./cached_train/p8_f_nodi.pt
Cached p3_f_nodi -> ./cached_train/p3_f_nodi.pt
Cached p7_c_nodi -> ./cached_train/p7_c_nodi.pt
Cached p8_c_nodi -> ./cached_train/p8_c_nodi.pt
Cached p1_c_nodi -> ./cached_train/p1_c_nodi.pt
Cached p15_f_nodi -> ./cached_train/p15_f_nodi.pt
Cached p14_c_nodi -> ./cached_train/p14_c_nodi.pt
Cached p16_f_nodi -> ./cached_train/p16_f_nodi.pt
Cached p1_f_nodi -> ./cached_train/p1_f_nodi.pt
Cached p11_c_nodi -> ./cached_train/p11_c_nodi.pt
Cached p12_c_nodi -> ./cached_train/p12_c_nodi.pt
Cached p13_f_nodi -> ./cached_train/p13_f_nodi.pt
Cached p4_c_nodi -> ./cached_train/p4_c_nodi.pt
Cached p8_f_khelowar -> ./cached_train/p8_f_khelowar.pt
Cached p11_c_khelowar -> ./cached_train/p11_c_khelowar.pt
Cached p1_f_khelowar -> ./cached_train/p1_f_khelowar.pt
Cached p16_f_khelowar -> ./cached_train/p16_f_khelowar.pt
Cached p13_f_khelowar -> ./cached_train/p13_f_khelowar.pt
Cached p14_f_khelowar -> ./cached_train/p14_f_khelowar.pt
Cached p15_f_khelowar -> ./cached_train/p15_f_khelowar.pt
Cached p4_c_khelowar -> ./cached_train/p4_c_khelowar.pt
Cached p2_f_khelowar -> ./cached_train/p2_f_khelowar.pt
Cached p13_c_khelowar -> ./cached_train/p13_c_khelowar.pt
Cached p1_c_khelowar -> ./cached_train/p1_c_khelowar.pt
Cached p7_c_khelowar -> ./cached_train/p7_c_khelowar.pt
Cached p8_c_khelowar -> ./cached_train/p8_c_khelowar.pt
Cached p15_c_khelowar -> ./cached_train/p15_c_khelowar.pt
Cached p11_f_khelowar -> ./cached_train/p11_f_khelowar.pt
Cached p6_c_khelowar -> ./cached_train/p6_c_khelowar.pt
Cached p6_f_khelowar -> ./cached_train/p6_f_khelowar.pt
Cached p3_f_khelowar -> ./cached_train/p3_f_khelowar.pt
Cached p12_f_khelowar -> ./cached_train/p12_f_khelowar.pt
Cached p16_c_khelowar -> ./cached_train/p16_c_khelowar.pt
Cached p7_f_khelowar -> ./cached_train/p7_f_khelowar.pt
Cached p4_f_khelowar -> ./cached_train/p4_f_khelowar.pt
Cached p12_c_khelowar -> ./cached_train/p12_c_khelowar.pt
Cached p14_c_khelowar -> ./cached_train/p14_c_khelowar.pt
Cached p15_f_sandal -> ./cached_train/p15_f_sandal.pt
Cached p8_f_sandal -> ./cached_train/p8_f_sandal.pt
Cached p8_c_sandal -> ./cached_train/p8_c_sandal.pt
Cached p1_f_sandal -> ./cached_train/p1_f_sandal.pt
Cached p7_c_sandal -> ./cached_train/p7_c_sandal.pt
Cached p16_f_sandal -> ./cached_train/p16_f_sandal.pt
Cached p7_f_sandal -> ./cached_train/p7_f_sandal.pt
Cached p2_f_sandal -> ./cached_train/p2_f_sandal.pt
Cached p3_f_sandal -> ./cached_train/p3_f_sandal.pt
Cached p13_c_sandal -> ./cached_train/p13_c_sandal.pt
Cached p15_c_sandal -> ./cached_train/p15_c_sandal.pt
Cached p6_c_sandal -> ./cached_train/p6_c_sandal.pt
Cached p14_f_sandal -> ./cached_train/p14_f_sandal.pt
Cached p1_c_sandal -> ./cached_train/p1_c_sandal.pt
Cached p12_c_sandal -> ./cached_train/p12_c_sandal.pt
Cached p14_c_sandal -> ./cached_train/p14_c_sandal.pt
Cached p13_f_sandal -> ./cached_train/p13_f_sandal.pt
Cached p11_c_sandal -> ./cached_train/p11_c_sandal.pt
Cached p4_c_sandal -> ./cached_train/p4_c_sandal.pt
Cached p4_f_sandal -> ./cached_train/p4_f_sandal.pt
Cached p12_f_sandal -> ./cached_train/p12_f_sandal.pt
Cached p11_f_sandal -> ./cached_train/p11_f_sandal.pt
Cached p16_c_sandal -> ./cached_train/p16_c_sandal.pt
Cached p6_f_sandal -> ./cached_train/p6_f_sandal.pt
Cached p14_f_porisrom -> ./cached_train/p14_f_porisrom.pt
Cached p14_c_porisrom -> ./cached_train/p14_c_porisrom.pt
Cached p4_c_porisrom -> ./cached_train/p4_c_porisrom.pt
Cached p2_f_porisrom -> ./cached_train/p2_f_porisrom.pt
Cached p13_c_porisrom -> ./cached_train/p13_c_porisrom.pt
Cached p3_f_porisrom -> ./cached_train/p3_f_porisrom.pt
Cached p15_f_porisrom -> ./cached_train/p15_f_porisrom.pt
Cached p11_c_porisrom -> ./cached_train/p11_c_porisrom.pt
Cached p16_f_porisrom -> ./cached_train/p16_f_porisrom.pt
Cached p8_f_porisrom -> ./cached_train/p8_f_porisrom.pt
Cached p6_c_porisrom -> ./cached_train/p6_c_porisrom.pt
Cached p12_c_porisrom -> ./cached_train/p12_c_porisrom.pt
Cached p1_f_porisrom -> ./cached_train/p1_f_porisrom.pt
Cached p1_c_porisrom -> ./cached_train/p1_c_porisrom.pt
Cached p7_c_porisrom -> ./cached_train/p7_c_porisrom.pt
Cached p16_c_porisrom -> ./cached_train/p16_c_porisrom.pt
Cached p12_f_porisrom -> ./cached_train/p12_f_porisrom.pt
Cached p15_c_porisrom -> ./cached_train/p15_c_porisrom.pt
Cached p11_f_porisrom -> ./cached_train/p11_f_porisrom.pt
Cached p6_f_porisrom -> ./cached_train/p6_f_porisrom.pt
Cached p8_c_porisrom -> ./cached_train/p8_c_porisrom.pt
Cached p13_f_porisrom -> ./cached_train/p13_f_porisrom.pt
Cached p7_f_porisrom -> ./cached_train/p7_f_porisrom.pt
Cached p4_f_porisrom -> ./cached_train/p4_f_porisrom.pt
Cached p13_f_jiggasha -> ./cached_train/p13_f_jiggasha.pt
Cached p1_c_jiggasha -> ./cached_train/p1_c_jiggasha.pt
Cached p4_c_jiggasha -> ./cached_train/p4_c_jiggasha.pt
Cached p8_f_jiggasha -> ./cached_train/p8_f_jiggasha.pt
Cached p6_f_jiggasha -> ./cached_train/p6_f_jiggasha.pt
Cached p12_f_jiggasha -> ./cached_train/p12_f_jiggasha.pt
Cached p8_c_jiggasha -> ./cached_train/p8_c_jiggasha.pt
Cached p7_f_jiggasha -> ./cached_train/p7_f_jiggasha.pt
Cached p6_c_jiggasha -> ./cached_train/p6_c_jiggasha.pt
Cached p11_f_jiggasha -> ./cached_train/p11_f_jiggasha.pt
Cached p14_f_jiggasha -> ./cached_train/p14_f_jiggasha.pt
Cached p12_c_jiggasha -> ./cached_train/p12_c_jiggasha.pt
Cached p16_c_jiggasha -> ./cached_train/p16_c_jiggasha.pt
Cached p15_f_jiggasha -> ./cached_train/p15_f_jiggasha.pt
Cached p13_c_jiggasha -> ./cached_train/p13_c_jiggasha.pt
Cached p2_f_jiggasha -> ./cached_train/p2_f_jiggasha.pt
Cached p7_c_jiggasha -> ./cached_train/p7_c_jiggasha.pt
Cached p14_c_jiggasha -> ./cached_train/p14_c_jiggasha.pt
Cached p15_c_jiggasha -> ./cached_train/p15_c_jiggasha.pt
Cached p3_f_jiggasha -> ./cached_train/p3_f_jiggasha.pt
Cached p1_f_jiggasha -> ./cached_train/p1_f_jiggasha.pt
Cached p11_c_jiggasha -> ./cached_train/p11_c_jiggasha.pt
Cached p4_f_jiggasha -> ./cached_train/p4_f_jiggasha.pt
Cached p16_f_jiggasha -> ./cached_train/p16_f_jiggasha.pt
Cached p6_f_ki -> ./cached_train/p6_f_ki.pt
Cached p15_f_ki -> ./cached_train/p15_f_ki.pt
Cached p12_f_ki -> ./cached_train/p12_f_ki.pt
Cached p11_f_ki -> ./cached_train/p11_f_ki.pt
Cached p11_c_ki -> ./cached_train/p11_c_ki.pt
Cached p2_f_ki -> ./cached_train/p2_f_ki.pt
Cached p16_f_ki -> ./cached_train/p16_f_ki.pt
Cached p15_c_ki -> ./cached_train/p15_c_ki.pt
Cached p1_f_ki -> ./cached_train/p1_f_ki.pt
Cached p16_c_ki -> ./cached_train/p16_c_ki.pt
Cached p6_c_ki -> ./cached_train/p6_c_ki.pt
Cached p14_c_ki -> ./cached_train/p14_c_ki.pt
Cached p7_c_ki -> ./cached_train/p7_c_ki.pt
Cached p14_f_ki -> ./cached_train/p14_f_ki.pt
Cached p3_f_ki -> ./cached_train/p3_f_ki.pt
Cached p13_f_ki -> ./cached_train/p13_f_ki.pt
Cached p12_c_ki -> ./cached_train/p12_c_ki.pt
Cached p4_c_ki -> ./cached_train/p4_c_ki.pt
Cached p8_f_ki -> ./cached_train/p8_f_ki.pt
Cached p4_f_ki -> ./cached_train/p4_f_ki.pt
Cached p8_c_ki -> ./cached_train/p8_c_ki.pt
Cached p1_c_ki -> ./cached_train/p1_c_ki.pt
Cached p7_f_ki -> ./cached_train/p7_f_ki.pt
Cached p13_c_ki -> ./cached_train/p13_c_ki.pt
Cached p8_c_bichana -> ./cached_train/p8_c_bichana.pt
Cached p7_c_bichana -> ./cached_train/p7_c_bichana.pt
Cached p8_f_bichana -> ./cached_train/p8_f_bichana.pt
Cached p12_c_bichana -> ./cached_train/p12_c_bichana.pt
Cached p7_f_bichana -> ./cached_train/p7_f_bichana.pt
Cached p15_c_bichana -> ./cached_train/p15_c_bichana.pt
Cached p11_c_bichana -> ./cached_train/p11_c_bichana.pt
Cached p11_f_bichana -> ./cached_train/p11_f_bichana.pt
Cached p4_c_bichana -> ./cached_train/p4_c_bichana.pt
Cached p6_c_bichana -> ./cached_train/p6_c_bichana.pt
Cached p16_c_bichana -> ./cached_train/p16_c_bichana.pt
Cached p12_f_bichana -> ./cached_train/p12_f_bichana.pt
Cached p1_f_bichana -> ./cached_train/p1_f_bichana.pt
Cached p14_f_bichana -> ./cached_train/p14_f_bichana.pt
Cached p4_f_bichana -> ./cached_train/p4_f_bichana.pt
Cached p3_f_bichana -> ./cached_train/p3_f_bichana.pt
Cached p16_f_bichana -> ./cached_train/p16_f_bichana.pt
Cached p14_c_bichana -> ./cached_train/p14_c_bichana.pt
Cached p2_f_bichana -> ./cached_train/p2_f_bichana.pt
Cached p13_f_bichana -> ./cached_train/p13_f_bichana.pt
Cached p6_f_bichana -> ./cached_train/p6_f_bichana.pt
Cached p13_c_bichana -> ./cached_train/p13_c_bichana.pt
Cached p1_c_bichana -> ./cached_train/p1_c_bichana.pt
Cached p15_f_bichana -> ./cached_train/p15_f_bichana.pt
Cached p7_c_somoy -> ./cached_train/p7_c_somoy.pt
Cached p15_f_somoy -> ./cached_train/p15_f_somoy.pt
Cached p4_c_somoy -> ./cached_train/p4_c_somoy.pt
Cached p16_c_somoy -> ./cached_train/p16_c_somoy.pt
Cached p4_f_somoy -> ./cached_train/p4_f_somoy.pt
Cached p13_c_somoy -> ./cached_train/p13_c_somoy.pt
Cached p8_c_somoy -> ./cached_train/p8_c_somoy.pt
Cached p7_f_somoy -> ./cached_train/p7_f_somoy.pt
Cached p1_f_somoy -> ./cached_train/p1_f_somoy.pt
Cached p6_f_somoy -> ./cached_train/p6_f_somoy.pt
Cached p8_f_somoy -> ./cached_train/p8_f_somoy.pt
Cached p12_c_somoy -> ./cached_train/p12_c_somoy.pt
Cached p15_c_somoy -> ./cached_train/p15_c_somoy.pt
Cached p2_f_somoy -> ./cached_train/p2_f_somoy.pt
Cached p11_c_somoy -> ./cached_train/p11_c_somoy.pt
Cached p16_f_somoy -> ./cached_train/p16_f_somoy.pt
Cached p14_f_somoy -> ./cached_train/p14_f_somoy.pt
Cached p14_c_somoy -> ./cached_train/p14_c_somoy.pt
Cached p13_f_somoy -> ./cached_train/p13_f_somoy.pt
Cached p12_f_somoy -> ./cached_train/p12_f_somoy.pt
Cached p11_f_somoy -> ./cached_train/p11_f_somoy.pt
Cached p1_c_somoy -> ./cached_train/p1_c_somoy.pt
Cached p6_c_somoy -> ./cached_train/p6_c_somoy.pt
Cached p3_f_somoy -> ./cached_train/p3_f_somoy.pt
Cached p14_f_orna -> ./cached_train/p14_f_orna.pt
Cached p11_c_orna -> ./cached_train/p11_c_orna.pt
Cached p8_f_orna -> ./cached_train/p8_f_orna.pt
Cached p13_f_orna -> ./cached_train/p13_f_orna.pt
Cached p6_f_orna -> ./cached_train/p6_f_orna.pt
Cached p1_f_orna -> ./cached_train/p1_f_orna.pt
Cached p12_c_orna -> ./cached_train/p12_c_orna.pt
Cached p6_c_orna -> ./cached_train/p6_c_orna.pt
Cached p16_f_orna -> ./cached_train/p16_f_orna.pt
Cached p4_f_orna -> ./cached_train/p4_f_orna.pt
Cached p16_c_orna -> ./cached_train/p16_c_orna.pt
Cached p7_f_orna -> ./cached_train/p7_f_orna.pt
Cached p8_c_orna -> ./cached_train/p8_c_orna.pt
Cached p4_c_orna -> ./cached_train/p4_c_orna.pt
Cached p13_c_orna -> ./cached_train/p13_c_orna.pt
Cached p7_c_orna -> ./cached_train/p7_c_orna.pt
Cached p1_c_orna -> ./cached_train/p1_c_orna.pt
Cached p12_f_orna -> ./cached_train/p12_f_orna.pt
Cached p15_f_orna -> ./cached_train/p15_f_orna.pt
Cached p15_c_orna -> ./cached_train/p15_c_orna.pt
Cached p11_f_orna -> ./cached_train/p11_f_orna.pt
Cached p3_f_orna -> ./cached_train/p3_f_orna.pt
Cached p14_c_orna -> ./cached_train/p14_c_orna.pt
Cached p2_f_orna -> ./cached_train/p2_f_orna.pt
Cached p8_f_protibeshi -> ./cached_train/p8_f_protibeshi.pt
Cached p14_f_protibeshi -> ./cached_train/p14_f_protibeshi.pt
Cached p2_f_protibeshi -> ./cached_train/p2_f_protibeshi.pt
Cached p14_c_protibeshi -> ./cached_train/p14_c_protibeshi.pt
Cached p16_c_protibeshi -> ./cached_train/p16_c_protibeshi.pt
Cached p15_c_protibeshi -> ./cached_train/p15_c_protibeshi.pt
Cached p13_f_protibeshi -> ./cached_train/p13_f_protibeshi.pt
Cached p4_c_protibeshi -> ./cached_train/p4_c_protibeshi.pt
Cached p12_f_protibeshi -> ./cached_train/p12_f_protibeshi.pt
Cached p8_c_protibeshi -> ./cached_train/p8_c_protibeshi.pt
Cached p7_c_protibeshi -> ./cached_train/p7_c_protibeshi.pt
Cached p1_f_protibeshi -> ./cached_train/p1_f_protibeshi.pt
Cached p3_f_protibeshi -> ./cached_train/p3_f_protibeshi.pt
Cached p15_f_protibeshi -> ./cached_train/p15_f_protibeshi.pt
Cached p16_f_protibeshi -> ./cached_train/p16_f_protibeshi.pt
Cached p4_f_protibeshi -> ./cached_train/p4_f_protibeshi.pt
Cached p6_f_protibeshi -> ./cached_train/p6_f_protibeshi.pt
Cached p1_c_protibeshi -> ./cached_train/p1_c_protibeshi.pt
Cached p12_c_protibeshi -> ./cached_train/p12_c_protibeshi.pt
Cached p7_f_protibeshi -> ./cached_train/p7_f_protibeshi.pt
Cached p6_c_protibeshi -> ./cached_train/p6_c_protibeshi.pt
Cached p11_c_protibeshi -> ./cached_train/p11_c_protibeshi.pt
Cached p11_f_protibeshi -> ./cached_train/p11_f_protibeshi.pt
Cached p13_c_protibeshi -> ./cached_train/p13_c_protibeshi.pt
Cached p13_c_attio -> ./cached_train/p13_c_attio.pt
Cached p11_c_attio -> ./cached_train/p11_c_attio.pt
Cached p7_f_attio -> ./cached_train/p7_f_attio.pt
Cached p15_c_attio -> ./cached_train/p15_c_attio.pt
Cached p3_f_attio -> ./cached_train/p3_f_attio.pt
Cached p14_c_attio -> ./cached_train/p14_c_attio.pt
Cached p4_c_attio -> ./cached_train/p4_c_attio.pt
Cached p1_c_attio -> ./cached_train/p1_c_attio.pt
Cached p6_f_attio -> ./cached_train/p6_f_attio.pt
Cached p16_c_attio -> ./cached_train/p16_c_attio.pt
Cached p13_f_attio -> ./cached_train/p13_f_attio.pt
Cached p1_f_attio -> ./cached_train/p1_f_attio.pt
Cached p12_c_attio -> ./cached_train/p12_c_attio.pt
Cached p7_c_attio -> ./cached_train/p7_c_attio.pt
Cached p11_f_attio -> ./cached_train/p11_f_attio.pt
Cached p2_f_attio -> ./cached_train/p2_f_attio.pt
Cached p15_f_attio -> ./cached_train/p15_f_attio.pt
Cached p6_c_attio -> ./cached_train/p6_c_attio.pt
Cached p16_f_attio -> ./cached_train/p16_f_attio.pt
Cached p12_f_attio -> ./cached_train/p12_f_attio.pt
Cached p8_f_attio -> ./cached_train/p8_f_attio.pt
Cached p4_f_attio -> ./cached_train/p4_f_attio.pt
Cached p14_f_attio -> ./cached_train/p14_f_attio.pt
Cached p8_c_attio -> ./cached_train/p8_c_attio.pt
Cached p10_c_subidha -> ./cached_test/p10_c_subidha.pt
Cached p9_c_subidha -> ./cached_test/p9_c_subidha.pt
Cached p10_f_subidha -> ./cached_test/p10_f_subidha.pt
Cached p5_c_subidha -> ./cached_test/p5_c_subidha.pt
Cached p5_f_subidha -> ./cached_test/p5_f_subidha.pt
Cached p9_f_subidha -> ./cached_test/p9_f_subidha.pt
Cached p9_f_golarhaar -> ./cached_test/p9_f_golarhaar.pt
Cached p10_c_golarhaar -> ./cached_test/p10_c_golarhaar.pt
Cached p9_c_golarhaar -> ./cached_test/p9_c_golarhaar.pt
Cached p5_c_golarhaar -> ./cached_test/p5_c_golarhaar.pt
Cached p10_f_golarhaar -> ./cached_test/p10_f_golarhaar.pt
Cached p5_f_golarhaar -> ./cached_test/p5_f_golarhaar.pt
Cached p9_f_boro -> ./cached_test/p9_f_boro.pt
Cached p9_c_boro -> ./cached_test/p9_c_boro.pt
Cached p5_c_boro -> ./cached_test/p5_c_boro.pt
Cached p10_f_boro -> ./cached_test/p10_f_boro.pt
Cached p5_f_boro -> ./cached_test/p5_f_boro.pt
Cached p10_c_boro -> ./cached_test/p10_c_boro.pt
Cached p10_c_gach -> ./cached_test/p10_c_gach.pt
Cached p9_f_gach -> ./cached_test/p9_f_gach.pt
Cached p9_c_gach -> ./cached_test/p9_c_gach.pt
Cached p5_f_gach -> ./cached_test/p5_f_gach.pt
Cached p5_c_gach -> ./cached_test/p5_c_gach.pt
Cached p10_f_gach -> ./cached_test/p10_f_gach.pt
Cached p9_c_protijogita -> ./cached_test/p9_c_protijogita.pt
Cached p10_c_protijogita -> ./cached_test/p10_c_protijogita.pt
Cached p5_c_protijogita -> ./cached_test/p5_c_protijogita.pt
Cached p9_f_protijogita -> ./cached_test/p9_f_protijogita.pt
Cached p5_f_protijogita -> ./cached_test/p5_f_protijogita.pt
Cached p10_f_protijogita -> ./cached_test/p10_f_protijogita.pt
Cached p9_c_mask -> ./cached_test/p9_c_mask.pt
Cached p10_c_mask -> ./cached_test/p10_c_mask.pt
Cached p5_c_mask -> ./cached_test/p5_c_mask.pt
Cached p5_f_mask -> ./cached_test/p5_f_mask.pt
Cached p9_f_mask -> ./cached_test/p9_f_mask.pt
Cached p10_f_mask -> ./cached_test/p10_f_mask.pt
Cached p5_f_sajano -> ./cached_test/p5_f_sajano.pt
Cached p5_c_sajano -> ./cached_test/p5_c_sajano.pt
Cached p9_c_sajano -> ./cached_test/p9_c_sajano.pt
Cached p10_f_sajano -> ./cached_test/p10_f_sajano.pt
Cached p10_c_sajano -> ./cached_test/p10_c_sajano.pt
Cached p9_f_sajano -> ./cached_test/p9_f_sajano.pt
Cached p10_f_hata -> ./cached_test/p10_f_hata.pt
Cached p9_f_hata -> ./cached_test/p9_f_hata.pt
Cached p5_f_hata -> ./cached_test/p5_f_hata.pt
Cached p9_c_hata -> ./cached_test/p9_c_hata.pt
Cached p5_c_hata -> ./cached_test/p5_c_hata.pt
Cached p10_c_hata -> ./cached_test/p10_c_hata.pt
Cached p9_c_dudh -> ./cached_test/p9_c_dudh.pt
Cached p5_f_dudh -> ./cached_test/p5_f_dudh.pt
Cached p5_c_dudh -> ./cached_test/p5_c_dudh.pt
Cached p10_c_dudh -> ./cached_test/p10_c_dudh.pt
Cached p10_f_dudh -> ./cached_test/p10_f_dudh.pt
Cached p9_f_dudh -> ./cached_test/p9_f_dudh.pt
Cached p10_f_sahajjo -> ./cached_test/p10_f_sahajjo.pt
Cached p10_c_sahajjo -> ./cached_test/p10_c_sahajjo.pt
Cached p9_f_sahajjo -> ./cached_test/p9_f_sahajjo.pt
Cached p9_c_sahajjo -> ./cached_test/p9_c_sahajjo.pt
Cached p5_f_sahajjo -> ./cached_test/p5_f_sahajjo.pt
Cached p5_c_sahajjo -> ./cached_test/p5_c_sahajjo.pt
Cached p10_c_shirt -> ./cached_test/p10_c_shirt.pt
Cached p5_c_shirt -> ./cached_test/p5_c_shirt.pt
Cached p10_f_shirt -> ./cached_test/p10_f_shirt.pt
Cached p5_f_shirt -> ./cached_test/p5_f_shirt.pt
Cached p9_f_shirt -> ./cached_test/p9_f_shirt.pt
Cached p9_c_shirt -> ./cached_test/p9_c_shirt.pt
Cached p9_c_pakhi -> ./cached_test/p9_c_pakhi.pt
Cached p10_c_pakhi -> ./cached_test/p10_c_pakhi.pt
Cached p5_c_pakhi -> ./cached_test/p5_c_pakhi.pt
Cached p10_f_pakhi -> ./cached_test/p10_f_pakhi.pt
Cached p9_f_pakhi -> ./cached_test/p9_f_pakhi.pt
Cached p5_f_pakhi -> ./cached_test/p5_f_pakhi.pt
Cached p9_f_protigga -> ./cached_test/p9_f_protigga.pt
Cached p10_c_protigga -> ./cached_test/p10_c_protigga.pt
Cached p5_c_protigga -> ./cached_test/p5_c_protigga.pt
Cached p5_f_protigga -> ./cached_test/p5_f_protigga.pt
Cached p10_f_protigga -> ./cached_test/p10_f_protigga.pt
Cached p9_c_protigga -> ./cached_test/p9_c_protigga.pt
Cached p5_f_moja -> ./cached_test/p5_f_moja.pt
Cached p5_c_moja -> ./cached_test/p5_c_moja.pt
Cached p10_f_moja -> ./cached_test/p10_f_moja.pt
Cached p9_c_moja -> ./cached_test/p9_c_moja.pt
Cached p9_f_moja -> ./cached_test/p9_f_moja.pt
Cached p10_c_moja -> ./cached_test/p10_c_moja.pt
Cached p5_c_chikitsha -> ./cached_test/p5_c_chikitsha.pt
Cached p10_f_chikitsha -> ./cached_test/p10_f_chikitsha.pt
Cached p9_f_chikitsha -> ./cached_test/p9_f_chikitsha.pt
Cached p9_c_chikitsha -> ./cached_test/p9_c_chikitsha.pt
Cached p5_f_chikitsha -> ./cached_test/p5_f_chikitsha.pt
Cached p10_c_chikitsha -> ./cached_test/p10_c_chikitsha.pt
Cached p10_f_bondhu -> ./cached_test/p10_f_bondhu.pt
Cached p10_c_bondhu -> ./cached_test/p10_c_bondhu.pt
Cached p9_f_bondhu -> ./cached_test/p9_f_bondhu.pt
Cached p5_c_bondhu -> ./cached_test/p5_c_bondhu.pt
Cached p5_f_bondhu -> ./cached_test/p5_f_bondhu.pt
Cached p9_c_bondhu -> ./cached_test/p9_c_bondhu.pt
Cached p9_f_mehman -> ./cached_test/p9_f_mehman.pt
Cached p9_c_mehman -> ./cached_test/p9_c_mehman.pt
Cached p5_f_mehman -> ./cached_test/p5_f_mehman.pt
Cached p10_f_mehman -> ./cached_test/p10_f_mehman.pt
Cached p5_c_mehman -> ./cached_test/p5_c_mehman.pt
Cached p10_c_mehman -> ./cached_test/p10_c_mehman.pt
Cached p9_f_mosha -> ./cached_test/p9_f_mosha.pt
Cached p9_c_mosha -> ./cached_test/p9_c_mosha.pt
Cached p5_c_mosha -> ./cached_test/p5_c_mosha.pt
Cached p5_f_mosha -> ./cached_test/p5_f_mosha.pt
Cached p10_f_mosha -> ./cached_test/p10_f_mosha.pt
Cached p10_c_mosha -> ./cached_test/p10_c_mosha.pt
Cached p10_f_somporko -> ./cached_test/p10_f_somporko.pt
Cached p9_c_somporko -> ./cached_test/p9_c_somporko.pt
Cached p9_f_somporko -> ./cached_test/p9_f_somporko.pt
Cached p10_c_somporko -> ./cached_test/p10_c_somporko.pt
Cached p5_f_somporko -> ./cached_test/p5_f_somporko.pt
Cached p5_c_somporko -> ./cached_test/p5_c_somporko.pt
Cached p5_c_virus -> ./cached_test/p5_c_virus.pt
Cached p10_f_virus -> ./cached_test/p10_f_virus.pt
Cached p10_c_virus -> ./cached_test/p10_c_virus.pt
Cached p5_f_virus -> ./cached_test/p5_f_virus.pt
Cached p9_f_virus -> ./cached_test/p9_f_virus.pt
Cached p9_c_virus -> ./cached_test/p9_c_virus.pt
Cached p10_f_baari -> ./cached_test/p10_f_baari.pt
Cached p5_f_baari -> ./cached_test/p5_f_baari.pt
Cached p10_c_baari -> ./cached_test/p10_c_baari.pt
Cached p5_c_baari -> ./cached_test/p5_c_baari.pt
Cached p9_f_baari -> ./cached_test/p9_f_baari.pt
Cached p9_c_baari -> ./cached_test/p9_c_baari.pt
Cached p9_c_plate -> ./cached_test/p9_c_plate.pt
Cached p10_f_plate -> ./cached_test/p10_f_plate.pt
Cached p9_f_plate -> ./cached_test/p9_f_plate.pt
Cached p5_f_plate -> ./cached_test/p5_f_plate.pt
Cached p5_c_plate -> ./cached_test/p5_c_plate.pt
Cached p10_c_plate -> ./cached_test/p10_c_plate.pt
Cached p10_c_chair -> ./cached_test/p10_c_chair.pt
Cached p9_c_chair -> ./cached_test/p9_c_chair.pt
Cached p5_c_chair -> ./cached_test/p5_c_chair.pt
Cached p9_f_chair -> ./cached_test/p9_f_chair.pt
Cached p5_f_chair -> ./cached_test/p5_f_chair.pt
Cached p10_f_chair -> ./cached_test/p10_f_chair.pt
Cached p10_f_protibondhi -> ./cached_test/p10_f_protibondhi.pt
Cached p5_f_protibondhi -> ./cached_test/p5_f_protibondhi.pt
Cached p10_c_protibondhi -> ./cached_test/p10_c_protibondhi.pt
Cached p9_f_protibondhi -> ./cached_test/p9_f_protibondhi.pt
Cached p5_c_protibondhi -> ./cached_test/p5_c_protibondhi.pt
Cached p9_c_protibondhi -> ./cached_test/p9_c_protibondhi.pt
Cached p5_f_boi -> ./cached_test/p5_f_boi.pt
Cached p10_f_boi -> ./cached_test/p10_f_boi.pt
Cached p5_c_boi -> ./cached_test/p5_c_boi.pt
Cached p9_c_boi -> ./cached_test/p9_c_boi.pt
Cached p10_c_boi -> ./cached_test/p10_c_boi.pt
Cached p9_f_boi -> ./cached_test/p9_f_boi.pt
Cached p9_f_chosma -> ./cached_test/p9_f_chosma.pt
Cached p5_f_chosma -> ./cached_test/p5_f_chosma.pt
Cached p9_c_chosma -> ./cached_test/p9_c_chosma.pt
Cached p10_c_chosma -> ./cached_test/p10_c_chosma.pt
Cached p5_c_chosma -> ./cached_test/p5_c_chosma.pt
Cached p10_f_chosma -> ./cached_test/p10_f_chosma.pt
Cached p10_c_goru -> ./cached_test/p10_c_goru.pt
Cached p10_f_goru -> ./cached_test/p10_f_goru.pt
Cached p9_f_goru -> ./cached_test/p9_f_goru.pt
Cached p5_f_goru -> ./cached_test/p5_f_goru.pt
Cached p9_c_goru -> ./cached_test/p9_c_goru.pt
Cached p5_c_goru -> ./cached_test/p5_c_goru.pt
Cached p10_f_durbol -> ./cached_test/p10_f_durbol.pt
Cached p5_c_durbol -> ./cached_test/p5_c_durbol.pt
Cached p10_c_durbol -> ./cached_test/p10_c_durbol.pt
Cached p9_c_durbol -> ./cached_test/p9_c_durbol.pt
Cached p9_f_durbol -> ./cached_test/p9_f_durbol.pt
Cached p5_f_durbol -> ./cached_test/p5_f_durbol.pt
Cached p5_c_plastic -> ./cached_test/p5_c_plastic.pt
Cached p10_f_plastic -> ./cached_test/p10_f_plastic.pt
Cached p9_f_plastic -> ./cached_test/p9_f_plastic.pt
Cached p10_c_plastic -> ./cached_test/p10_c_plastic.pt
Cached p9_c_plastic -> ./cached_test/p9_c_plastic.pt
Cached p5_f_plastic -> ./cached_test/p5_f_plastic.pt
Cached p9_c_hospital -> ./cached_test/p9_c_hospital.pt
Cached p10_f_hospital -> ./cached_test/p10_f_hospital.pt
Cached p10_c_hospital -> ./cached_test/p10_c_hospital.pt
Cached p9_f_hospital -> ./cached_test/p9_f_hospital.pt
Cached p5_c_hospital -> ./cached_test/p5_c_hospital.pt
Cached p5_f_hospital -> ./cached_test/p5_f_hospital.pt
Cached p9_c_pora -> ./cached_test/p9_c_pora.pt
Cached p10_c_pora -> ./cached_test/p10_c_pora.pt
Cached p10_f_pora -> ./cached_test/p10_f_pora.pt
Cached p9_f_pora -> ./cached_test/p9_f_pora.pt
Cached p5_f_pora -> ./cached_test/p5_f_pora.pt
Cached p5_c_pora -> ./cached_test/p5_c_pora.pt
Cached p10_f_lekha -> ./cached_test/p10_f_lekha.pt
Cached p9_f_lekha -> ./cached_test/p9_f_lekha.pt
Cached p9_c_lekha -> ./cached_test/p9_c_lekha.pt
Cached p5_f_lekha -> ./cached_test/p5_f_lekha.pt
Cached p10_c_lekha -> ./cached_test/p10_c_lekha.pt
Cached p5_c_lekha -> ./cached_test/p5_c_lekha.pt
Cached p9_c_sotto -> ./cached_test/p9_c_sotto.pt
Cached p5_c_sotto -> ./cached_test/p5_c_sotto.pt
Cached p10_c_sotto -> ./cached_test/p10_c_sotto.pt
Cached p10_f_sotto -> ./cached_test/p10_f_sotto.pt
Cached p9_f_sotto -> ./cached_test/p9_f_sotto.pt
Cached p5_f_sotto -> ./cached_test/p5_f_sotto.pt
Cached p9_c_doctor -> ./cached_test/p9_c_doctor.pt
Cached p10_c_doctor -> ./cached_test/p10_c_doctor.pt
Cached p5_f_doctor -> ./cached_test/p5_f_doctor.pt
Cached p9_f_doctor -> ./cached_test/p9_f_doctor.pt
Cached p5_c_doctor -> ./cached_test/p5_c_doctor.pt
Cached p10_f_doctor -> ./cached_test/p10_f_doctor.pt
Cached p9_f_agun -> ./cached_test/p9_f_agun.pt
Cached p10_c_agun -> ./cached_test/p10_c_agun.pt
Cached p10_f_agun -> ./cached_test/p10_f_agun.pt
Cached p5_c_agun -> ./cached_test/p5_c_agun.pt
Cached p5_f_agun -> ./cached_test/p5_f_agun.pt
Cached p9_c_agun -> ./cached_test/p9_c_agun.pt
Cached p9_c_football -> ./cached_test/p9_c_football.pt
Cached p9_f_football -> ./cached_test/p9_f_football.pt
Cached p5_f_football -> ./cached_test/p5_f_football.pt
Cached p5_c_football -> ./cached_test/p5_c_football.pt
Cached p10_f_football -> ./cached_test/p10_f_football.pt
Cached p10_c_football -> ./cached_test/p10_c_football.pt
Cached p5_f_kintu -> ./cached_test/p5_f_kintu.pt
Cached p10_c_kintu -> ./cached_test/p10_c_kintu.pt
Cached p5_c_kintu -> ./cached_test/p5_c_kintu.pt
Cached p9_c_kintu -> ./cached_test/p9_c_kintu.pt
Cached p10_f_kintu -> ./cached_test/p10_f_kintu.pt
Cached p9_f_kintu -> ./cached_test/p9_f_kintu.pt
Cached p10_c_bagan -> ./cached_test/p10_c_bagan.pt
Cached p5_f_bagan -> ./cached_test/p5_f_bagan.pt
Cached p10_f_bagan -> ./cached_test/p10_f_bagan.pt
Cached p9_c_bagan -> ./cached_test/p9_c_bagan.pt
Cached p5_c_bagan -> ./cached_test/p5_c_bagan.pt
Cached p9_f_bagan -> ./cached_test/p9_f_bagan.pt
Cached p5_f_aangti -> ./cached_test/p5_f_aangti.pt
Cached p10_f_aangti -> ./cached_test/p10_f_aangti.pt
Cached p9_c_aangti -> ./cached_test/p9_c_aangti.pt
Cached p10_c_aangti -> ./cached_test/p10_c_aangti.pt
Cached p5_c_aangti -> ./cached_test/p5_c_aangti.pt
Cached p9_f_aangti -> ./cached_test/p9_f_aangti.pt
Cached p10_c_chata -> ./cached_test/p10_c_chata.pt
Cached p5_c_chata -> ./cached_test/p5_c_chata.pt
Cached p10_f_chata -> ./cached_test/p10_f_chata.pt
Cached p9_f_chata -> ./cached_test/p9_f_chata.pt
Cached p5_f_chata -> ./cached_test/p5_f_chata.pt
Cached p9_c_chata -> ./cached_test/p9_c_chata.pt
Cached p10_c_prosno -> ./cached_test/p10_c_prosno.pt
Cached p5_f_prosno -> ./cached_test/p5_f_prosno.pt
Cached p9_c_prosno -> ./cached_test/p9_c_prosno.pt
Cached p9_f_prosno -> ./cached_test/p9_f_prosno.pt
Cached p5_c_prosno -> ./cached_test/p5_c_prosno.pt
Cached p10_f_prosno -> ./cached_test/p10_f_prosno.pt
Cached p9_f_valobasha -> ./cached_test/p9_f_valobasha.pt
Cached p10_f_valobasha -> ./cached_test/p10_f_valobasha.pt
Cached p10_c_valobasha -> ./cached_test/p10_c_valobasha.pt
Cached p5_f_valobasha -> ./cached_test/p5_f_valobasha.pt
Cached p5_c_valobasha -> ./cached_test/p5_c_valobasha.pt
Cached p9_c_valobasha -> ./cached_test/p9_c_valobasha.pt
Cached p5_f_robibar -> ./cached_test/p5_f_robibar.pt
Cached p10_c_robibar -> ./cached_test/p10_c_robibar.pt
Cached p10_f_robibar -> ./cached_test/p10_f_robibar.pt
Cached p9_f_robibar -> ./cached_test/p9_f_robibar.pt
Cached p5_c_robibar -> ./cached_test/p5_c_robibar.pt
Cached p9_c_robibar -> ./cached_test/p9_c_robibar.pt
Cached p10_c_ghori -> ./cached_test/p10_c_ghori.pt
Cached p9_c_ghori -> ./cached_test/p9_c_ghori.pt
Cached p10_f_ghori -> ./cached_test/p10_f_ghori.pt
Cached p5_c_ghori -> ./cached_test/p5_c_ghori.pt
Cached p5_f_ghori -> ./cached_test/p5_f_ghori.pt
Cached p9_f_ghori -> ./cached_test/p9_f_ghori.pt
Cached p9_f_soktishali -> ./cached_test/p9_f_soktishali.pt
Cached p5_f_soktishali -> ./cached_test/p5_f_soktishali.pt
Cached p9_c_soktishali -> ./cached_test/p9_c_soktishali.pt
Cached p5_c_soktishali -> ./cached_test/p5_c_soktishali.pt
Cached p10_f_soktishali -> ./cached_test/p10_f_soktishali.pt
Cached p10_c_soktishali -> ./cached_test/p10_c_soktishali.pt
Cached p9_c_dorja -> ./cached_test/p9_c_dorja.pt
Cached p9_f_dorja -> ./cached_test/p9_f_dorja.pt
Cached p10_f_dorja -> ./cached_test/p10_f_dorja.pt
Cached p5_f_dorja -> ./cached_test/p5_f_dorja.pt
Cached p10_c_dorja -> ./cached_test/p10_c_dorja.pt
Cached p5_c_dorja -> ./cached_test/p5_c_dorja.pt
Cached p10_f_upodesh -> ./cached_test/p10_f_upodesh.pt
Cached p5_c_upodesh -> ./cached_test/p5_c_upodesh.pt
Cached p10_c_upodesh -> ./cached_test/p10_c_upodesh.pt
Cached p9_c_upodesh -> ./cached_test/p9_c_upodesh.pt
Cached p9_f_upodesh -> ./cached_test/p9_f_upodesh.pt
Cached p5_f_upodesh -> ./cached_test/p5_f_upodesh.pt
Cached p9_f_chocolate -> ./cached_test/p9_f_chocolate.pt
Cached p5_f_chocolate -> ./cached_test/p5_f_chocolate.pt
Cached p10_f_chocolate -> ./cached_test/p10_f_chocolate.pt
Cached p5_c_chocolate -> ./cached_test/p5_c_chocolate.pt
Cached p9_c_chocolate -> ./cached_test/p9_c_chocolate.pt
Cached p10_c_chocolate -> ./cached_test/p10_c_chocolate.pt
Cached p9_c_onumoti -> ./cached_test/p9_c_onumoti.pt
Cached p5_c_onumoti -> ./cached_test/p5_c_onumoti.pt
Cached p9_f_onumoti -> ./cached_test/p9_f_onumoti.pt
Cached p10_c_onumoti -> ./cached_test/p10_c_onumoti.pt
Cached p5_f_onumoti -> ./cached_test/p5_f_onumoti.pt
Cached p10_f_onumoti -> ./cached_test/p10_f_onumoti.pt
Cached p10_f_shikkhok -> ./cached_test/p10_f_shikkhok.pt
Cached p5_f_shikkhok -> ./cached_test/p5_f_shikkhok.pt
Cached p10_c_shikkhok -> ./cached_test/p10_c_shikkhok.pt
Cached p9_f_shikkhok -> ./cached_test/p9_f_shikkhok.pt
Cached p9_c_shikkhok -> ./cached_test/p9_c_shikkhok.pt
Cached p5_c_shikkhok -> ./cached_test/p5_c_shikkhok.pt
Cached p5_f_chih -> ./cached_test/p5_f_chih.pt
Cached p10_c_chih -> ./cached_test/p10_c_chih.pt
Cached p9_c_chih -> ./cached_test/p9_c_chih.pt
Cached p10_f_chih -> ./cached_test/p10_f_chih.pt
Cached p9_f_chih -> ./cached_test/p9_f_chih.pt
Cached p5_c_chih -> ./cached_test/p5_c_chih.pt
Cached p10_f_jokhon -> ./cached_test/p10_f_jokhon.pt
Cached p5_f_jokhon -> ./cached_test/p5_f_jokhon.pt
Cached p9_c_jokhon -> ./cached_test/p9_c_jokhon.pt
Cached p5_c_jokhon -> ./cached_test/p5_c_jokhon.pt
Cached p9_f_jokhon -> ./cached_test/p9_f_jokhon.pt
Cached p10_c_jokhon -> ./cached_test/p10_c_jokhon.pt
Cached p10_f_uvoy -> ./cached_test/p10_f_uvoy.pt
Cached p5_c_uvoy -> ./cached_test/p5_c_uvoy.pt
Cached p5_f_uvoy -> ./cached_test/p5_f_uvoy.pt
Cached p9_c_uvoy -> ./cached_test/p9_c_uvoy.pt
Cached p9_f_uvoy -> ./cached_test/p9_f_uvoy.pt
Cached p10_c_uvoy -> ./cached_test/p10_c_uvoy.pt
Cached p5_f_ovivabok -> ./cached_test/p5_f_ovivabok.pt
Cached p10_f_ovivabok -> ./cached_test/p10_f_ovivabok.pt
Cached p9_f_ovivabok -> ./cached_test/p9_f_ovivabok.pt
Cached p10_c_ovivabok -> ./cached_test/p10_c_ovivabok.pt
Cached p9_c_ovivabok -> ./cached_test/p9_c_ovivabok.pt
Cached p5_c_ovivabok -> ./cached_test/p5_c_ovivabok.pt
Cached p9_c_poriskar -> ./cached_test/p9_c_poriskar.pt
Cached p5_f_poriskar -> ./cached_test/p5_f_poriskar.pt
Cached p10_f_poriskar -> ./cached_test/p10_f_poriskar.pt
Cached p5_c_poriskar -> ./cached_test/p5_c_poriskar.pt
Cached p10_c_poriskar -> ./cached_test/p10_c_poriskar.pt
Cached p9_f_poriskar -> ./cached_test/p9_f_poriskar.pt
Cached p9_c_choto -> ./cached_test/p9_c_choto.pt
Cached p10_c_choto -> ./cached_test/p10_c_choto.pt
Cached p5_c_choto -> ./cached_test/p5_c_choto.pt
Cached p9_f_choto -> ./cached_test/p9_f_choto.pt
Cached p5_f_choto -> ./cached_test/p5_f_choto.pt
Cached p10_f_choto -> ./cached_test/p10_f_choto.pt
Cached p5_c_raat -> ./cached_test/p5_c_raat.pt
Cached p9_c_raat -> ./cached_test/p9_c_raat.pt
Cached p10_c_raat -> ./cached_test/p10_c_raat.pt
Cached p5_f_raat -> ./cached_test/p5_f_raat.pt
Cached p9_f_raat -> ./cached_test/p9_f_raat.pt
Cached p10_f_raat -> ./cached_test/p10_f_raat.pt
Cached p5_c_sotru -> ./cached_test/p5_c_sotru.pt
Cached p9_f_sotru -> ./cached_test/p9_f_sotru.pt
Cached p9_c_sotru -> ./cached_test/p9_c_sotru.pt
Cached p10_f_sotru -> ./cached_test/p10_f_sotru.pt
Cached p5_f_sotru -> ./cached_test/p5_f_sotru.pt
Cached p10_c_sotru -> ./cached_test/p10_c_sotru.pt
Cached p5_c_khela -> ./cached_test/p5_c_khela.pt
Cached p10_c_khela -> ./cached_test/p10_c_khela.pt
Cached p9_c_khela -> ./cached_test/p9_c_khela.pt
Cached p9_f_khela -> ./cached_test/p9_f_khela.pt
Cached p5_f_khela -> ./cached_test/p5_f_khela.pt
Cached p10_f_khela -> ./cached_test/p10_f_khela.pt
Cached p9_f_sharee -> ./cached_test/p9_f_sharee.pt
Cached p10_c_sharee -> ./cached_test/p10_c_sharee.pt
Cached p5_f_sharee -> ./cached_test/p5_f_sharee.pt
Cached p10_f_sharee -> ./cached_test/p10_f_sharee.pt
Cached p9_c_sharee -> ./cached_test/p9_c_sharee.pt
Cached p5_c_sharee -> ./cached_test/p5_c_sharee.pt
Cached p9_f_ador -> ./cached_test/p9_f_ador.pt
Cached p10_c_ador -> ./cached_test/p10_c_ador.pt
Cached p5_c_ador -> ./cached_test/p5_c_ador.pt
Cached p5_f_ador -> ./cached_test/p5_f_ador.pt
Cached p10_f_ador -> ./cached_test/p10_f_ador.pt
Cached p9_c_ador -> ./cached_test/p9_c_ador.pt
Cached p10_f_sroddha -> ./cached_test/p10_f_sroddha.pt
Cached p9_c_sroddha -> ./cached_test/p9_c_sroddha.pt
Cached p5_c_sroddha -> ./cached_test/p5_c_sroddha.pt
Cached p5_f_sroddha -> ./cached_test/p5_f_sroddha.pt
Cached p10_c_sroddha -> ./cached_test/p10_c_sroddha.pt
Cached p9_f_sroddha -> ./cached_test/p9_f_sroddha.pt
Cached p9_c_table -> ./cached_test/p9_c_table.pt
Cached p10_c_table -> ./cached_test/p10_c_table.pt
Cached p9_f_table -> ./cached_test/p9_f_table.pt
Cached p5_c_table -> ./cached_test/p5_c_table.pt
Cached p5_f_table -> ./cached_test/p5_f_table.pt
Cached p10_f_table -> ./cached_test/p10_f_table.pt
Cached p9_c_pant -> ./cached_test/p9_c_pant.pt
Cached p9_f_pant -> ./cached_test/p9_f_pant.pt
Cached p5_f_pant -> ./cached_test/p5_f_pant.pt
Cached p10_c_pant -> ./cached_test/p10_c_pant.pt
Cached p10_f_pant -> ./cached_test/p10_f_pant.pt
Cached p5_c_pant -> ./cached_test/p5_c_pant.pt
Cached p5_c_janala -> ./cached_test/p5_c_janala.pt
Cached p10_f_janala -> ./cached_test/p10_f_janala.pt
Cached p9_f_janala -> ./cached_test/p9_f_janala.pt
Cached p10_c_janala -> ./cached_test/p10_c_janala.pt
Cached p9_c_janala -> ./cached_test/p9_c_janala.pt
Cached p5_f_janala -> ./cached_test/p5_f_janala.pt
Cached p10_f_cricket -> ./cached_test/p10_f_cricket.pt
Cached p9_f_cricket -> ./cached_test/p9_f_cricket.pt
Cached p5_f_cricket -> ./cached_test/p5_f_cricket.pt
Cached p5_c_cricket -> ./cached_test/p5_c_cricket.pt
Cached p9_c_cricket -> ./cached_test/p9_c_cricket.pt
Cached p10_c_cricket -> ./cached_test/p10_c_cricket.pt
Cached p5_f_chabi -> ./cached_test/p5_f_chabi.pt
Cached p5_c_chabi -> ./cached_test/p5_c_chabi.pt
Cached p10_c_chabi -> ./cached_test/p10_c_chabi.pt
Cached p9_c_chabi -> ./cached_test/p9_c_chabi.pt
Cached p10_f_chabi -> ./cached_test/p10_f_chabi.pt
Cached p9_f_chabi -> ./cached_test/p9_f_chabi.pt
Cached p10_c_shona -> ./cached_test/p10_c_shona.pt
Cached p5_c_shona -> ./cached_test/p5_c_shona.pt
Cached p10_f_shona -> ./cached_test/p10_f_shona.pt
Cached p9_f_shona -> ./cached_test/p9_f_shona.pt
Cached p5_f_shona -> ./cached_test/p5_f_shona.pt
Cached p9_c_shona -> ./cached_test/p9_c_shona.pt
Cached p9_f_chad -> ./cached_test/p9_f_chad.pt
Cached p10_f_chad -> ./cached_test/p10_f_chad.pt
Cached p5_f_chad -> ./cached_test/p5_f_chad.pt
Cached p5_c_chad -> ./cached_test/p5_c_chad.pt
Cached p9_c_chad -> ./cached_test/p9_c_chad.pt
Cached p10_c_chad -> ./cached_test/p10_c_chad.pt
Cached p9_c_tokhon -> ./cached_test/p9_c_tokhon.pt
Cached p5_c_tokhon -> ./cached_test/p5_c_tokhon.pt
Cached p9_f_tokhon -> ./cached_test/p9_f_tokhon.pt
Cached p10_f_tokhon -> ./cached_test/p10_f_tokhon.pt
Cached p10_c_tokhon -> ./cached_test/p10_c_tokhon.pt
Cached p5_f_tokhon -> ./cached_test/p5_f_tokhon.pt
Cached p5_c_sustho -> ./cached_test/p5_c_sustho.pt
Cached p9_c_sustho -> ./cached_test/p9_c_sustho.pt
Cached p10_f_sustho -> ./cached_test/p10_f_sustho.pt
Cached p10_c_sustho -> ./cached_test/p10_c_sustho.pt
Cached p5_f_sustho -> ./cached_test/p5_f_sustho.pt
Cached p9_f_sustho -> ./cached_test/p9_f_sustho.pt
Cached p5_c_nurse -> ./cached_test/p5_c_nurse.pt
Cached p10_c_nurse -> ./cached_test/p10_c_nurse.pt
Cached p5_f_nurse -> ./cached_test/p5_f_nurse.pt
Cached p9_f_nurse -> ./cached_test/p9_f_nurse.pt
Cached p9_c_nurse -> ./cached_test/p9_c_nurse.pt
Cached p10_f_nurse -> ./cached_test/p10_f_nurse.pt
Cached p5_f_jodi -> ./cached_test/p5_f_jodi.pt
Cached p10_c_jodi -> ./cached_test/p10_c_jodi.pt
Cached p5_c_jodi -> ./cached_test/p5_c_jodi.pt
Cached p10_f_jodi -> ./cached_test/p10_f_jodi.pt
Cached p9_f_jodi -> ./cached_test/p9_f_jodi.pt
Cached p9_c_jodi -> ./cached_test/p9_c_jodi.pt
Cached p5_f_kothay -> ./cached_test/p5_f_kothay.pt
Cached p10_f_kothay -> ./cached_test/p10_f_kothay.pt
Cached p10_c_kothay -> ./cached_test/p10_c_kothay.pt
Cached p5_c_kothay -> ./cached_test/p5_c_kothay.pt
Cached p9_c_kothay -> ./cached_test/p9_c_kothay.pt
Cached p9_f_kothay -> ./cached_test/p9_f_kothay.pt
Cached p9_f_khoj -> ./cached_test/p9_f_khoj.pt
Cached p5_c_khoj -> ./cached_test/p5_c_khoj.pt
Cached p9_c_khoj -> ./cached_test/p9_c_khoj.pt
Cached p10_c_khoj -> ./cached_test/p10_c_khoj.pt
Cached p5_f_khoj -> ./cached_test/p5_f_khoj.pt
Cached p10_f_khoj -> ./cached_test/p10_f_khoj.pt
Cached p5_c_dengue -> ./cached_test/p5_c_dengue.pt
Cached p5_f_dengue -> ./cached_test/p5_f_dengue.pt
Cached p10_f_dengue -> ./cached_test/p10_f_dengue.pt
Cached p9_f_dengue -> ./cached_test/p9_f_dengue.pt
Cached p10_c_dengue -> ./cached_test/p10_c_dengue.pt
Cached p9_c_dengue -> ./cached_test/p9_c_dengue.pt
Cached p9_f_shanti -> ./cached_test/p9_f_shanti.pt
Cached p9_c_shanti -> ./cached_test/p9_c_shanti.pt
Cached p5_c_shanti -> ./cached_test/p5_c_shanti.pt
Cached p5_f_shanti -> ./cached_test/p5_f_shanti.pt
Cached p10_f_shanti -> ./cached_test/p10_f_shanti.pt
Cached p10_c_shanti -> ./cached_test/p10_c_shanti.pt
Cached p9_f_sombar -> ./cached_test/p9_f_sombar.pt
Cached p5_c_sombar -> ./cached_test/p5_c_sombar.pt
Cached p5_f_sombar -> ./cached_test/p5_f_sombar.pt
Cached p10_f_sombar -> ./cached_test/p10_f_sombar.pt
Cached p9_c_sombar -> ./cached_test/p9_c_sombar.pt
Cached p10_c_sombar -> ./cached_test/p10_c_sombar.pt
Cached p10_f_tv -> ./cached_test/p10_f_tv.pt
Cached p5_f_tv -> ./cached_test/p5_f_tv.pt
Cached p9_f_tv -> ./cached_test/p9_f_tv.pt
Cached p10_c_tv -> ./cached_test/p10_c_tv.pt
Cached p5_c_tv -> ./cached_test/p5_c_tv.pt
Cached p9_c_tv -> ./cached_test/p9_c_tv.pt
Cached p5_f_nodi -> ./cached_test/p5_f_nodi.pt
Cached p5_c_nodi -> ./cached_test/p5_c_nodi.pt
Cached p9_c_nodi -> ./cached_test/p9_c_nodi.pt
Cached p10_c_nodi -> ./cached_test/p10_c_nodi.pt
Cached p10_f_nodi -> ./cached_test/p10_f_nodi.pt
Cached p9_f_nodi -> ./cached_test/p9_f_nodi.pt
Cached p10_c_khelowar -> ./cached_test/p10_c_khelowar.pt
Cached p10_f_khelowar -> ./cached_test/p10_f_khelowar.pt
Cached p5_f_khelowar -> ./cached_test/p5_f_khelowar.pt
Cached p9_c_khelowar -> ./cached_test/p9_c_khelowar.pt
Cached p5_c_khelowar -> ./cached_test/p5_c_khelowar.pt
Cached p9_f_khelowar -> ./cached_test/p9_f_khelowar.pt
Cached p10_c_sandal -> ./cached_test/p10_c_sandal.pt
Cached p9_f_sandal -> ./cached_test/p9_f_sandal.pt
Cached p5_c_sandal -> ./cached_test/p5_c_sandal.pt
Cached p5_f_sandal -> ./cached_test/p5_f_sandal.pt
Cached p9_c_sandal -> ./cached_test/p9_c_sandal.pt
Cached p10_f_sandal -> ./cached_test/p10_f_sandal.pt
Cached p10_c_porisrom -> ./cached_test/p10_c_porisrom.pt
Cached p5_f_porisrom -> ./cached_test/p5_f_porisrom.pt
Cached p5_c_porisrom -> ./cached_test/p5_c_porisrom.pt
Cached p9_c_porisrom -> ./cached_test/p9_c_porisrom.pt
Cached p10_f_porisrom -> ./cached_test/p10_f_porisrom.pt
Cached p9_f_porisrom -> ./cached_test/p9_f_porisrom.pt
Cached p5_c_jiggasha -> ./cached_test/p5_c_jiggasha.pt
Cached p5_f_jiggasha -> ./cached_test/p5_f_jiggasha.pt
Cached p9_c_jiggasha -> ./cached_test/p9_c_jiggasha.pt
Cached p9_f_jiggasha -> ./cached_test/p9_f_jiggasha.pt
Cached p10_f_jiggasha -> ./cached_test/p10_f_jiggasha.pt
Cached p10_c_jiggasha -> ./cached_test/p10_c_jiggasha.pt
Cached p9_f_ki -> ./cached_test/p9_f_ki.pt
Cached p5_f_ki -> ./cached_test/p5_f_ki.pt
Cached p5_c_ki -> ./cached_test/p5_c_ki.pt
Cached p10_c_ki -> ./cached_test/p10_c_ki.pt
Cached p10_f_ki -> ./cached_test/p10_f_ki.pt
Cached p9_c_ki -> ./cached_test/p9_c_ki.pt
Cached p5_c_bichana -> ./cached_test/p5_c_bichana.pt
Cached p9_f_bichana -> ./cached_test/p9_f_bichana.pt
Cached p10_c_bichana -> ./cached_test/p10_c_bichana.pt
Cached p10_f_bichana -> ./cached_test/p10_f_bichana.pt
Cached p9_c_bichana -> ./cached_test/p9_c_bichana.pt
Cached p5_f_bichana -> ./cached_test/p5_f_bichana.pt
Cached p10_f_somoy -> ./cached_test/p10_f_somoy.pt
Cached p5_c_somoy -> ./cached_test/p5_c_somoy.pt
Cached p5_f_somoy -> ./cached_test/p5_f_somoy.pt
Cached p9_f_somoy -> ./cached_test/p9_f_somoy.pt
Cached p9_c_somoy -> ./cached_test/p9_c_somoy.pt
Cached p10_c_somoy -> ./cached_test/p10_c_somoy.pt
Cached p9_f_orna -> ./cached_test/p9_f_orna.pt
Cached p9_c_orna -> ./cached_test/p9_c_orna.pt
Cached p10_c_orna -> ./cached_test/p10_c_orna.pt
Cached p5_f_orna -> ./cached_test/p5_f_orna.pt
Cached p10_f_orna -> ./cached_test/p10_f_orna.pt
Cached p5_c_orna -> ./cached_test/p5_c_orna.pt
Cached p10_c_protibeshi -> ./cached_test/p10_c_protibeshi.pt
Cached p10_f_protibeshi -> ./cached_test/p10_f_protibeshi.pt
Cached p9_c_protibeshi -> ./cached_test/p9_c_protibeshi.pt
Cached p5_f_protibeshi -> ./cached_test/p5_f_protibeshi.pt
Cached p9_f_protibeshi -> ./cached_test/p9_f_protibeshi.pt
Cached p5_c_protibeshi -> ./cached_test/p5_c_protibeshi.pt
Cached p5_c_attio -> ./cached_test/p5_c_attio.pt
Cached p9_f_attio -> ./cached_test/p9_f_attio.pt
Cached p9_c_attio -> ./cached_test/p9_c_attio.pt
Cached p5_f_attio -> ./cached_test/p5_f_attio.pt
Cached p10_f_attio -> ./cached_test/p10_f_attio.pt
Cached p10_c_attio -> ./cached_test/p10_c_attio.pt
Number of samples in dataset: 2160
Traceback (most recent call last):
  File "/home/user5/DDA4220_GroupProject/Sign-Language-Recognition/code/./DDATraining_swin.py", line 182, in <module>
    run(
    ~~~^
        train_txt='./cached_train',
        ^^^^^^^^^^^^^^^^^^^^^^^^^^^
    ...<4 lines>...
        patience=5
        ^^^^^^^^^^
    )
    ^
  File "/home/user5/DDA4220_GroupProject/Sign-Language-Recognition/code/./DDATraining_swin.py", line 105, in run
    outputs = model(inputs)
  File "/home/user5/anaconda3/envs/cs7643-a1/lib/python3.14/site-packages/torch/nn/modules/module.py", line 1775, in _wrapped_call_impl
    return self._call_impl(*args, **kwargs)
           ~~~~~~~~~~~~~~~^^^^^^^^^^^^^^^^^
  File "/home/user5/anaconda3/envs/cs7643-a1/lib/python3.14/site-packages/torch/nn/modules/module.py", line 1786, in _call_impl
    return forward_call(*args, **kwargs)
  File "/home/user5/anaconda3/envs/cs7643-a1/lib/python3.14/site-packages/torch/nn/parallel/data_parallel.py", line 194, in forward
    outputs = self.parallel_apply(replicas, inputs, module_kwargs)
  File "/home/user5/anaconda3/envs/cs7643-a1/lib/python3.14/site-packages/torch/nn/parallel/data_parallel.py", line 213, in parallel_apply
    return parallel_apply(
        replicas, inputs, kwargs, self.device_ids[: len(replicas)]
    )
  File "/home/user5/anaconda3/envs/cs7643-a1/lib/python3.14/site-packages/torch/nn/parallel/parallel_apply.py", line 129, in parallel_apply
    output.reraise()
    ~~~~~~~~~~~~~~^^
  File "/home/user5/anaconda3/envs/cs7643-a1/lib/python3.14/site-packages/torch/_utils.py", line 769, in reraise
    raise exception
torch.OutOfMemoryError: Caught OutOfMemoryError in replica 0 on device 0.
Original Traceback (most recent call last):
  File "/home/user5/anaconda3/envs/cs7643-a1/lib/python3.14/site-packages/torch/nn/parallel/parallel_apply.py", line 99, in _worker
    output = module(*input, **kwargs)
  File "/home/user5/anaconda3/envs/cs7643-a1/lib/python3.14/site-packages/torch/nn/modules/module.py", line 1775, in _wrapped_call_impl
    return self._call_impl(*args, **kwargs)
           ~~~~~~~~~~~~~~~^^^^^^^^^^^^^^^^^
  File "/home/user5/anaconda3/envs/cs7643-a1/lib/python3.14/site-packages/torch/nn/modules/module.py", line 1786, in _call_impl
    return forward_call(*args, **kwargs)
  File "/home/user5/DDA4220_GroupProject/Sign-Language-Recognition/code/swin_video.py", line 31, in forward
    features = self.backbone(x)   # (B*T, 768)
  File "/home/user5/anaconda3/envs/cs7643-a1/lib/python3.14/site-packages/torch/nn/modules/module.py", line 1775, in _wrapped_call_impl
    return self._call_impl(*args, **kwargs)
           ~~~~~~~~~~~~~~~^^^^^^^^^^^^^^^^^
  File "/home/user5/anaconda3/envs/cs7643-a1/lib/python3.14/site-packages/torch/nn/modules/module.py", line 1786, in _call_impl
    return forward_call(*args, **kwargs)
  File "/home/user5/anaconda3/envs/cs7643-a1/lib/python3.14/site-packages/timm/models/swin_transformer_v2.py", line 1007, in forward
    x = self.forward_features(x)
  File "/home/user5/anaconda3/envs/cs7643-a1/lib/python3.14/site-packages/timm/models/swin_transformer_v2.py", line 982, in forward_features
    x = self.layers(x)
  File "/home/user5/anaconda3/envs/cs7643-a1/lib/python3.14/site-packages/torch/nn/modules/module.py", line 1775, in _wrapped_call_impl
    return self._call_impl(*args, **kwargs)
           ~~~~~~~~~~~~~~~^^^^^^^^^^^^^^^^^
  File "/home/user5/anaconda3/envs/cs7643-a1/lib/python3.14/site-packages/torch/nn/modules/module.py", line 1786, in _call_impl
    return forward_call(*args, **kwargs)
  File "/home/user5/anaconda3/envs/cs7643-a1/lib/python3.14/site-packages/torch/nn/modules/container.py", line 250, in forward
    input = module(input)
  File "/home/user5/anaconda3/envs/cs7643-a1/lib/python3.14/site-packages/torch/nn/modules/module.py", line 1775, in _wrapped_call_impl
    return self._call_impl(*args, **kwargs)
           ~~~~~~~~~~~~~~~^^^^^^^^^^^^^^^^^
  File "/home/user5/anaconda3/envs/cs7643-a1/lib/python3.14/site-packages/torch/nn/modules/module.py", line 1786, in _call_impl
    return forward_call(*args, **kwargs)
  File "/home/user5/anaconda3/envs/cs7643-a1/lib/python3.14/site-packages/timm/models/swin_transformer_v2.py", line 658, in forward
    x = blk(x)
  File "/home/user5/anaconda3/envs/cs7643-a1/lib/python3.14/site-packages/torch/nn/modules/module.py", line 1775, in _wrapped_call_impl
    return self._call_impl(*args, **kwargs)
           ~~~~~~~~~~~~~~~^^^^^^^^^^^^^^^^^
  File "/home/user5/anaconda3/envs/cs7643-a1/lib/python3.14/site-packages/torch/nn/modules/module.py", line 1786, in _call_impl
    return forward_call(*args, **kwargs)
  File "/home/user5/anaconda3/envs/cs7643-a1/lib/python3.14/site-packages/timm/models/swin_transformer_v2.py", line 478, in forward
    x = x + self.drop_path1(self.norm1(self._attn(x)))
                                       ~~~~~~~~~~^^^
  File "/home/user5/anaconda3/envs/cs7643-a1/lib/python3.14/site-packages/timm/models/swin_transformer_v2.py", line 462, in _attn
    attn_windows = self.attn(x_windows, mask=attn_mask)  # nW*B, window_size*window_size, C
  File "/home/user5/anaconda3/envs/cs7643-a1/lib/python3.14/site-packages/torch/nn/modules/module.py", line 1775, in _wrapped_call_impl
    return self._call_impl(*args, **kwargs)
           ~~~~~~~~~~~~~~~^^^^^^^^^^^^^^^^^
  File "/home/user5/anaconda3/envs/cs7643-a1/lib/python3.14/site-packages/torch/nn/modules/module.py", line 1786, in _call_impl
    return forward_call(*args, **kwargs)
  File "/home/user5/anaconda3/envs/cs7643-a1/lib/python3.14/site-packages/timm/models/swin_transformer_v2.py", line 215, in forward
    attn = (F.normalize(q, dim=-1) @ F.normalize(k, dim=-1).transpose(-2, -1))
                                     ~~~~~~~~~~~^^^^^^^^^^^
  File "/home/user5/anaconda3/envs/cs7643-a1/lib/python3.14/site-packages/torch/nn/functional.py", line 5572, in normalize
    return input / denom
           ~~~~~~^~~~~~~
torch.OutOfMemoryError: CUDA out of memory. Tried to allocate 68.00 MiB. GPU 0 has a total capacity of 31.36 GiB of which 63.94 MiB is free. Process 1372812 has 518.00 MiB memory in use. Process 1397071 has 518.00 MiB memory in use. Including non-PyTorch memory, this process has 30.10 GiB memory in use. Of the allocated memory 29.35 GiB is allocated by PyTorch, and 29.07 MiB is reserved by PyTorch but unallocated. If reserved but unallocated memory is large try setting PYTORCH_CUDA_ALLOC_CONF=expandable_segments:True to avoid fragmentation.  See documentation for Memory Management  (https://pytorch.org/docs/stable/notes/cuda.html#environment-variables)

