nohup: 忽略输入
Processing videos, this may take a while ...
[DATASET] (1/2160) Loading video: DATASET/subidha/p4_f_subidha.mp4
[DATASET] (2/2160) Loading video: DATASET/subidha/p14_c_subidha.mp4
[DATASET] (3/2160) Loading video: DATASET/subidha/p1_f_subidha.mp4
[DATASET] (4/2160) Loading video: DATASET/subidha/p6_c_subidha.mp4
[DATASET] (5/2160) Loading video: DATASET/subidha/p12_f_subidha.mp4
[DATASET] (6/2160) Loading video: DATASET/subidha/p16_c_subidha.mp4
[DATASET] (7/2160) Loading video: DATASET/subidha/p11_c_subidha.mp4
[DATASET] (8/2160) Loading video: DATASET/subidha/p13_f_subidha.mp4
[DATASET] (9/2160) Loading video: DATASET/subidha/p4_c_subidha.mp4
[DATASET] (10/2160) Loading video: DATASET/subidha/p14_f_subidha.mp4
[DATASET] (11/2160) Loading video: DATASET/subidha/p1_c_subidha.mp4
[DATASET] (12/2160) Loading video: DATASET/subidha/p16_f_subidha.mp4
[DATASET] (13/2160) Loading video: DATASET/subidha/p2_f_subidha.mp4
[DATASET] (14/2160) Loading video: DATASET/subidha/p3_f_subidha.mp4
[DATASET] (15/2160) Loading video: DATASET/subidha/p7_f_subidha.mp4
[DATASET] (16/2160) Loading video: DATASET/subidha/p11_f_subidha.mp4
[DATASET] (17/2160) Loading video: DATASET/subidha/p13_c_subidha.mp4
[DATASET] (18/2160) Loading video: DATASET/subidha/p12_c_subidha.mp4
[DATASET] (19/2160) Loading video: DATASET/subidha/p15_c_subidha.mp4
[DATASET] (20/2160) Loading video: DATASET/subidha/p15_f_subidha.mp4
[DATASET] (21/2160) Loading video: DATASET/subidha/p8_c_subidha.mp4
[DATASET] (22/2160) Loading video: DATASET/subidha/p6_f_subidha.mp4
[DATASET] (23/2160) Loading video: DATASET/subidha/p7_c_subidha.mp4
[DATASET] (24/2160) Loading video: DATASET/subidha/p8_f_subidha.mp4
[DATASET] (25/2160) Loading video: DATASET/golarhaar/p3_f_golarhaar.mp4
[DATASET] (26/2160) Loading video: DATASET/golarhaar/p12_f_golarhaar.mp4
[DATASET] (27/2160) Loading video: DATASET/golarhaar/p13_f_golarhaar.mp4
[DATASET] (28/2160) Loading video: DATASET/golarhaar/p7_f_golarhaar.mp4
[DATASET] (29/2160) Loading video: DATASET/golarhaar/p7_c_golarhaar.mp4
[DATASET] (30/2160) Loading video: DATASET/golarhaar/p15_c_golarhaar.mp4
[DATASET] (31/2160) Loading video: DATASET/golarhaar/p16_f_golarhaar.mp4
[DATASET] (32/2160) Loading video: DATASET/golarhaar/p4_f_golarhaar.mp4
[DATASET] (33/2160) Loading video: DATASET/golarhaar/p11_f_golarhaar.mp4
[DATASET] (34/2160) Loading video: DATASET/golarhaar/p13_c_golarhaar.mp4
[DATASET] (35/2160) Loading video: DATASET/golarhaar/p8_f_golarhaar.mp4
[DATASET] (36/2160) Loading video: DATASET/golarhaar/p15_f_golarhaar.mp4
[DATASET] (37/2160) Loading video: DATASET/golarhaar/p11_c_golarhaar.mp4
[DATASET] (38/2160) Loading video: DATASET/golarhaar/p4_c_golarhaar.mp4
[DATASET] (39/2160) Loading video: DATASET/golarhaar/p6_c_golarhaar.mp4
[DATASET] (40/2160) Loading video: DATASET/golarhaar/p12_c_golarhaar.mp4
[DATASET] (41/2160) Loading video: DATASET/golarhaar/p14_c_golarhaar.mp4
[DATASET] (42/2160) Loading video: DATASET/golarhaar/p1_c_golarhaar.mp4
[DATASET] (43/2160) Loading video: DATASET/golarhaar/p2_f_golarhaar.mp4
[DATASET] (44/2160) Loading video: DATASET/golarhaar/p16_c_golarhaar.mp4
[DATASET] (45/2160) Loading video: DATASET/golarhaar/p1_f_golarhaar.mp4
[DATASET] (46/2160) Loading video: DATASET/golarhaar/p6_f_golarhaar.mp4
[DATASET] (47/2160) Loading video: DATASET/golarhaar/p8_c_golarhaar.mp4
[DATASET] (48/2160) Loading video: DATASET/golarhaar/p14_f_golarhaar.mp4
[DATASET] (49/2160) Loading video: DATASET/boro/p11_f_boro.mp4
[DATASET] (50/2160) Loading video: DATASET/boro/p2_f_boro.mp4
[DATASET] (51/2160) Loading video: DATASET/boro/p16_f_boro.mp4
[DATASET] (52/2160) Loading video: DATASET/boro/p1_f_boro.mp4
[DATASET] (53/2160) Loading video: DATASET/boro/p11_c_boro.mp4
[DATASET] (54/2160) Loading video: DATASET/boro/p3_f_boro.mp4
[DATASET] (55/2160) Loading video: DATASET/boro/p14_f_boro.mp4
[DATASET] (56/2160) Loading video: DATASET/boro/p15_c_boro.mp4
[DATASET] (57/2160) Loading video: DATASET/boro/p13_c_boro.mp4
[DATASET] (58/2160) Loading video: DATASET/boro/p14_c_boro.mp4
[DATASET] (59/2160) Loading video: DATASET/boro/p7_f_boro.mp4
[DATASET] (60/2160) Loading video: DATASET/boro/p8_c_boro.mp4
[DATASET] (61/2160) Loading video: DATASET/boro/p15_f_boro.mp4
[DATASET] (62/2160) Loading video: DATASET/boro/p7_c_boro.mp4
[DATASET] (63/2160) Loading video: DATASET/boro/p6_c_boro.mp4
[DATASET] (64/2160) Loading video: DATASET/boro/p16_c_boro.mp4
[DATASET] (65/2160) Loading video: DATASET/boro/p12_f_boro.mp4
[DATASET] (66/2160) Loading video: DATASET/boro/p1_c_boro.mp4
[DATASET] (67/2160) Loading video: DATASET/boro/p6_f_boro.mp4
[DATASET] (68/2160) Loading video: DATASET/boro/p8_f_boro.mp4
[DATASET] (69/2160) Loading video: DATASET/boro/p4_f_boro.mp4
[DATASET] (70/2160) Loading video: DATASET/boro/p4_c_boro.mp4
[DATASET] (71/2160) Loading video: DATASET/boro/p12_c_boro.mp4
[DATASET] (72/2160) Loading video: DATASET/boro/p13_f_boro.mp4
[DATASET] (73/2160) Loading video: DATASET/gach/p13_f_gach.mp4
[DATASET] (74/2160) Loading video: DATASET/gach/p12_f_gach.mp4
[DATASET] (75/2160) Loading video: DATASET/gach/p7_f_gach.mp4
[DATASET] (76/2160) Loading video: DATASET/gach/p8_c_gach.mp4
[DATASET] (77/2160) Loading video: DATASET/gach/p11_f_gach.mp4
[DATASET] (78/2160) Loading video: DATASET/gach/p6_f_gach.mp4
[DATASET] (79/2160) Loading video: DATASET/gach/p8_f_gach.mp4
[DATASET] (80/2160) Loading video: DATASET/gach/p13_c_gach.mp4
[DATASET] (81/2160) Loading video: DATASET/gach/p3_f_gach.mp4
[DATASET] (82/2160) Loading video: DATASET/gach/p16_c_gach.mp4
[DATASET] (83/2160) Loading video: DATASET/gach/p14_f_gach.mp4
[DATASET] (84/2160) Loading video: DATASET/gach/p6_c_gach.mp4
[DATASET] (85/2160) Loading video: DATASET/gach/p11_c_gach.mp4
[DATASET] (86/2160) Loading video: DATASET/gach/p14_c_gach.mp4
[DATASET] (87/2160) Loading video: DATASET/gach/p12_c_gach.mp4
[DATASET] (88/2160) Loading video: DATASET/gach/p1_c_gach.mp4
[DATASET] (89/2160) Loading video: DATASET/gach/p2_f_gach.mp4
[DATASET] (90/2160) Loading video: DATASET/gach/p4_c_gach.mp4
[DATASET] (91/2160) Loading video: DATASET/gach/p1_f_gach.mp4
[DATASET] (92/2160) Loading video: DATASET/gach/p15_f_gach.mp4
[DATASET] (93/2160) Loading video: DATASET/gach/p15_c_gach.mp4
[DATASET] (94/2160) Loading video: DATASET/gach/p4_f_gach.mp4
[DATASET] (95/2160) Loading video: DATASET/gach/p16_f_gach.mp4
[DATASET] (96/2160) Loading video: DATASET/gach/p7_c_gach.mp4
[DATASET] (97/2160) Loading video: DATASET/protijogita/p11_f_protijogita.mp4
[DATASET] (98/2160) Loading video: DATASET/protijogita/p8_f_protijogita.mp4
[DATASET] (99/2160) Loading video: DATASET/protijogita/p3_f_protijogita.mp4
[DATASET] (100/2160) Loading video: DATASET/protijogita/p7_f_protijogita.mp4
[DATASET] (101/2160) Loading video: DATASET/protijogita/p8_c_protijogita.mp4
[DATASET] (102/2160) Loading video: DATASET/protijogita/p13_c_protijogita.mp4
[DATASET] (103/2160) Loading video: DATASET/protijogita/p1_c_protijogita.mp4
[DATASET] (104/2160) Loading video: DATASET/protijogita/p4_f_protijogita.mp4
[DATASET] (105/2160) Loading video: DATASET/protijogita/p12_c_protijogita.mp4
[DATASET] (106/2160) Loading video: DATASET/protijogita/p15_f_protijogita.mp4
[DATASET] (107/2160) Loading video: DATASET/protijogita/p11_c_protijogita.mp4
[DATASET] (108/2160) Loading video: DATASET/protijogita/p6_f_protijogita.mp4
[DATASET] (109/2160) Loading video: DATASET/protijogita/p16_c_protijogita.mp4
[DATASET] (110/2160) Loading video: DATASET/protijogita/p16_f_protijogita.mp4
[DATASET] (111/2160) Loading video: DATASET/protijogita/p7_c_protijogita.mp4
[DATASET] (112/2160) Loading video: DATASET/protijogita/p13_f_protijogita.mp4
[DATASET] (113/2160) Loading video: DATASET/protijogita/p2_f_protijogita.mp4
[DATASET] (114/2160) Loading video: DATASET/protijogita/p1_f_protijogita.mp4
[DATASET] (115/2160) Loading video: DATASET/protijogita/p6_c_protijogita.mp4
[DATASET] (116/2160) Loading video: DATASET/protijogita/p14_c_protijogita.mp4
[DATASET] (117/2160) Loading video: DATASET/protijogita/p12_f_protijogita.mp4
[DATASET] (118/2160) Loading video: DATASET/protijogita/p15_c_protijogita.mp4
[DATASET] (119/2160) Loading video: DATASET/protijogita/p4_c_protijogita.mp4
[DATASET] (120/2160) Loading video: DATASET/protijogita/p14_f_protijogita.mp4
[DATASET] (121/2160) Loading video: DATASET/mask/p16_f_mask.mp4
[DATASET] (122/2160) Loading video: DATASET/mask/p4_c_mask.mp4
[DATASET] (123/2160) Loading video: DATASET/mask/p6_f_mask.mp4
[DATASET] (124/2160) Loading video: DATASET/mask/p11_c_mask.mp4
[DATASET] (125/2160) Loading video: DATASET/mask/p4_f_mask.mp4
[DATASET] (126/2160) Loading video: DATASET/mask/p3_f_mask.mp4
[DATASET] (127/2160) Loading video: DATASET/mask/p7_f_mask.mp4
[DATASET] (128/2160) Loading video: DATASET/mask/p16_c_mask.mp4
[DATASET] (129/2160) Loading video: DATASET/mask/p12_f_mask.mp4
[DATASET] (130/2160) Loading video: DATASET/mask/p14_f_mask.mp4
[DATASET] (131/2160) Loading video: DATASET/mask/p6_c_mask.mp4
[DATASET] (132/2160) Loading video: DATASET/mask/p14_c_mask.mp4
[DATASET] (133/2160) Loading video: DATASET/mask/p2_f_mask.mp4
[DATASET] (134/2160) Loading video: DATASET/mask/p15_c_mask.mp4
[DATASET] (135/2160) Loading video: DATASET/mask/p7_c_mask.mp4
[DATASET] (136/2160) Loading video: DATASET/mask/p1_c_mask.mp4
[DATASET] (137/2160) Loading video: DATASET/mask/p12_c_mask.mp4
[DATASET] (138/2160) Loading video: DATASET/mask/p8_f_mask.mp4
[DATASET] (139/2160) Loading video: DATASET/mask/p8_c_mask.mp4
[DATASET] (140/2160) Loading video: DATASET/mask/p11_f_mask.mp4
[DATASET] (141/2160) Loading video: DATASET/mask/p1_f_mask.mp4
[DATASET] (142/2160) Loading video: DATASET/mask/p13_f_mask.mp4
[DATASET] (143/2160) Loading video: DATASET/mask/p15_f_mask.mp4
[DATASET] (144/2160) Loading video: DATASET/mask/p13_c_mask.mp4
[DATASET] (145/2160) Loading video: DATASET/sajano/p14_c_sajano.mp4
[DATASET] (146/2160) Loading video: DATASET/sajano/p7_c_sajano.mp4
[DATASET] (147/2160) Loading video: DATASET/sajano/p16_c_sajano.mp4
[DATASET] (148/2160) Loading video: DATASET/sajano/p1_f_sajano.mp4
[DATASET] (149/2160) Loading video: DATASET/sajano/p13_f_sajano.mp4
[DATASET] (150/2160) Loading video: DATASET/sajano/p13_c_sajano.mp4
[DATASET] (151/2160) Loading video: DATASET/sajano/p14_f_sajano.mp4
[DATASET] (152/2160) Loading video: DATASET/sajano/p6_c_sajano.mp4
[DATASET] (153/2160) Loading video: DATASET/sajano/p4_c_sajano.mp4
[DATASET] (154/2160) Loading video: DATASET/sajano/p15_f_sajano.mp4
[DATASET] (155/2160) Loading video: DATASET/sajano/p8_c_sajano.mp4
[DATASET] (156/2160) Loading video: DATASET/sajano/p6_f_sajano.mp4
[DATASET] (157/2160) Loading video: DATASET/sajano/p11_c_sajano.mp4
[DATASET] (158/2160) Loading video: DATASET/sajano/p12_c_sajano.mp4
[DATASET] (159/2160) Loading video: DATASET/sajano/p15_c_sajano.mp4
[DATASET] (160/2160) Loading video: DATASET/sajano/p7_f_sajano.mp4
[DATASET] (161/2160) Loading video: DATASET/sajano/p12_f_sajano.mp4
[DATASET] (162/2160) Loading video: DATASET/sajano/p4_f_sajano.mp4
[DATASET] (163/2160) Loading video: DATASET/sajano/p11_f_sajano.mp4
[DATASET] (164/2160) Loading video: DATASET/sajano/p8_f_sajano.mp4
[DATASET] (165/2160) Loading video: DATASET/sajano/p16_f_sajano.mp4
[DATASET] (166/2160) Loading video: DATASET/sajano/p3_f_sajano.mp4
[DATASET] (167/2160) Loading video: DATASET/sajano/p1_c_sajano.mp4
[DATASET] (168/2160) Loading video: DATASET/sajano/p2_f_sajano.mp4
[DATASET] (169/2160) Loading video: DATASET/hata/p15_f_hata.mp4
[DATASET] (170/2160) Loading video: DATASET/hata/p16_c_hata.mp4
[DATASET] (171/2160) Loading video: DATASET/hata/p14_f_hata.mp4
[DATASET] (172/2160) Loading video: DATASET/hata/p11_c_hata.mp4
[DATASET] (173/2160) Loading video: DATASET/hata/p15_c_hata.mp4
[DATASET] (174/2160) Loading video: DATASET/hata/p7_f_hata.mp4
[DATASET] (175/2160) Loading video: DATASET/hata/p3_f_hata.mp4
[DATASET] (176/2160) Loading video: DATASET/hata/p1_c_hata.mp4
[DATASET] (177/2160) Loading video: DATASET/hata/p8_f_hata.mp4
[DATASET] (178/2160) Loading video: DATASET/hata/p2_f_hata.mp4
[DATASET] (179/2160) Loading video: DATASET/hata/p13_c_hata.mp4
[DATASET] (180/2160) Loading video: DATASET/hata/p13_f_hata.mp4
[DATASET] (181/2160) Loading video: DATASET/hata/p6_f_hata.mp4
[DATASET] (182/2160) Loading video: DATASET/hata/p12_f_hata.mp4
[DATASET] (183/2160) Loading video: DATASET/hata/p8_c_hata.mp4
[DATASET] (184/2160) Loading video: DATASET/hata/p11_f_hata.mp4
[DATASET] (185/2160) Loading video: DATASET/hata/p6_c_hata.mp4
[DATASET] (186/2160) Loading video: DATASET/hata/p4_c_hata.mp4
[DATASET] (187/2160) Loading video: DATASET/hata/p14_c_hata.mp4
[DATASET] (188/2160) Loading video: DATASET/hata/p1_f_hata.mp4
[DATASET] (189/2160) Loading video: DATASET/hata/p7_c_hata.mp4
[DATASET] (190/2160) Loading video: DATASET/hata/p16_f_hata.mp4
[DATASET] (191/2160) Loading video: DATASET/hata/p12_c_hata.mp4
[DATASET] (192/2160) Loading video: DATASET/hata/p4_f_hata.mp4
[DATASET] (193/2160) Loading video: DATASET/dudh/p1_f_dudh.mp4
[DATASET] (194/2160) Loading video: DATASET/dudh/p1_c_dudh.mp4
[DATASET] (195/2160) Loading video: DATASET/dudh/p4_c_dudh.mp4
[DATASET] (196/2160) Loading video: DATASET/dudh/p15_c_dudh.mp4
[DATASET] (197/2160) Loading video: DATASET/dudh/p16_f_dudh.mp4
[DATASET] (198/2160) Loading video: DATASET/dudh/p12_c_dudh.mp4
[DATASET] (199/2160) Loading video: DATASET/dudh/p3_f_dudh.mp4
[DATASET] (200/2160) Loading video: DATASET/dudh/p14_f_dudh.mp4
[DATASET] (201/2160) Loading video: DATASET/dudh/p6_c_dudh.mp4
[DATASET] (202/2160) Loading video: DATASET/dudh/p6_f_dudh.mp4
[DATASET] (203/2160) Loading video: DATASET/dudh/p14_c_dudh.mp4
[DATASET] (204/2160) Loading video: DATASET/dudh/p13_f_dudh.mp4
[DATASET] (205/2160) Loading video: DATASET/dudh/p7_c_dudh.mp4
[DATASET] (206/2160) Loading video: DATASET/dudh/p7_f_dudh.mp4
[DATASET] (207/2160) Loading video: DATASET/dudh/p15_f_dudh.mp4
[DATASET] (208/2160) Loading video: DATASET/dudh/p12_f_dudh.mp4
[DATASET] (209/2160) Loading video: DATASET/dudh/p2_f_dudh.mp4
[DATASET] (210/2160) Loading video: DATASET/dudh/p11_f_dudh.mp4
[DATASET] (211/2160) Loading video: DATASET/dudh/p16_c_dudh.mp4
[DATASET] (212/2160) Loading video: DATASET/dudh/p13_c_dudh.mp4
[DATASET] (213/2160) Loading video: DATASET/dudh/p8_f_dudh.mp4
[DATASET] (214/2160) Loading video: DATASET/dudh/p4_f_dudh.mp4
[DATASET] (215/2160) Loading video: DATASET/dudh/p8_c_dudh.mp4
[DATASET] (216/2160) Loading video: DATASET/dudh/p11_c_dudh.mp4
[DATASET] (217/2160) Loading video: DATASET/sahajjo/p2_f_sahajjo.mp4
[DATASET] (218/2160) Loading video: DATASET/sahajjo/p15_c_sahajjo.mp4
[DATASET] (219/2160) Loading video: DATASET/sahajjo/p6_c_sahajjo.mp4
[DATASET] (220/2160) Loading video: DATASET/sahajjo/p16_f_sahajjo.mp4
[DATASET] (221/2160) Loading video: DATASET/sahajjo/p8_c_sahajjo.mp4
[DATASET] (222/2160) Loading video: DATASET/sahajjo/p1_f_sahajjo.mp4
[DATASET] (223/2160) Loading video: DATASET/sahajjo/p13_c_sahajjo.mp4
[DATASET] (224/2160) Loading video: DATASET/sahajjo/p4_c_sahajjo.mp4
[DATASET] (225/2160) Loading video: DATASET/sahajjo/p6_f_sahajjo.mp4
[DATASET] (226/2160) Loading video: DATASET/sahajjo/p12_c_sahajjo.mp4
[DATASET] (227/2160) Loading video: DATASET/sahajjo/p3_f_sahajjo.mp4
[DATASET] (228/2160) Loading video: DATASET/sahajjo/p7_f_sahajjo.mp4
[DATASET] (229/2160) Loading video: DATASET/sahajjo/p4_f_sahajjo.mp4
[DATASET] (230/2160) Loading video: DATASET/sahajjo/p15_f_sahajjo.mp4
[DATASET] (231/2160) Loading video: DATASET/sahajjo/p11_f_sahajjo.mp4
[DATASET] (232/2160) Loading video: DATASET/sahajjo/p11_c_sahajjo.mp4
[DATASET] (233/2160) Loading video: DATASET/sahajjo/p13_f_sahajjo.mp4
[DATASET] (234/2160) Loading video: DATASET/sahajjo/p7_c_sahajjo.mp4
[DATASET] (235/2160) Loading video: DATASET/sahajjo/p14_c_sahajjo.mp4
[DATASET] (236/2160) Loading video: DATASET/sahajjo/p12_f_sahajjo.mp4
[DATASET] (237/2160) Loading video: DATASET/sahajjo/p1_c_sahajjo.mp4
[DATASET] (238/2160) Loading video: DATASET/sahajjo/p8_f_sahajjo.mp4
[DATASET] (239/2160) Loading video: DATASET/sahajjo/p16_c_sahajjo.mp4
[DATASET] (240/2160) Loading video: DATASET/sahajjo/p14_f_sahajjo.mp4
[DATASET] (241/2160) Loading video: DATASET/shirt/p3_f_shirt.mp4
[DATASET] (242/2160) Loading video: DATASET/shirt/p14_c_shirt.mp4
[DATASET] (243/2160) Loading video: DATASET/shirt/p8_c_shirt.mp4
[DATASET] (244/2160) Loading video: DATASET/shirt/p16_f_shirt.mp4
[DATASET] (245/2160) Loading video: DATASET/shirt/p7_f_shirt.mp4
[DATASET] (246/2160) Loading video: DATASET/shirt/p13_f_shirt.mp4
[DATASET] (247/2160) Loading video: DATASET/shirt/p1_f_shirt.mp4
[DATASET] (248/2160) Loading video: DATASET/shirt/p15_c_shirt.mp4
[DATASET] (249/2160) Loading video: DATASET/shirt/p16_c_shirt.mp4
[DATASET] (250/2160) Loading video: DATASET/shirt/p11_c_shirt.mp4
[DATASET] (251/2160) Loading video: DATASET/shirt/p2_f_shirt.mp4
[DATASET] (252/2160) Loading video: DATASET/shirt/p1_c_shirt.mp4
[DATASET] (253/2160) Loading video: DATASET/shirt/p11_f_shirt.mp4
[DATASET] (254/2160) Loading video: DATASET/shirt/p15_f_shirt.mp4
[DATASET] (255/2160) Loading video: DATASET/shirt/p12_c_shirt.mp4
[DATASET] (256/2160) Loading video: DATASET/shirt/p12_f_shirt.mp4
[DATASET] (257/2160) Loading video: DATASET/shirt/p8_f_shirt.mp4
[DATASET] (258/2160) Loading video: DATASET/shirt/p4_c_shirt.mp4
[DATASET] (259/2160) Loading video: DATASET/shirt/p13_c_shirt.mp4
[DATASET] (260/2160) Loading video: DATASET/shirt/p6_f_shirt.mp4
[DATASET] (261/2160) Loading video: DATASET/shirt/p14_f_shirt.mp4
[DATASET] (262/2160) Loading video: DATASET/shirt/p7_c_shirt.mp4
[DATASET] (263/2160) Loading video: DATASET/shirt/p6_c_shirt.mp4
[DATASET] (264/2160) Loading video: DATASET/shirt/p4_f_shirt.mp4
[DATASET] (265/2160) Loading video: DATASET/pakhi/p13_c_pakhi.mp4
[DATASET] (266/2160) Loading video: DATASET/pakhi/p6_c_pakhi.mp4
[DATASET] (267/2160) Loading video: DATASET/pakhi/p16_c_pakhi.mp4
[DATASET] (268/2160) Loading video: DATASET/pakhi/p6_f_pakhi.mp4
[DATASET] (269/2160) Loading video: DATASET/pakhi/p13_f_pakhi.mp4
[DATASET] (270/2160) Loading video: DATASET/pakhi/p1_c_pakhi.mp4
[DATASET] (271/2160) Loading video: DATASET/pakhi/p4_f_pakhi.mp4
[DATASET] (272/2160) Loading video: DATASET/pakhi/p7_f_pakhi.mp4
[DATASET] (273/2160) Loading video: DATASET/pakhi/p7_c_pakhi.mp4
[DATASET] (274/2160) Loading video: DATASET/pakhi/p4_c_pakhi.mp4
[DATASET] (275/2160) Loading video: DATASET/pakhi/p3_f_pakhi.mp4
[DATASET] (276/2160) Loading video: DATASET/pakhi/p2_f_pakhi.mp4
[DATASET] (277/2160) Loading video: DATASET/pakhi/p11_f_pakhi.mp4
[DATASET] (278/2160) Loading video: DATASET/pakhi/p11_c_pakhi.mp4
[DATASET] (279/2160) Loading video: DATASET/pakhi/p14_f_pakhi.mp4
[DATASET] (280/2160) Loading video: DATASET/pakhi/p8_c_pakhi.mp4
[DATASET] (281/2160) Loading video: DATASET/pakhi/p1_f_pakhi.mp4
[DATASET] (282/2160) Loading video: DATASET/pakhi/p15_f_pakhi.mp4
[DATASET] (283/2160) Loading video: DATASET/pakhi/p15_c_pakhi.mp4
[DATASET] (284/2160) Loading video: DATASET/pakhi/p12_f_pakhi.mp4
[DATASET] (285/2160) Loading video: DATASET/pakhi/p8_f_pakhi.mp4
[DATASET] (286/2160) Loading video: DATASET/pakhi/p16_f_pakhi.mp4
[DATASET] (287/2160) Loading video: DATASET/pakhi/p14_c_pakhi.mp4
[DATASET] (288/2160) Loading video: DATASET/pakhi/p12_c_pakhi.mp4
[DATASET] (289/2160) Loading video: DATASET/protigga/p6_c_protigga.mp4
[DATASET] (290/2160) Loading video: DATASET/protigga/p7_c_protigga.mp4
[DATASET] (291/2160) Loading video: DATASET/protigga/p7_f_protigga.mp4
[DATASET] (292/2160) Loading video: DATASET/protigga/p11_f_protigga.mp4
[DATASET] (293/2160) Loading video: DATASET/protigga/p15_f_protigga.mp4
[DATASET] (294/2160) Loading video: DATASET/protigga/p15_c_protigga.mp4
[DATASET] (295/2160) Loading video: DATASET/protigga/p2_f_protigga.mp4
[DATASET] (296/2160) Loading video: DATASET/protigga/p6_f_protigga.mp4
[DATASET] (297/2160) Loading video: DATASET/protigga/p1_c_protigga.mp4
[DATASET] (298/2160) Loading video: DATASET/protigga/p8_f_protigga.mp4
[DATASET] (299/2160) Loading video: DATASET/protigga/p14_c_protigga.mp4
[DATASET] (300/2160) Loading video: DATASET/protigga/p8_c_protigga.mp4
[DATASET] (301/2160) Loading video: DATASET/protigga/p13_f_protigga.mp4
[DATASET] (302/2160) Loading video: DATASET/protigga/p13_c_protigga.mp4
[DATASET] (303/2160) Loading video: DATASET/protigga/p12_c_protigga.mp4
[DATASET] (304/2160) Loading video: DATASET/protigga/p3_f_protigga.mp4
[DATASET] (305/2160) Loading video: DATASET/protigga/p16_f_protigga.mp4
[DATASET] (306/2160) Loading video: DATASET/protigga/p4_c_protigga.mp4
[DATASET] (307/2160) Loading video: DATASET/protigga/p12_f_protigga.mp4
[DATASET] (308/2160) Loading video: DATASET/protigga/p4_f_protigga.mp4
[DATASET] (309/2160) Loading video: DATASET/protigga/p16_c_protigga.mp4
[DATASET] (310/2160) Loading video: DATASET/protigga/p14_f_protigga.mp4
[DATASET] (311/2160) Loading video: DATASET/protigga/p11_c_protigga.mp4
[DATASET] (312/2160) Loading video: DATASET/protigga/p1_f_protigga.mp4
[DATASET] (313/2160) Loading video: DATASET/moja/p8_c_moja.mp4
[DATASET] (314/2160) Loading video: DATASET/moja/p1_c_moja.mp4
[DATASET] (315/2160) Loading video: DATASET/moja/p4_f_moja.mp4
[DATASET] (316/2160) Loading video: DATASET/moja/p15_c_moja.mp4
[DATASET] (317/2160) Loading video: DATASET/moja/p11_f_moja.mp4
[DATASET] (318/2160) Loading video: DATASET/moja/p2_f_moja.mp4
[DATASET] (319/2160) Loading video: DATASET/moja/p4_c_moja.mp4
[DATASET] (320/2160) Loading video: DATASET/moja/p6_f_moja.mp4
[DATASET] (321/2160) Loading video: DATASET/moja/p7_c_moja.mp4
[DATASET] (322/2160) Loading video: DATASET/moja/p1_f_moja.mp4
[DATASET] (323/2160) Loading video: DATASET/moja/p11_c_moja.mp4
[DATASET] (324/2160) Loading video: DATASET/moja/p15_f_moja.mp4
[DATASET] (325/2160) Loading video: DATASET/moja/p6_c_moja.mp4
[DATASET] (326/2160) Loading video: DATASET/moja/p12_f_moja.mp4
[DATASET] (327/2160) Loading video: DATASET/moja/p7_f_moja.mp4
[DATASET] (328/2160) Loading video: DATASET/moja/p3_f_moja.mp4
[DATASET] (329/2160) Loading video: DATASET/moja/p12_c_moja.mp4
[DATASET] (330/2160) Loading video: DATASET/moja/p16_c_moja.mp4
[DATASET] (331/2160) Loading video: DATASET/moja/p8_f_moja.mp4
[DATASET] (332/2160) Loading video: DATASET/moja/p13_c_moja.mp4
[DATASET] (333/2160) Loading video: DATASET/moja/p16_f_moja.mp4
[DATASET] (334/2160) Loading video: DATASET/moja/p14_c_moja.mp4
[DATASET] (335/2160) Loading video: DATASET/moja/p13_f_moja.mp4
[DATASET] (336/2160) Loading video: DATASET/moja/p14_f_moja.mp4
[DATASET] (337/2160) Loading video: DATASET/chikitsha/p2_f_chikitsha.mp4
[DATASET] (338/2160) Loading video: DATASET/chikitsha/p16_f_chikitsha.mp4
[DATASET] (339/2160) Loading video: DATASET/chikitsha/p12_c_chikitsha.mp4
[DATASET] (340/2160) Loading video: DATASET/chikitsha/p4_f_chikitsha.mp4
[DATASET] (341/2160) Loading video: DATASET/chikitsha/p6_c_chikitsha.mp4
[DATASET] (342/2160) Loading video: DATASET/chikitsha/p8_f_chikitsha.mp4
[DATASET] (343/2160) Loading video: DATASET/chikitsha/p11_c_chikitsha.mp4
[DATASET] (344/2160) Loading video: DATASET/chikitsha/p13_f_chikitsha.mp4
[DATASET] (345/2160) Loading video: DATASET/chikitsha/p6_f_chikitsha.mp4
[DATASET] (346/2160) Loading video: DATASET/chikitsha/p1_f_chikitsa.mp4
[DATASET] (347/2160) Loading video: DATASET/chikitsha/p12_f_chikitsha.mp4
[DATASET] (348/2160) Loading video: DATASET/chikitsha/p14_f_chikitsha.mp4
[DATASET] (349/2160) Loading video: DATASET/chikitsha/p7_c_chikitsha.mp4
[DATASET] (350/2160) Loading video: DATASET/chikitsha/p16_c_chikitsha.mp4
[DATASET] (351/2160) Loading video: DATASET/chikitsha/p11_f_chikitsha.mp4
[DATASET] (352/2160) Loading video: DATASET/chikitsha/p15_c_chikitsha.mp4
[DATASET] (353/2160) Loading video: DATASET/chikitsha/p13_c_chikitsha.mp4
[DATASET] (354/2160) Loading video: DATASET/chikitsha/p7_f_chikitsha.mp4
[DATASET] (355/2160) Loading video: DATASET/chikitsha/p15_f_chikitsha.mp4
[DATASET] (356/2160) Loading video: DATASET/chikitsha/p4_c_chikitsha.mp4
[DATASET] (357/2160) Loading video: DATASET/chikitsha/p1_c_chikitsha.mp4
[DATASET] (358/2160) Loading video: DATASET/chikitsha/p8_c_chikitsha.mp4
[DATASET] (359/2160) Loading video: DATASET/chikitsha/p3_f_chikitsha.mp4
[DATASET] (360/2160) Loading video: DATASET/chikitsha/p14_c_chikitsha.mp4
[DATASET] (361/2160) Loading video: DATASET/bondhu/p4_f_bondhu.mp4
[DATASET] (362/2160) Loading video: DATASET/bondhu/p12_f_bondhu.mp4
[DATASET] (363/2160) Loading video: DATASET/bondhu/p6_f_bondhu.mp4
[DATASET] (364/2160) Loading video: DATASET/bondhu/p16_f_bondhu.mp4
[DATASET] (365/2160) Loading video: DATASET/bondhu/p2_f_bondhu.mp4
[DATASET] (366/2160) Loading video: DATASET/bondhu/p14_f_bondhu.mp4
[DATASET] (367/2160) Loading video: DATASET/bondhu/p3_f_bondhu.mp4
[DATASET] (368/2160) Loading video: DATASET/bondhu/p11_f_bondhu.mp4
[DATASET] (369/2160) Loading video: DATASET/bondhu/p8_c_bondhu.mp4
[DATASET] (370/2160) Loading video: DATASET/bondhu/p16_c_bondhu.mp4
[DATASET] (371/2160) Loading video: DATASET/bondhu/p6_c_bondhu.mp4
[DATASET] (372/2160) Loading video: DATASET/bondhu/p4_c_bondhu.mp4
[DATASET] (373/2160) Loading video: DATASET/bondhu/p1_f_bondhu.mp4
[DATASET] (374/2160) Loading video: DATASET/bondhu/p1_c_bondhu.mp4
[DATASET] (375/2160) Loading video: DATASET/bondhu/p11_c_bondhu.mp4
[DATASET] (376/2160) Loading video: DATASET/bondhu/p13_c_bondhu.mp4
[DATASET] (377/2160) Loading video: DATASET/bondhu/p15_c_bondhu.mp4
[DATASET] (378/2160) Loading video: DATASET/bondhu/p7_f_bondhu.mp4
[DATASET] (379/2160) Loading video: DATASET/bondhu/p14_c_bondhu.mp4
[DATASET] (380/2160) Loading video: DATASET/bondhu/p7_c_bondhu.mp4
[DATASET] (381/2160) Loading video: DATASET/bondhu/p12_c_bondhu.mp4
[DATASET] (382/2160) Loading video: DATASET/bondhu/p13_f_bondhu.mp4
[DATASET] (383/2160) Loading video: DATASET/bondhu/p15_f_bondhu.mp4
[DATASET] (384/2160) Loading video: DATASET/bondhu/p8_f_bondhu.mp4
[DATASET] (385/2160) Loading video: DATASET/mehman/p4_f_mehman.mp4
[DATASET] (386/2160) Loading video: DATASET/mehman/p13_f_mehman.mp4
[DATASET] (387/2160) Loading video: DATASET/mehman/p11_c_mehman.mp4
[DATASET] (388/2160) Loading video: DATASET/mehman/p12_f_mehman.mp4
[DATASET] (389/2160) Loading video: DATASET/mehman/p3_f_mehman.mp4
[DATASET] (390/2160) Loading video: DATASET/mehman/p13_c_mehman.mp4
[DATASET] (391/2160) Loading video: DATASET/mehman/p1_f_mehman.mp4
[DATASET] (392/2160) Loading video: DATASET/mehman/p6_c_mehman.mp4
[DATASET] (393/2160) Loading video: DATASET/mehman/p8_f_mehman.mp4
[DATASET] (394/2160) Loading video: DATASET/mehman/p14_f_mehman.mp4
[DATASET] (395/2160) Loading video: DATASET/mehman/p15_c_mehman.mp4
[DATASET] (396/2160) Loading video: DATASET/mehman/p11_f_mehman.mp4
[DATASET] (397/2160) Loading video: DATASET/mehman/p7_f_mehman.mp4
[DATASET] (398/2160) Loading video: DATASET/mehman/p16_c_mehman.mp4
[DATASET] (399/2160) Loading video: DATASET/mehman/p2_f_mehman.mp4
[DATASET] (400/2160) Loading video: DATASET/mehman/p1_c_mehman.mp4
[DATASET] (401/2160) Loading video: DATASET/mehman/p12_c_mehman.mp4
[DATASET] (402/2160) Loading video: DATASET/mehman/p14_c_mehman.mp4
[DATASET] (403/2160) Loading video: DATASET/mehman/p16_f_mehman.mp4
[DATASET] (404/2160) Loading video: DATASET/mehman/p7_c_mehman.mp4
[DATASET] (405/2160) Loading video: DATASET/mehman/p8_c_mehman.mp4
[DATASET] (406/2160) Loading video: DATASET/mehman/p4_c_mehman.mp4
[DATASET] (407/2160) Loading video: DATASET/mehman/p15_f_mehman.mp4
[DATASET] (408/2160) Loading video: DATASET/mehman/p6_f_mehman.mp4
[DATASET] (409/2160) Loading video: DATASET/mosha/p6_c_mosha.mp4
[DATASET] (410/2160) Loading video: DATASET/mosha/p7_f_mosha.mp4
[DATASET] (411/2160) Loading video: DATASET/mosha/p12_c_mosha.mp4
[DATASET] (412/2160) Loading video: DATASET/mosha/p1_c_mosha.mp4
[DATASET] (413/2160) Loading video: DATASET/mosha/p12_f_mosha.mp4
[DATASET] (414/2160) Loading video: DATASET/mosha/p7_c_mosha.mp4
[DATASET] (415/2160) Loading video: DATASET/mosha/p15_c_mosha.mp4
[DATASET] (416/2160) Loading video: DATASET/mosha/p13_f_mosha.mp4
[DATASET] (417/2160) Loading video: DATASET/mosha/p6_f_mosha.mp4
[DATASET] (418/2160) Loading video: DATASET/mosha/p14_c_mosha.mp4
[DATASET] (419/2160) Loading video: DATASET/mosha/p16_f_mosha.mp4
[DATASET] (420/2160) Loading video: DATASET/mosha/p4_c_mosha.mp4
[DATASET] (421/2160) Loading video: DATASET/mosha/p4_f_mosha.mp4
[DATASET] (422/2160) Loading video: DATASET/mosha/p1_f_mosha.mp4
[DATASET] (423/2160) Loading video: DATASET/mosha/p14_f_mosha.mp4
[DATASET] (424/2160) Loading video: DATASET/mosha/p13_c_mosha.mp4
[DATASET] (425/2160) Loading video: DATASET/mosha/p11_c_mosha.mp4
[DATASET] (426/2160) Loading video: DATASET/mosha/p11_f_mosha.mp4
[DATASET] (427/2160) Loading video: DATASET/mosha/p8_c_mosha.mp4
[DATASET] (428/2160) Loading video: DATASET/mosha/p2_f_mosha.mp4
[DATASET] (429/2160) Loading video: DATASET/mosha/p16_c_mosha.mp4
[DATASET] (430/2160) Loading video: DATASET/mosha/p15_f_mosha.mp4
[DATASET] (431/2160) Loading video: DATASET/mosha/p3_f_mosha.mp4
[DATASET] (432/2160) Loading video: DATASET/mosha/p8_f_mosha.mp4
[DATASET] (433/2160) Loading video: DATASET/somporko/p4_f_somporko.mp4
[DATASET] (434/2160) Loading video: DATASET/somporko/p13_c_somporko.mp4
[DATASET] (435/2160) Loading video: DATASET/somporko/p2_f_somporko.mp4
[DATASET] (436/2160) Loading video: DATASET/somporko/p16_c_somporko.mp4
[DATASET] (437/2160) Loading video: DATASET/somporko/p8_c_somporko.mp4
[DATASET] (438/2160) Loading video: DATASET/somporko/p6_c_somporko.mp4
[DATASET] (439/2160) Loading video: DATASET/somporko/p11_f_somporko.mp4
[DATASET] (440/2160) Loading video: DATASET/somporko/p12_f_somporko.mp4
[DATASET] (441/2160) Loading video: DATASET/somporko/p12_c_somporko.mp4
[DATASET] (442/2160) Loading video: DATASET/somporko/p15_c_somporko.mp4
[DATASET] (443/2160) Loading video: DATASET/somporko/p14_f_somporko.mp4
[DATASET] (444/2160) Loading video: DATASET/somporko/p1_f_somporko.mp4
[DATASET] (445/2160) Loading video: DATASET/somporko/p6_f_somporko.mp4
[DATASET] (446/2160) Loading video: DATASET/somporko/p15_f_somporko.mp4
[DATASET] (447/2160) Loading video: DATASET/somporko/p7_c_somporko.mp4
[DATASET] (448/2160) Loading video: DATASET/somporko/p8_f_somporko.mp4
[DATASET] (449/2160) Loading video: DATASET/somporko/p16_f_somporko.mp4
[DATASET] (450/2160) Loading video: DATASET/somporko/p4_c_somporko.mp4
[DATASET] (451/2160) Loading video: DATASET/somporko/p14_c_somporko.mp4
[DATASET] (452/2160) Loading video: DATASET/somporko/p1_c_somporko.mp4
[DATASET] (453/2160) Loading video: DATASET/somporko/p7_f_somporko.mp4
[DATASET] (454/2160) Loading video: DATASET/somporko/p11_c_somporko.mp4
[DATASET] (455/2160) Loading video: DATASET/somporko/p13_f_somporko.mp4
[DATASET] (456/2160) Loading video: DATASET/somporko/p3_f_somporko.mp4
[DATASET] (457/2160) Loading video: DATASET/virus/p16_c_virus.mp4
[DATASET] (458/2160) Loading video: DATASET/virus/p15_f_virus.mp4
[DATASET] (459/2160) Loading video: DATASET/virus/p2_f_virus.mp4
[DATASET] (460/2160) Loading video: DATASET/virus/p12_c_virus.mp4
[DATASET] (461/2160) Loading video: DATASET/virus/p11_c_virus.mp4
[DATASET] (462/2160) Loading video: DATASET/virus/p8_f_virus.mp4
[DATASET] (463/2160) Loading video: DATASET/virus/p14_c_virus.mp4
[DATASET] (464/2160) Loading video: DATASET/virus/p15_c_virus.mp4
[DATASET] (465/2160) Loading video: DATASET/virus/p16_f_virus.mp4
[DATASET] (466/2160) Loading video: DATASET/virus/p3_f_virus.mp4
[DATASET] (467/2160) Loading video: DATASET/virus/p13_c_virus.mp4
[DATASET] (468/2160) Loading video: DATASET/virus/p13_f_virus.mp4
[DATASET] (469/2160) Loading video: DATASET/virus/p7_f_virus.mp4
[DATASET] (470/2160) Loading video: DATASET/virus/p8_c_virus.mp4
[DATASET] (471/2160) Loading video: DATASET/virus/p14_f_virus.mp4
[DATASET] (472/2160) Loading video: DATASET/virus/p6_f_virus.mp4
[DATASET] (473/2160) Loading video: DATASET/virus/p12_f_virus.mp4
[DATASET] (474/2160) Loading video: DATASET/virus/p6_c_virus.mp4
[DATASET] (475/2160) Loading video: DATASET/virus/p1_f_virus.mp4
[DATASET] (476/2160) Loading video: DATASET/virus/p11_f_virus.mp4
[DATASET] (477/2160) Loading video: DATASET/virus/p4_c_virus.mp4
[DATASET] (478/2160) Loading video: DATASET/virus/p7_c_virus.mp4
[DATASET] (479/2160) Loading video: DATASET/virus/p1_c_virus.mp4
[DATASET] (480/2160) Loading video: DATASET/virus/p4_f_virus.mp4
[DATASET] (481/2160) Loading video: DATASET/baari/p1_f_baari.mp4
[DATASET] (482/2160) Loading video: DATASET/baari/p16_f_baari.mp4
[DATASET] (483/2160) Loading video: DATASET/baari/p8_c_baari.mp4
[DATASET] (484/2160) Loading video: DATASET/baari/p12_f_baari.mp4
[DATASET] (485/2160) Loading video: DATASET/baari/p1_c_baari.mp4
[DATASET] (486/2160) Loading video: DATASET/baari/p4_f_baari.mp4
[DATASET] (487/2160) Loading video: DATASET/baari/p15_c_baari.mp4
[DATASET] (488/2160) Loading video: DATASET/baari/p11_c_baari.mp4
[DATASET] (489/2160) Loading video: DATASET/baari/p14_c_baari.mp4
[DATASET] (490/2160) Loading video: DATASET/baari/p4_c_baari.mp4
[DATASET] (491/2160) Loading video: DATASET/baari/p15_f_baari.mp4
[DATASET] (492/2160) Loading video: DATASET/baari/p6_f_baari.mp4
[DATASET] (493/2160) Loading video: DATASET/baari/p16_c_baari.mp4
[DATASET] (494/2160) Loading video: DATASET/baari/p7_c_baari.mp4
[DATASET] (495/2160) Loading video: DATASET/baari/p8_f_baari.mp4
[DATASET] (496/2160) Loading video: DATASET/baari/p13_c_baari.mp4
[DATASET] (497/2160) Loading video: DATASET/baari/p11_f_baari.mp4
[DATASET] (498/2160) Loading video: DATASET/baari/p14_f_baari.mp4
[DATASET] (499/2160) Loading video: DATASET/baari/p13_f_baari.mp4
[DATASET] (500/2160) Loading video: DATASET/baari/p3_f_baari.mp4
[DATASET] (501/2160) Loading video: DATASET/baari/p2_f_baari.mp4
[DATASET] (502/2160) Loading video: DATASET/baari/p7_f_baari.mp4
[DATASET] (503/2160) Loading video: DATASET/baari/p6_c_baari.mp4
[DATASET] (504/2160) Loading video: DATASET/baari/p12_c_baari.mp4
[DATASET] (505/2160) Loading video: DATASET/plate/p6_f_plate.mp4
[DATASET] (506/2160) Loading video: DATASET/plate/p14_f_plate.mp4
[DATASET] (507/2160) Loading video: DATASET/plate/p13_c_plate.mp4
[DATASET] (508/2160) Loading video: DATASET/plate/p16_c_plate.mp4
[DATASET] (509/2160) Loading video: DATASET/plate/p1_f_plate.mp4
[DATASET] (510/2160) Loading video: DATASET/plate/p7_f_plate.mp4
[DATASET] (511/2160) Loading video: DATASET/plate/p1_c_plate.mp4
[DATASET] (512/2160) Loading video: DATASET/plate/p8_f_plate.mp4
[DATASET] (513/2160) Loading video: DATASET/plate/p16_f_plate.mp4
[DATASET] (514/2160) Loading video: DATASET/plate/p12_c_plate.mp4
[DATASET] (515/2160) Loading video: DATASET/plate/p3_f_plate.mp4
[DATASET] (516/2160) Loading video: DATASET/plate/p12_f_plate.mp4
[DATASET] (517/2160) Loading video: DATASET/plate/p15_c_plate.mp4
[DATASET] (518/2160) Loading video: DATASET/plate/p11_f_plate.mp4
[DATASET] (519/2160) Loading video: DATASET/plate/p11_c_plate.mp4
[DATASET] (520/2160) Loading video: DATASET/plate/p4_f_plate.mp4
[DATASET] (521/2160) Loading video: DATASET/plate/p8_c_plate.mp4
[DATASET] (522/2160) Loading video: DATASET/plate/p6_c_plate.mp4
[DATASET] (523/2160) Loading video: DATASET/plate/p2_f_plate.mp4
[DATASET] (524/2160) Loading video: DATASET/plate/p15_f_plate.mp4
[DATASET] (525/2160) Loading video: DATASET/plate/p13_f_plate.mp4
[DATASET] (526/2160) Loading video: DATASET/plate/p14_c_plate.mp4
[DATASET] (527/2160) Loading video: DATASET/plate/p7_c_plate.mp4
[DATASET] (528/2160) Loading video: DATASET/plate/p4_c_plate.mp4
[DATASET] (529/2160) Loading video: DATASET/chair/p7_c_chair.mp4
[DATASET] (530/2160) Loading video: DATASET/chair/p15_f_chair.mp4
[DATASET] (531/2160) Loading video: DATASET/chair/p12_c_chair.mp4
[DATASET] (532/2160) Loading video: DATASET/chair/p8_f_chair.mp4
[DATASET] (533/2160) Loading video: DATASET/chair/p1_c_chair.mp4
[DATASET] (534/2160) Loading video: DATASET/chair/p14_f_chair.mp4
[DATASET] (535/2160) Loading video: DATASET/chair/p7_f_chair.mp4
[DATASET] (536/2160) Loading video: DATASET/chair/p16_c_chair.mp4
[DATASET] (537/2160) Loading video: DATASET/chair/p6_c_chair.mp4
[DATASET] (538/2160) Loading video: DATASET/chair/p12_f_chair.mp4
[DATASET] (539/2160) Loading video: DATASET/chair/p13_f_chair.mp4
[DATASET] (540/2160) Loading video: DATASET/chair/p16_f_chair.mp4
[DATASET] (541/2160) Loading video: DATASET/chair/p14_c_chair.mp4
[DATASET] (542/2160) Loading video: DATASET/chair/p2_f_chair.mp4
[DATASET] (543/2160) Loading video: DATASET/chair/p4_c_chair.mp4
[DATASET] (544/2160) Loading video: DATASET/chair/p11_f_chair.mp4
[DATASET] (545/2160) Loading video: DATASET/chair/p4_f_chair.mp4
[DATASET] (546/2160) Loading video: DATASET/chair/p6_f_chair.mp4
[DATASET] (547/2160) Loading video: DATASET/chair/p11_c_chair.mp4
[DATASET] (548/2160) Loading video: DATASET/chair/p8_c_chair.mp4
[DATASET] (549/2160) Loading video: DATASET/chair/p13_c_chair.mp4
[DATASET] (550/2160) Loading video: DATASET/chair/p1_f_chair.mp4
[DATASET] (551/2160) Loading video: DATASET/chair/p3_f_chair.mp4
[DATASET] (552/2160) Loading video: DATASET/chair/p15_c_chair.mp4
[DATASET] (553/2160) Loading video: DATASET/protibondhi/p15_c_protibondhi.mp4
[DATASET] (554/2160) Loading video: DATASET/protibondhi/p13_c_protibondhi.mp4
[DATASET] (555/2160) Loading video: DATASET/protibondhi/p1_c_protibondhi.mp4
[DATASET] (556/2160) Loading video: DATASET/protibondhi/p4_f_protibondhi.mp4
[DATASET] (557/2160) Loading video: DATASET/protibondhi/p11_c_protibondhi.mp4
[DATASET] (558/2160) Loading video: DATASET/protibondhi/p13_f_protibondhi.mp4
[DATASET] (559/2160) Loading video: DATASET/protibondhi/p6_f_protibondhi.mp4
[DATASET] (560/2160) Loading video: DATASET/protibondhi/p11_f_protibondhi.mp4
[DATASET] (561/2160) Loading video: DATASET/protibondhi/p6_c_protibondhi.mp4
[DATASET] (562/2160) Loading video: DATASET/protibondhi/p8_c_protibondhi.mp4
[DATASET] (563/2160) Loading video: DATASET/protibondhi/p15_f_protibondhi.mp4
[DATASET] (564/2160) Loading video: DATASET/protibondhi/p1_f_protibondhi.mp4
[DATASET] (565/2160) Loading video: DATASET/protibondhi/p2_f_protibondhi.mp4
[DATASET] (566/2160) Loading video: DATASET/protibondhi/p8_f_protibondhi.mp4
[DATASET] (567/2160) Loading video: DATASET/protibondhi/p4_c_protibondhi.mp4
[DATASET] (568/2160) Loading video: DATASET/protibondhi/p12_f_protibondhi.mp4
[DATASET] (569/2160) Loading video: DATASET/protibondhi/p12_c_protibondhi.mp4
[DATASET] (570/2160) Loading video: DATASET/protibondhi/p14_f_protibondhi.mp4
[DATASET] (571/2160) Loading video: DATASET/protibondhi/p7_f_protibondhi.mp4
[DATASET] (572/2160) Loading video: DATASET/protibondhi/p16_c_protibondhi.mp4
[DATASET] (573/2160) Loading video: DATASET/protibondhi/p14_c_protibondhi.mp4
[DATASET] (574/2160) Loading video: DATASET/protibondhi/p7_c_protibondhi.mp4
[DATASET] (575/2160) Loading video: DATASET/protibondhi/p3_f_protibondhi.mp4
[DATASET] (576/2160) Loading video: DATASET/protibondhi/p16_f_protibondhi.mp4
[DATASET] (577/2160) Loading video: DATASET/boi/p13_f_boi.mp4
[DATASET] (578/2160) Loading video: DATASET/boi/p14_c_boi.mp4
[DATASET] (579/2160) Loading video: DATASET/boi/p12_c_boi.mp4
[DATASET] (580/2160) Loading video: DATASET/boi/p4_f_boi.mp4
[DATASET] (581/2160) Loading video: DATASET/boi/p13_c_boi.mp4
[DATASET] (582/2160) Loading video: DATASET/boi/p2_f_boi.mp4
[DATASET] (583/2160) Loading video: DATASET/boi/p7_c_boi.mp4
[DATASET] (584/2160) Loading video: DATASET/boi/p6_c_boi.mp4
[DATASET] (585/2160) Loading video: DATASET/boi/p8_c_boi.mp4
[DATASET] (586/2160) Loading video: DATASET/boi/p15_f_boi.mp4
[DATASET] (587/2160) Loading video: DATASET/boi/p11_c_boi.mp4
[DATASET] (588/2160) Loading video: DATASET/boi/p1_f_boi.mp4
[DATASET] (589/2160) Loading video: DATASET/boi/p7_f_boi.mp4
[DATASET] (590/2160) Loading video: DATASET/boi/p16_c_boi.mp4
[DATASET] (591/2160) Loading video: DATASET/boi/p11_f_boi.mp4
[DATASET] (592/2160) Loading video: DATASET/boi/p4_c_boi.mp4
[DATASET] (593/2160) Loading video: DATASET/boi/p1_c_boi.mp4
[DATASET] (594/2160) Loading video: DATASET/boi/p15_c_boi.mp4
[DATASET] (595/2160) Loading video: DATASET/boi/p3_f_boi.mp4
[DATASET] (596/2160) Loading video: DATASET/boi/p8_f_boi.mp4
[DATASET] (597/2160) Loading video: DATASET/boi/p16_f_boi.mp4
[DATASET] (598/2160) Loading video: DATASET/boi/p14_f_boi.mp4
[DATASET] (599/2160) Loading video: DATASET/boi/p12_f_boi.mp4
[DATASET] (600/2160) Loading video: DATASET/boi/p6_f_boi.mp4
[DATASET] (601/2160) Loading video: DATASET/chosma/p4_c_chosma.mp4
[DATASET] (602/2160) Loading video: DATASET/chosma/p11_c_chosma.mp4
[DATASET] (603/2160) Loading video: DATASET/chosma/p7_f_chosma.mp4
[DATASET] (604/2160) Loading video: DATASET/chosma/p6_f_chosma.mp4
[DATASET] (605/2160) Loading video: DATASET/chosma/p15_c_chosma.mp4
[DATASET] (606/2160) Loading video: DATASET/chosma/p14_f_chosma.mp4
[DATASET] (607/2160) Loading video: DATASET/chosma/p11_f_chosma.mp4
[DATASET] (608/2160) Loading video: DATASET/chosma/p3_f_chosma.mp4
[DATASET] (609/2160) Loading video: DATASET/chosma/p6_c_chosma.mp4
[DATASET] (610/2160) Loading video: DATASET/chosma/p13_c_chosma.mp4
[DATASET] (611/2160) Loading video: DATASET/chosma/p16_f_chosma.mp4
[DATASET] (612/2160) Loading video: DATASET/chosma/p4_f_chosma.mp4
[DATASET] (613/2160) Loading video: DATASET/chosma/p14_c_chosma.mp4
[DATASET] (614/2160) Loading video: DATASET/chosma/p12_f_chosma.mp4
[DATASET] (615/2160) Loading video: DATASET/chosma/p7_c_chosma.mp4
[DATASET] (616/2160) Loading video: DATASET/chosma/p13_f_chosma.mp4
[DATASET] (617/2160) Loading video: DATASET/chosma/p1_f_chosma.mp4
[DATASET] (618/2160) Loading video: DATASET/chosma/p2_f_chosma.mp4
[DATASET] (619/2160) Loading video: DATASET/chosma/p12_c_chosma.mp4
[DATASET] (620/2160) Loading video: DATASET/chosma/p8_f_chosma.mp4
[DATASET] (621/2160) Loading video: DATASET/chosma/p1_c_chosma.mp4
[DATASET] (622/2160) Loading video: DATASET/chosma/p8_c_chosma.mp4
[DATASET] (623/2160) Loading video: DATASET/chosma/p16_c_chosma.mp4
[DATASET] (624/2160) Loading video: DATASET/chosma/p15_f_chosma.mp4
[DATASET] (625/2160) Loading video: DATASET/goru/p16_c_goru.mp4
[DATASET] (626/2160) Loading video: DATASET/goru/p11_f_goru.mp4
[DATASET] (627/2160) Loading video: DATASET/goru/p16_f_goru.mp4
[DATASET] (628/2160) Loading video: DATASET/goru/p8_f_goru.mp4
[DATASET] (629/2160) Loading video: DATASET/goru/p13_c_goru.mp4
[DATASET] (630/2160) Loading video: DATASET/goru/p3_f_goru.mp4
[DATASET] (631/2160) Loading video: DATASET/goru/p1_c_goru.mp4
[DATASET] (632/2160) Loading video: DATASET/goru/p15_c_goru.mp4
[DATASET] (633/2160) Loading video: DATASET/goru/p6_c_goru.mp4
[DATASET] (634/2160) Loading video: DATASET/goru/p12_c_goru.mp4
[DATASET] (635/2160) Loading video: DATASET/goru/p15_f_goru.mp4
[DATASET] (636/2160) Loading video: DATASET/goru/p12_f_goru.mp4
[DATASET] (637/2160) Loading video: DATASET/goru/p7_c_goru.mp4
[DATASET] (638/2160) Loading video: DATASET/goru/p1_f_goru.mp4
[DATASET] (639/2160) Loading video: DATASET/goru/p8_c_goru.mp4
[DATASET] (640/2160) Loading video: DATASET/goru/p7_f_goru.mp4
[DATASET] (641/2160) Loading video: DATASET/goru/p11_c_goru.mp4
[DATASET] (642/2160) Loading video: DATASET/goru/p6_f_goru.mp4
[DATASET] (643/2160) Loading video: DATASET/goru/p14_f_goru.mp4
[DATASET] (644/2160) Loading video: DATASET/goru/p13_f_goru.mp4
[DATASET] (645/2160) Loading video: DATASET/goru/p4_c_goru.mp4
[DATASET] (646/2160) Loading video: DATASET/goru/p14_c_goru.mp4
[DATASET] (647/2160) Loading video: DATASET/goru/p4_f_goru.mp4
[DATASET] (648/2160) Loading video: DATASET/goru/p2_f_goru.mp4
[DATASET] (649/2160) Loading video: DATASET/durbol/p15_f_durbol.mp4
[DATASET] (650/2160) Loading video: DATASET/durbol/p8_f_durbol.mp4
[DATASET] (651/2160) Loading video: DATASET/durbol/p7_c_durbol.mp4
[DATASET] (652/2160) Loading video: DATASET/durbol/p16_c_durbol.mp4
[DATASET] (653/2160) Loading video: DATASET/durbol/p15_c_durbol.mp4
[DATASET] (654/2160) Loading video: DATASET/durbol/p4_c_durbol.mp4
[DATASET] (655/2160) Loading video: DATASET/durbol/p8_c_durbol.mp4
[DATASET] (656/2160) Loading video: DATASET/durbol/p2_f_durbol.mp4
[DATASET] (657/2160) Loading video: DATASET/durbol/p6_c_durbol.mp4
[DATASET] (658/2160) Loading video: DATASET/durbol/p1_c_durbol.mp4
[DATASET] (659/2160) Loading video: DATASET/durbol/p12_f_durbol.mp4
[DATASET] (660/2160) Loading video: DATASET/durbol/p11_f_durbol.mp4
[DATASET] (661/2160) Loading video: DATASET/durbol/p14_c_durbol.mp4
[DATASET] (662/2160) Loading video: DATASET/durbol/p12_c_durbol.mp4
[DATASET] (663/2160) Loading video: DATASET/durbol/p16_f_durbol.mp4
[DATASET] (664/2160) Loading video: DATASET/durbol/p13_f_durbol.mp4
[DATASET] (665/2160) Loading video: DATASET/durbol/p11_c_durbol.mp4
[DATASET] (666/2160) Loading video: DATASET/durbol/p13_c_durbol.mp4
[DATASET] (667/2160) Loading video: DATASET/durbol/p6_f_durbol.mp4
[DATASET] (668/2160) Loading video: DATASET/durbol/p7_f_durbol.mp4
[DATASET] (669/2160) Loading video: DATASET/durbol/p1_f_durbol.mp4
[DATASET] (670/2160) Loading video: DATASET/durbol/p3_f_durbol.mp4
[DATASET] (671/2160) Loading video: DATASET/durbol/p14_f_durbol.mp4
[DATASET] (672/2160) Loading video: DATASET/durbol/p4_f_durbol.mp4
[DATASET] (673/2160) Loading video: DATASET/plastic/p2_f_plastic.mp4
[DATASET] (674/2160) Loading video: DATASET/plastic/p4_f_plastic.mp4
[DATASET] (675/2160) Loading video: DATASET/plastic/p6_f_plastic.mp4
[DATASET] (676/2160) Loading video: DATASET/plastic/p7_c_plastic.mp4
[DATASET] (677/2160) Loading video: DATASET/plastic/p6_c_plastic.mp4
[DATASET] (678/2160) Loading video: DATASET/plastic/p8_f_plastic.mp4
[DATASET] (679/2160) Loading video: DATASET/plastic/p11_c_plastic.mp4
[DATASET] (680/2160) Loading video: DATASET/plastic/p14_c_plastic.mp4
[DATASET] (681/2160) Loading video: DATASET/plastic/p16_c_plastic.mp4
[DATASET] (682/2160) Loading video: DATASET/plastic/p13_c_plastic.mp4
[DATASET] (683/2160) Loading video: DATASET/plastic/p12_f_plastic.mp4
[DATASET] (684/2160) Loading video: DATASET/plastic/p8_c_plastic.mp4
[DATASET] (685/2160) Loading video: DATASET/plastic/p1_f_plastic.mp4
[DATASET] (686/2160) Loading video: DATASET/plastic/p4_c_plastic.mp4
[DATASET] (687/2160) Loading video: DATASET/plastic/p11_f_plastic.mp4
[DATASET] (688/2160) Loading video: DATASET/plastic/p15_f_plastic.mp4
[DATASET] (689/2160) Loading video: DATASET/plastic/p3_f_plastic.mp4
[DATASET] (690/2160) Loading video: DATASET/plastic/p7_f_plastic.mp4
[DATASET] (691/2160) Loading video: DATASET/plastic/p13_f_plastic.mp4
[DATASET] (692/2160) Loading video: DATASET/plastic/p12_c_plastic.mp4
[DATASET] (693/2160) Loading video: DATASET/plastic/p15_c_plastic.mp4
[DATASET] (694/2160) Loading video: DATASET/plastic/p1_c_plastic.mp4
[DATASET] (695/2160) Loading video: DATASET/plastic/p14_f_plastic.mp4
[DATASET] (696/2160) Loading video: DATASET/plastic/p16_f_plastic.mp4
[DATASET] (697/2160) Loading video: DATASET/hospital/p1_f_hospital.mp4
[DATASET] (698/2160) Loading video: DATASET/hospital/p3_f_hospital.mp4
[DATASET] (699/2160) Loading video: DATASET/hospital/p2_f_hospital.mp4
[DATASET] (700/2160) Loading video: DATASET/hospital/p14_f_hospital.mp4
[DATASET] (701/2160) Loading video: DATASET/hospital/p15_c_hospital.mp4
[DATASET] (702/2160) Loading video: DATASET/hospital/p12_c_hospital.mp4
[DATASET] (703/2160) Loading video: DATASET/hospital/p7_c_hospital.mp4
[DATASET] (704/2160) Loading video: DATASET/hospital/p16_f_hospital.mp4
[DATASET] (705/2160) Loading video: DATASET/hospital/p12_f_hospital.mp4
[DATASET] (706/2160) Loading video: DATASET/hospital/p13_f_hospital.mp4
[DATASET] (707/2160) Loading video: DATASET/hospital/p8_c_hospital.mp4
[DATASET] (708/2160) Loading video: DATASET/hospital/p4_c_hospital.mp4
[DATASET] (709/2160) Loading video: DATASET/hospital/p11_f_hospital.mp4
[DATASET] (710/2160) Loading video: DATASET/hospital/p8_f_hospital.mp4
[DATASET] (711/2160) Loading video: DATASET/hospital/p11_c_hospital.mp4
[DATASET] (712/2160) Loading video: DATASET/hospital/p13_c_hospital.mp4
[DATASET] (713/2160) Loading video: DATASET/hospital/p4_f_hospital.mp4
[DATASET] (714/2160) Loading video: DATASET/hospital/p14_c_hospital.mp4
[DATASET] (715/2160) Loading video: DATASET/hospital/p15_f_hospital.mp4
[DATASET] (716/2160) Loading video: DATASET/hospital/p6_c_hospital.mp4
[DATASET] (717/2160) Loading video: DATASET/hospital/p6_f_hospital.mp4
[DATASET] (718/2160) Loading video: DATASET/hospital/p7_f_hospital.mp4
[DATASET] (719/2160) Loading video: DATASET/hospital/p16_c_hospital.mp4
[DATASET] (720/2160) Loading video: DATASET/hospital/p1_c_hospital.mp4
[DATASET] (721/2160) Loading video: DATASET/pora/p7_c_pora.mp4
[DATASET] (722/2160) Loading video: DATASET/pora/p16_c_pora.mp4
[DATASET] (723/2160) Loading video: DATASET/pora/p14_c_pora.mp4
[DATASET] (724/2160) Loading video: DATASET/pora/p3_f_pora.mp4
[DATASET] (725/2160) Loading video: DATASET/pora/p4_f_pora.mp4
[DATASET] (726/2160) Loading video: DATASET/pora/p7_f_pora.mp4
[DATASET] (727/2160) Loading video: DATASET/pora/p13_c_pora.mp4
[DATASET] (728/2160) Loading video: DATASET/pora/p8_c_pora.mp4
[DATASET] (729/2160) Loading video: DATASET/pora/p14_f_pora.mp4
[DATASET] (730/2160) Loading video: DATASET/pora/p12_c_pora.mp4
[DATASET] (731/2160) Loading video: DATASET/pora/p13_f_pora.mp4
[DATASET] (732/2160) Loading video: DATASET/pora/p8_f_pora.mp4
[DATASET] (733/2160) Loading video: DATASET/pora/p15_f_pora.mp4
[DATASET] (734/2160) Loading video: DATASET/pora/p12_f_pora.mp4
[DATASET] (735/2160) Loading video: DATASET/pora/p4_c_pora.mp4
[DATASET] (736/2160) Loading video: DATASET/pora/p11_f_pora.mp4
[DATASET] (737/2160) Loading video: DATASET/pora/p6_c_pora.mp4
[DATASET] (738/2160) Loading video: DATASET/pora/p2_f_pora.mp4
[DATASET] (739/2160) Loading video: DATASET/pora/p15_c_pora.mp4
[DATASET] (740/2160) Loading video: DATASET/pora/p1_f_pora.mp4
[DATASET] (741/2160) Loading video: DATASET/pora/p16_f_pora.mp4
[DATASET] (742/2160) Loading video: DATASET/pora/p1_c_pora.mp4
[DATASET] (743/2160) Loading video: DATASET/pora/p6_f_pora.mp4
[DATASET] (744/2160) Loading video: DATASET/pora/p11_c_pora.mp4
[DATASET] (745/2160) Loading video: DATASET/lekha/p14_f_lekha.mp4
[DATASET] (746/2160) Loading video: DATASET/lekha/p13_c_lekha.mp4
[DATASET] (747/2160) Loading video: DATASET/lekha/p4_f_lekha.mp4
[DATASET] (748/2160) Loading video: DATASET/lekha/p15_f_lekha.mp4
[DATASET] (749/2160) Loading video: DATASET/lekha/p1_f_lekha.mp4
[DATASET] (750/2160) Loading video: DATASET/lekha/p16_c_lekha.mp4
[DATASET] (751/2160) Loading video: DATASET/lekha/p3_f_lekha.mp4
[DATASET] (752/2160) Loading video: DATASET/lekha/p7_f_lekha.mp4
[DATASET] (753/2160) Loading video: DATASET/lekha/p7_c_lekha.mp4
[DATASET] (754/2160) Loading video: DATASET/lekha/p8_f_lekha.mp4
[DATASET] (755/2160) Loading video: DATASET/lekha/p4_c_lekha.mp4
[DATASET] (756/2160) Loading video: DATASET/lekha/p6_c_lekha.mp4
[DATASET] (757/2160) Loading video: DATASET/lekha/p16_f_lekha.mp4
[DATASET] (758/2160) Loading video: DATASET/lekha/p12_f_lekha.mp4
[DATASET] (759/2160) Loading video: DATASET/lekha/p12_c_lekha.mp4
[DATASET] (760/2160) Loading video: DATASET/lekha/p14_c_lekha.mp4
[DATASET] (761/2160) Loading video: DATASET/lekha/p1_c_lekha.mp4
[DATASET] (762/2160) Loading video: DATASET/lekha/p15_c_lekha.mp4
[DATASET] (763/2160) Loading video: DATASET/lekha/p11_f_lekha.mp4
[DATASET] (764/2160) Loading video: DATASET/lekha/p2_f_lekha.mp4
[DATASET] (765/2160) Loading video: DATASET/lekha/p11_c_lekha.mp4
[DATASET] (766/2160) Loading video: DATASET/lekha/p13_f_lekha.mp4
[DATASET] (767/2160) Loading video: DATASET/lekha/p6_f_lekha.mp4
[DATASET] (768/2160) Loading video: DATASET/lekha/p8_c_lekha.mp4
[DATASET] (769/2160) Loading video: DATASET/sotto/p8_f_sotto.mp4
[DATASET] (770/2160) Loading video: DATASET/sotto/p15_c_sotto.mp4
[DATASET] (771/2160) Loading video: DATASET/sotto/p7_c_sotto.mp4
[DATASET] (772/2160) Loading video: DATASET/sotto/p14_c_sotto.mp4
[DATASET] (773/2160) Loading video: DATASET/sotto/p16_f_sotto.mp4
[DATASET] (774/2160) Loading video: DATASET/sotto/p11_c_sotto.mp4
[DATASET] (775/2160) Loading video: DATASET/sotto/p8_c_sotto.mp4
[DATASET] (776/2160) Loading video: DATASET/sotto/p1_f_sotto.mp4
[DATASET] (777/2160) Loading video: DATASET/sotto/p13_f_sotto.mp4
[DATASET] (778/2160) Loading video: DATASET/sotto/p2_f_sotto.mp4
[DATASET] (779/2160) Loading video: DATASET/sotto/p6_f_sotto.mp4
[DATASET] (780/2160) Loading video: DATASET/sotto/p4_f_sotto.mp4
[DATASET] (781/2160) Loading video: DATASET/sotto/p15_f_sotto.mp4
[DATASET] (782/2160) Loading video: DATASET/sotto/p1_c_sotto.mp4
[DATASET] (783/2160) Loading video: DATASET/sotto/p13_c_sotto.mp4
[DATASET] (784/2160) Loading video: DATASET/sotto/p11_f_sotto.mp4
[DATASET] (785/2160) Loading video: DATASET/sotto/p7_f_sotto.mp4
[DATASET] (786/2160) Loading video: DATASET/sotto/p14_f_sotto.mp4
[DATASET] (787/2160) Loading video: DATASET/sotto/p16_c_sotto.mp4
[DATASET] (788/2160) Loading video: DATASET/sotto/p6_c_sotto.mp4
[DATASET] (789/2160) Loading video: DATASET/sotto/p12_c_sotto.mp4
[DATASET] (790/2160) Loading video: DATASET/sotto/p3_f_sotto.mp4
[DATASET] (791/2160) Loading video: DATASET/sotto/p4_c_sotto.mp4
[DATASET] (792/2160) Loading video: DATASET/sotto/p12_f_sotto.mp4
[DATASET] (793/2160) Loading video: DATASET/doctor/p1_c_doctor.mp4
[DATASET] (794/2160) Loading video: DATASET/doctor/p4_f_doctor.mp4
[DATASET] (795/2160) Loading video: DATASET/doctor/p6_c_doctor.mp4
[DATASET] (796/2160) Loading video: DATASET/doctor/p13_f_doctor.mp4
[DATASET] (797/2160) Loading video: DATASET/doctor/p12_c_doctor.mp4
[DATASET] (798/2160) Loading video: DATASET/doctor/p15_c_doctor.mp4
[DATASET] (799/2160) Loading video: DATASET/doctor/p12_f_doctor.mp4
[DATASET] (800/2160) Loading video: DATASET/doctor/p7_c_doctor.mp4
[DATASET] (801/2160) Loading video: DATASET/doctor/p16_c_doctor.mp4
[DATASET] (802/2160) Loading video: DATASET/doctor/p7_f_doctor.mp4
[DATASET] (803/2160) Loading video: DATASET/doctor/p4_c_doctor.mp4
[DATASET] (804/2160) Loading video: DATASET/doctor/p3_f_doctor.mp4
[DATASET] (805/2160) Loading video: DATASET/doctor/p1_f_doctor.mp4
[DATASET] (806/2160) Loading video: DATASET/doctor/p8_c_doctor.mp4
[DATASET] (807/2160) Loading video: DATASET/doctor/p13_c_doctor.mp4
[DATASET] (808/2160) Loading video: DATASET/doctor/p15_f_doctor.mp4
[DATASET] (809/2160) Loading video: DATASET/doctor/p2_f_doctor.mp4
[DATASET] (810/2160) Loading video: DATASET/doctor/p11_f_doctor.mp4
[DATASET] (811/2160) Loading video: DATASET/doctor/p6_f_doctor.mp4
[DATASET] (812/2160) Loading video: DATASET/doctor/p14_c_doctor.mp4
[DATASET] (813/2160) Loading video: DATASET/doctor/p16_f_doctor.mp4
[DATASET] (814/2160) Loading video: DATASET/doctor/p8_f_doctor.mp4
[DATASET] (815/2160) Loading video: DATASET/doctor/p14_f_doctor.mp4
[DATASET] (816/2160) Loading video: DATASET/doctor/p11_c_doctor.mp4
[DATASET] (817/2160) Loading video: DATASET/agun/p8_c_agun.mp4
[DATASET] (818/2160) Loading video: DATASET/agun/p7_c_agun.mp4
[DATASET] (819/2160) Loading video: DATASET/agun/p12_f_agun.mp4
[DATASET] (820/2160) Loading video: DATASET/agun/p12_c_agun.mp4
[DATASET] (821/2160) Loading video: DATASET/agun/p6_c_agun.mp4
[DATASET] (822/2160) Loading video: DATASET/agun/p13_f_agun.mp4
[DATASET] (823/2160) Loading video: DATASET/agun/p14_c_agun.mp4
[DATASET] (824/2160) Loading video: DATASET/agun/p4_f_agun.mp4
[DATASET] (825/2160) Loading video: DATASET/agun/p15_f_agun.mp4
[DATASET] (826/2160) Loading video: DATASET/agun/p11_f_agun.mp4
[DATASET] (827/2160) Loading video: DATASET/agun/p1_c_agun.mp4
[DATASET] (828/2160) Loading video: DATASET/agun/p6_f_agun.mp4
[DATASET] (829/2160) Loading video: DATASET/agun/p3_f_agun.mp4
[DATASET] (830/2160) Loading video: DATASET/agun/p15_c_agun.mp4
[DATASET] (831/2160) Loading video: DATASET/agun/p14_f_agun.mp4
[DATASET] (832/2160) Loading video: DATASET/agun/p8_f_agun.mp4
[DATASET] (833/2160) Loading video: DATASET/agun/p11_c_agun.mp4
[DATASET] (834/2160) Loading video: DATASET/agun/p4_c_agun.mp4
[DATASET] (835/2160) Loading video: DATASET/agun/p13_c_agun.mp4
[DATASET] (836/2160) Loading video: DATASET/agun/p2_f_agun.mp4
[DATASET] (837/2160) Loading video: DATASET/agun/p16_f_agun.mp4
[DATASET] (838/2160) Loading video: DATASET/agun/p16_c_agun.mp4
[DATASET] (839/2160) Loading video: DATASET/agun/p1_f_agun.mp4
[DATASET] (840/2160) Loading video: DATASET/agun/p7_f_agun.mp4
[DATASET] (841/2160) Loading video: DATASET/football/p15_c_football.mp4
[DATASET] (842/2160) Loading video: DATASET/football/p14_c_football.mp4
[DATASET] (843/2160) Loading video: DATASET/football/p6_c_football.mp4
[DATASET] (844/2160) Loading video: DATASET/football/p15_f_football.mp4
[DATASET] (845/2160) Loading video: DATASET/football/p1_f_football.mp4
[DATASET] (846/2160) Loading video: DATASET/football/p8_c_football.mp4
[DATASET] (847/2160) Loading video: DATASET/football/p11_f_football.mp4
[DATASET] (848/2160) Loading video: DATASET/football/p13_c_football.mp4
[DATASET] (849/2160) Loading video: DATASET/football/p12_c_football.mp4
[DATASET] (850/2160) Loading video: DATASET/football/p7_f_football.mp4
[DATASET] (851/2160) Loading video: DATASET/football/p2_f_football.mp4
[DATASET] (852/2160) Loading video: DATASET/football/p16_f_football.mp4
[DATASET] (853/2160) Loading video: DATASET/football/p4_f_football.mp4
[DATASET] (854/2160) Loading video: DATASET/football/p6_f_football.mp4
[DATASET] (855/2160) Loading video: DATASET/football/p3_f_football.mp4
[DATASET] (856/2160) Loading video: DATASET/football/p8_f_football.mp4
[DATASET] (857/2160) Loading video: DATASET/football/p4_c_football.mp4
[DATASET] (858/2160) Loading video: DATASET/football/p12_f_football.mp4
[DATASET] (859/2160) Loading video: DATASET/football/p1_c_football.mp4
[DATASET] (860/2160) Loading video: DATASET/football/p14_f_football.mp4
[DATASET] (861/2160) Loading video: DATASET/football/p11_c_football.mp4
[DATASET] (862/2160) Loading video: DATASET/football/p13_f_football.mp4
[DATASET] (863/2160) Loading video: DATASET/football/p16_c_football.mp4
[DATASET] (864/2160) Loading video: DATASET/football/p7_c_football.mp4
[DATASET] (865/2160) Loading video: DATASET/kintu/p13_c_kintu.mp4
[DATASET] (866/2160) Loading video: DATASET/kintu/p14_f_kintu.mp4
[DATASET] (867/2160) Loading video: DATASET/kintu/p4_c_kintu.mp4
[DATASET] (868/2160) Loading video: DATASET/kintu/p11_f_kintu.mp4
[DATASET] (869/2160) Loading video: DATASET/kintu/p1_f_kintu.mp4
[DATASET] (870/2160) Loading video: DATASET/kintu/p7_c_kintu.mp4
[DATASET] (871/2160) Loading video: DATASET/kintu/p6_c_kintu.mp4
[DATASET] (872/2160) Loading video: DATASET/kintu/p16_f_kintu.mp4
[DATASET] (873/2160) Loading video: DATASET/kintu/p16_c_kintu.mp4
[DATASET] (874/2160) Loading video: DATASET/kintu/p2_f_kintu.mp4
[DATASET] (875/2160) Loading video: DATASET/kintu/p15_f_kintu.mp4
[DATASET] (876/2160) Loading video: DATASET/kintu/p15_c_kintu.mp4
[DATASET] (877/2160) Loading video: DATASET/kintu/p3_f_kintu.mp4
[DATASET] (878/2160) Loading video: DATASET/kintu/p8_f_kintu.mp4
[DATASET] (879/2160) Loading video: DATASET/kintu/p12_c_kintu.mp4
[DATASET] (880/2160) Loading video: DATASET/kintu/p1_c_kintu.mp4
[DATASET] (881/2160) Loading video: DATASET/kintu/p4_f_kintu.mp4
[DATASET] (882/2160) Loading video: DATASET/kintu/p12_f_kintu.mp4
[DATASET] (883/2160) Loading video: DATASET/kintu/p6_f_kintu.mp4
[DATASET] (884/2160) Loading video: DATASET/kintu/p11_c_kintu.mp4
[DATASET] (885/2160) Loading video: DATASET/kintu/p13_f_kintu.mp4
[DATASET] (886/2160) Loading video: DATASET/kintu/p8_c_kintu.mp4
[DATASET] (887/2160) Loading video: DATASET/kintu/p14_c_kintu.mp4
[DATASET] (888/2160) Loading video: DATASET/kintu/p7_f_kintu.mp4
[DATASET] (889/2160) Loading video: DATASET/bagan/p7_c_bagan.mp4
[DATASET] (890/2160) Loading video: DATASET/bagan/p1_f_bagan.mp4
[DATASET] (891/2160) Loading video: DATASET/bagan/p12_f_bagan.mp4
[DATASET] (892/2160) Loading video: DATASET/bagan/p6_f_bagan.mp4
[DATASET] (893/2160) Loading video: DATASET/bagan/p6_c_bagan.mp4
[DATASET] (894/2160) Loading video: DATASET/bagan/p13_c_bagan.mp4
[DATASET] (895/2160) Loading video: DATASET/bagan/p15_c_bagan.mp4
[DATASET] (896/2160) Loading video: DATASET/bagan/p1_c_bagan.mp4
[DATASET] (897/2160) Loading video: DATASET/bagan/p14_c_bagan.mp4
[DATASET] (898/2160) Loading video: DATASET/bagan/p3_f_bagan.mp4
[DATASET] (899/2160) Loading video: DATASET/bagan/p15_f_bagan.mp4
[DATASET] (900/2160) Loading video: DATASET/bagan/p8_f_bagan.mp4
[DATASET] (901/2160) Loading video: DATASET/bagan/p8_c_bagan.mp4
[DATASET] (902/2160) Loading video: DATASET/bagan/p16_c_bagan.mp4
[DATASET] (903/2160) Loading video: DATASET/bagan/p4_c_bagan.mp4
[DATASET] (904/2160) Loading video: DATASET/bagan/p2_f_bagan.mp4
[DATASET] (905/2160) Loading video: DATASET/bagan/p4_f_bagan.mp4
[DATASET] (906/2160) Loading video: DATASET/bagan/p13_f_bagan.mp4
[DATASET] (907/2160) Loading video: DATASET/bagan/p11_c_bagan.mp4
[DATASET] (908/2160) Loading video: DATASET/bagan/p12_c_bagan.mp4
[DATASET] (909/2160) Loading video: DATASET/bagan/p16_f_bagan.mp4
[DATASET] (910/2160) Loading video: DATASET/bagan/p11_f_bagan.mp4
[DATASET] (911/2160) Loading video: DATASET/bagan/p7_f_bagan.mp4
[DATASET] (912/2160) Loading video: DATASET/bagan/p14_f_bagan.mp4
[DATASET] (913/2160) Loading video: DATASET/aangti/p16_c_aangti.mp4
[DATASET] (914/2160) Loading video: DATASET/aangti/p8_f_aangti.mp4
[DATASET] (915/2160) Loading video: DATASET/aangti/p15_f_aangti.mp4
[DATASET] (916/2160) Loading video: DATASET/aangti/p2_f_aangti.mp4
[DATASET] (917/2160) Loading video: DATASET/aangti/p1_c_aangti.mp4
[DATASET] (918/2160) Loading video: DATASET/aangti/p13_f_aangti.mp4
[DATASET] (919/2160) Loading video: DATASET/aangti/p7_f_aangti.mp4
[DATASET] (920/2160) Loading video: DATASET/aangti/p13_c_aangti.mp4
[DATASET] (921/2160) Loading video: DATASET/aangti/p15_c_aangti.mp4
[DATASET] (922/2160) Loading video: DATASET/aangti/p6_f_aangti.mp4
[DATASET] (923/2160) Loading video: DATASET/aangti/p4_f_aangti.mp4
[DATASET] (924/2160) Loading video: DATASET/aangti/p7_c_aangti.mp4
[DATASET] (925/2160) Loading video: DATASET/aangti/p6_c_aangti.mp4
[DATASET] (926/2160) Loading video: DATASET/aangti/p12_c_aangti.mp4
[DATASET] (927/2160) Loading video: DATASET/aangti/p8_c_aangti.mp4
[DATASET] (928/2160) Loading video: DATASET/aangti/p14_c_aangti.mp4
[DATASET] (929/2160) Loading video: DATASET/aangti/p11_c_aangti.mp4
[DATASET] (930/2160) Loading video: DATASET/aangti/p3_f_aangti.mp4
[DATASET] (931/2160) Loading video: DATASET/aangti/p1_f_aangti.mp4
[DATASET] (932/2160) Loading video: DATASET/aangti/p4_c_aangti.mp4
[DATASET] (933/2160) Loading video: DATASET/aangti/p12_f_aangti.mp4
[DATASET] (934/2160) Loading video: DATASET/aangti/p14_f_aangti.mp4
[DATASET] (935/2160) Loading video: DATASET/aangti/p16_f_aangti.mp4
[DATASET] (936/2160) Loading video: DATASET/aangti/p11_f_aangti.mp4
[DATASET] (937/2160) Loading video: DATASET/chata/p11_f_chata.mp4
[DATASET] (938/2160) Loading video: DATASET/chata/p6_f_chata.mp4
[DATASET] (939/2160) Loading video: DATASET/chata/p14_f_chata.mp4
[DATASET] (940/2160) Loading video: DATASET/chata/p15_c_chata.mp4
[DATASET] (941/2160) Loading video: DATASET/chata/p4_f_chata.mp4
[DATASET] (942/2160) Loading video: DATASET/chata/p15_f_chata.mp4
[DATASET] (943/2160) Loading video: DATASET/chata/p8_c_chata.mp4
[DATASET] (944/2160) Loading video: DATASET/chata/p11_c_chata.mp4
[DATASET] (945/2160) Loading video: DATASET/chata/p14_c_chata.mp4
[DATASET] (946/2160) Loading video: DATASET/chata/p3_f_chata.mp4
[DATASET] (947/2160) Loading video: DATASET/chata/p2_f_chata.mp4
[DATASET] (948/2160) Loading video: DATASET/chata/p1_f_chata.mp4
[DATASET] (949/2160) Loading video: DATASET/chata/p4_c_chata.mp4
[DATASET] (950/2160) Loading video: DATASET/chata/p12_f_chata.mp4
[DATASET] (951/2160) Loading video: DATASET/chata/p16_f_chata.mp4
[DATASET] (952/2160) Loading video: DATASET/chata/p6_c_chata.mp4
[DATASET] (953/2160) Loading video: DATASET/chata/p7_f_chata.mp4
[DATASET] (954/2160) Loading video: DATASET/chata/p13_f_chata.mp4
[DATASET] (955/2160) Loading video: DATASET/chata/p8_f_chata.mp4
[DATASET] (956/2160) Loading video: DATASET/chata/p1_c_chata.mp4
[DATASET] (957/2160) Loading video: DATASET/chata/p13_c_chata.mp4
[DATASET] (958/2160) Loading video: DATASET/chata/p7_c_chata.mp4
[DATASET] (959/2160) Loading video: DATASET/chata/p12_c_chata.mp4
[DATASET] (960/2160) Loading video: DATASET/chata/p16_c_chata.mp4
[DATASET] (961/2160) Loading video: DATASET/prosno/p12_f_prosno.mp4
[DATASET] (962/2160) Loading video: DATASET/prosno/p8_f_prosno.mp4
[DATASET] (963/2160) Loading video: DATASET/prosno/p3_f_prosno.mp4
[DATASET] (964/2160) Loading video: DATASET/prosno/p13_c_prosno.mp4
[DATASET] (965/2160) Loading video: DATASET/prosno/p7_c_prosno.mp4
[DATASET] (966/2160) Loading video: DATASET/prosno/p2_f_prosno.mp4
[DATASET] (967/2160) Loading video: DATASET/prosno/p11_c_prosno.mp4
[DATASET] (968/2160) Loading video: DATASET/prosno/p16_c_prosno.mp4
[DATASET] (969/2160) Loading video: DATASET/prosno/p15_c_prosno.mp4
[DATASET] (970/2160) Loading video: DATASET/prosno/p7_f_prosno.mp4
[DATASET] (971/2160) Loading video: DATASET/prosno/p6_f_prosno.mp4
[DATASET] (972/2160) Loading video: DATASET/prosno/p14_c_prosno.mp4
[DATASET] (973/2160) Loading video: DATASET/prosno/p15_f_prosno.mp4
[DATASET] (974/2160) Loading video: DATASET/prosno/p4_f_prosno.mp4
[DATASET] (975/2160) Loading video: DATASET/prosno/p1_c_prosno.mp4
[DATASET] (976/2160) Loading video: DATASET/prosno/p11_f_prosno.mp4
[DATASET] (977/2160) Loading video: DATASET/prosno/p4_c_prosno.mp4
[DATASET] (978/2160) Loading video: DATASET/prosno/p8_c_prosno.mp4
[DATASET] (979/2160) Loading video: DATASET/prosno/p13_f_prosno.mp4
[DATASET] (980/2160) Loading video: DATASET/prosno/p1_f_prosno.mp4
[DATASET] (981/2160) Loading video: DATASET/prosno/p6_c_prosno.mp4
[DATASET] (982/2160) Loading video: DATASET/prosno/p14_f_prosno.mp4
[DATASET] (983/2160) Loading video: DATASET/prosno/p12_c_prosno.mp4
[DATASET] (984/2160) Loading video: DATASET/prosno/p16_f_prosno.mp4
[DATASET] (985/2160) Loading video: DATASET/valobasha/p13_f_valobasha.mp4
[DATASET] (986/2160) Loading video: DATASET/valobasha/p14_f_valobasha.mp4
[DATASET] (987/2160) Loading video: DATASET/valobasha/p4_c_valobasha.mp4
[DATASET] (988/2160) Loading video: DATASET/valobasha/p8_c_valobasha.mp4
[DATASET] (989/2160) Loading video: DATASET/valobasha/p6_f_valobasha.mp4
[DATASET] (990/2160) Loading video: DATASET/valobasha/p14_c_valobasha.mp4
[DATASET] (991/2160) Loading video: DATASET/valobasha/p6_c_valobasha.mp4
[DATASET] (992/2160) Loading video: DATASET/valobasha/p15_c_valobasha.mp4
[DATASET] (993/2160) Loading video: DATASET/valobasha/p16_c_valobasha.mp4
[DATASET] (994/2160) Loading video: DATASET/valobasha/p4_f_valobasha.mp4
[DATASET] (995/2160) Loading video: DATASET/valobasha/p3_f_valobasha.mp4
[DATASET] (996/2160) Loading video: DATASET/valobasha/p11_c_valobasha.mp4
[DATASET] (997/2160) Loading video: DATASET/valobasha/p12_c_valobasha.mp4
[DATASET] (998/2160) Loading video: DATASET/valobasha/p8_f_valobasha.mp4
[DATASET] (999/2160) Loading video: DATASET/valobasha/p2_f_valobasha.mp4
[DATASET] (1000/2160) Loading video: DATASET/valobasha/p15_f_valobasha.mp4
[DATASET] (1001/2160) Loading video: DATASET/valobasha/p11_f_valobasha.mp4
[DATASET] (1002/2160) Loading video: DATASET/valobasha/p16_f_valobasha.mp4
[DATASET] (1003/2160) Loading video: DATASET/valobasha/p7_f_valobasha.mp4
[DATASET] (1004/2160) Loading video: DATASET/valobasha/p1_c_valobasha.mp4
[DATASET] (1005/2160) Loading video: DATASET/valobasha/p13_c_valobasha.mp4
[DATASET] (1006/2160) Loading video: DATASET/valobasha/p1_f_valobasha.mp4
[DATASET] (1007/2160) Loading video: DATASET/valobasha/p7_c_valobasha.mp4
[DATASET] (1008/2160) Loading video: DATASET/valobasha/p12_f_valobasha.mp4
[DATASET] (1009/2160) Loading video: DATASET/robibar/p11_f_robibar.mp4
[DATASET] (1010/2160) Loading video: DATASET/robibar/p2_f_robibar.mp4
[DATASET] (1011/2160) Loading video: DATASET/robibar/p1_c_robibar.mp4
[DATASET] (1012/2160) Loading video: DATASET/robibar/p12_c_robibar.mp4
[DATASET] (1013/2160) Loading video: DATASET/robibar/p6_c_robibar.mp4
[DATASET] (1014/2160) Loading video: DATASET/robibar/p13_c_robibar.mp4
[DATASET] (1015/2160) Loading video: DATASET/robibar/p7_c_robibar.mp4
[DATASET] (1016/2160) Loading video: DATASET/robibar/p12_f_robibar.mp4
[DATASET] (1017/2160) Loading video: DATASET/robibar/p13_f_robibar.mp4
[DATASET] (1018/2160) Loading video: DATASET/robibar/p16_f_robibar.mp4
[DATASET] (1019/2160) Loading video: DATASET/robibar/p14_c_robibar.mp4
[DATASET] (1020/2160) Loading video: DATASET/robibar/p6_f_robibar.mp4
[DATASET] (1021/2160) Loading video: DATASET/robibar/p11_c_robibar.mp4
[DATASET] (1022/2160) Loading video: DATASET/robibar/p8_c_robibar.mp4
[DATASET] (1023/2160) Loading video: DATASET/robibar/p7_f_robibar.mp4
[DATASET] (1024/2160) Loading video: DATASET/robibar/p8_f_robibar.mp4
[DATASET] (1025/2160) Loading video: DATASET/robibar/p16_c_robibar.mp4
[DATASET] (1026/2160) Loading video: DATASET/robibar/p15_c_robibar.mp4
[DATASET] (1027/2160) Loading video: DATASET/robibar/p1_f_robibar.mp4
[DATASET] (1028/2160) Loading video: DATASET/robibar/p15_f_robibar.mp4
[DATASET] (1029/2160) Loading video: DATASET/robibar/p4_c_robibar.mp4
[DATASET] (1030/2160) Loading video: DATASET/robibar/p3_f_robibar.mp4
[DATASET] (1031/2160) Loading video: DATASET/robibar/p14_f_robibar.mp4
[DATASET] (1032/2160) Loading video: DATASET/robibar/p4_f_robibar.mp4
[DATASET] (1033/2160) Loading video: DATASET/ghori/p1_c_ghori.mp4
[DATASET] (1034/2160) Loading video: DATASET/ghori/p13_c_ghori.mp4
[DATASET] (1035/2160) Loading video: DATASET/ghori/p12_c_ghori.mp4
[DATASET] (1036/2160) Loading video: DATASET/ghori/p14_f_ghori.mp4
[DATASET] (1037/2160) Loading video: DATASET/ghori/p7_f_ghori.mp4
[DATASET] (1038/2160) Loading video: DATASET/ghori/p2_f_ghori.mp4
[DATASET] (1039/2160) Loading video: DATASET/ghori/p11_c_ghori.mp4
[DATASET] (1040/2160) Loading video: DATASET/ghori/p15_f_ghori.mp4
[DATASET] (1041/2160) Loading video: DATASET/ghori/p14_c_ghori.mp4
[DATASET] (1042/2160) Loading video: DATASET/ghori/p11_f_ghori.mp4
[DATASET] (1043/2160) Loading video: DATASET/ghori/p8_c_ghori.mp4
[DATASET] (1044/2160) Loading video: DATASET/ghori/p13_f_ghori.mp4
[DATASET] (1045/2160) Loading video: DATASET/ghori/p3_f_ghori.mp4
[DATASET] (1046/2160) Loading video: DATASET/ghori/p7_c_ghori.mp4
[DATASET] (1047/2160) Loading video: DATASET/ghori/p16_f_ghori.mp4
[DATASET] (1048/2160) Loading video: DATASET/ghori/p12_f_ghori.mp4
[DATASET] (1049/2160) Loading video: DATASET/ghori/p15_c_ghori.mp4
[DATASET] (1050/2160) Loading video: DATASET/ghori/p16_c_ghori.mp4
[DATASET] (1051/2160) Loading video: DATASET/ghori/p4_f_ghori.mp4
[DATASET] (1052/2160) Loading video: DATASET/ghori/p6_c_ghori.mp4
[DATASET] (1053/2160) Loading video: DATASET/ghori/p4_c_ghori.mp4
[DATASET] (1054/2160) Loading video: DATASET/ghori/p8_f_ghori.mp4
[DATASET] (1055/2160) Loading video: DATASET/ghori/p6_f_ghori.mp4
[DATASET] (1056/2160) Loading video: DATASET/ghori/p1_f_ghori.mp4
[DATASET] (1057/2160) Loading video: DATASET/soktishali/p14_f_soktishali.mp4
[DATASET] (1058/2160) Loading video: DATASET/soktishali/p6_c_soktishali.mp4
[DATASET] (1059/2160) Loading video: DATASET/soktishali/p16_c_soktishali.mp4
[DATASET] (1060/2160) Loading video: DATASET/soktishali/p1_f_soktishali.mp4
[DATASET] (1061/2160) Loading video: DATASET/soktishali/p7_f_soktishali.mp4
[DATASET] (1062/2160) Loading video: DATASET/soktishali/p13_c_soktishali.mp4
[DATASET] (1063/2160) Loading video: DATASET/soktishali/p7_c_soktishali.mp4
[DATASET] (1064/2160) Loading video: DATASET/soktishali/p4_f_soktishali.mp4
[DATASET] (1065/2160) Loading video: DATASET/soktishali/p1_c_soktishali.mp4
[DATASET] (1066/2160) Loading video: DATASET/soktishali/p15_f_soktishali.mp4
[DATASET] (1067/2160) Loading video: DATASET/soktishali/p8_f_soktishali.mp4
[DATASET] (1068/2160) Loading video: DATASET/soktishali/p15_c_soktishali.mp4
[DATASET] (1069/2160) Loading video: DATASET/soktishali/p8_c_soktishali.mp4
[DATASET] (1070/2160) Loading video: DATASET/soktishali/p6_f_soktishali.mp4
[DATASET] (1071/2160) Loading video: DATASET/soktishali/p16_f_soktishali.mp4
[DATASET] (1072/2160) Loading video: DATASET/soktishali/p12_f_soktishali.mp4
[DATASET] (1073/2160) Loading video: DATASET/soktishali/p14_c_soktishali.mp4
[DATASET] (1074/2160) Loading video: DATASET/soktishali/p11_c_soktishali.mp4
[DATASET] (1075/2160) Loading video: DATASET/soktishali/p11_f_soktishali.mp4
[DATASET] (1076/2160) Loading video: DATASET/soktishali/p4_c_soktishali.mp4
[DATASET] (1077/2160) Loading video: DATASET/soktishali/p12_c_soktishali.mp4
[DATASET] (1078/2160) Loading video: DATASET/soktishali/p3_f_soktishali.mp4
[DATASET] (1079/2160) Loading video: DATASET/soktishali/p2_f_soktishali.mp4
[DATASET] (1080/2160) Loading video: DATASET/soktishali/p13_f_soktishali.mp4
[DATASET] (1081/2160) Loading video: DATASET/dorja/p13_c_dorja.mp4
[DATASET] (1082/2160) Loading video: DATASET/dorja/p14_c_dorja.mp4
[DATASET] (1083/2160) Loading video: DATASET/dorja/p11_c_dorja.mp4
[DATASET] (1084/2160) Loading video: DATASET/dorja/p8_c_dorja.mp4
[DATASET] (1085/2160) Loading video: DATASET/dorja/p6_c_dorja.mp4
[DATASET] (1086/2160) Loading video: DATASET/dorja/p4_f_dorja.mp4
[DATASET] (1087/2160) Loading video: DATASET/dorja/p4_c_dorja.mp4
[DATASET] (1088/2160) Loading video: DATASET/dorja/p16_f_dorja.mp4
[DATASET] (1089/2160) Loading video: DATASET/dorja/p6_f_dorja.mp4
[DATASET] (1090/2160) Loading video: DATASET/dorja/p1_c_dorja.mp4
[DATASET] (1091/2160) Loading video: DATASET/dorja/p11_f_dorja.mp4
[DATASET] (1092/2160) Loading video: DATASET/dorja/p12_f_dorja.mp4
[DATASET] (1093/2160) Loading video: DATASET/dorja/p15_c_dorja.mp4
[DATASET] (1094/2160) Loading video: DATASET/dorja/p16_c_dorja.mp4
[DATASET] (1095/2160) Loading video: DATASET/dorja/p8_f_dorja.mp4
[DATASET] (1096/2160) Loading video: DATASET/dorja/p1_f_dorja.mp4
[DATASET] (1097/2160) Loading video: DATASET/dorja/p14_f_dorja.mp4
[DATASET] (1098/2160) Loading video: DATASET/dorja/p15_f_dorja.mp4
[DATASET] (1099/2160) Loading video: DATASET/dorja/p2_f_dorja.mp4
[DATASET] (1100/2160) Loading video: DATASET/dorja/p7_f_dorja.mp4
[DATASET] (1101/2160) Loading video: DATASET/dorja/p13_f_dorja.mp4
[DATASET] (1102/2160) Loading video: DATASET/dorja/p3_f_dorja.mp4
[DATASET] (1103/2160) Loading video: DATASET/dorja/p12_c_dorja.mp4
[DATASET] (1104/2160) Loading video: DATASET/dorja/p7_c_dorja.mp4
[DATASET] (1105/2160) Loading video: DATASET/upodesh/p15_f_upodesh.mp4
[DATASET] (1106/2160) Loading video: DATASET/upodesh/p12_f_upodesh.mp4
[DATASET] (1107/2160) Loading video: DATASET/upodesh/p6_c_upodesh.mp4
[DATASET] (1108/2160) Loading video: DATASET/upodesh/p8_c_upodesh.mp4
[DATASET] (1109/2160) Loading video: DATASET/upodesh/p16_c_upodesh.mp4
[DATASET] (1110/2160) Loading video: DATASET/upodesh/p4_c_upodesh.mp4
[DATASET] (1111/2160) Loading video: DATASET/upodesh/p4_f_upodesh.mp4
[DATASET] (1112/2160) Loading video: DATASET/upodesh/p12_c_upodesh.mp4
[DATASET] (1113/2160) Loading video: DATASET/upodesh/p15_c_upodesh.mp4
[DATASET] (1114/2160) Loading video: DATASET/upodesh/p11_c_upodesh.mp4
[DATASET] (1115/2160) Loading video: DATASET/upodesh/p3_f_upodesh.mp4
[DATASET] (1116/2160) Loading video: DATASET/upodesh/p14_c_upodesh.mp4
[DATASET] (1117/2160) Loading video: DATASET/upodesh/p2_f_upodesh.mp4
[DATASET] (1118/2160) Loading video: DATASET/upodesh/p13_f_upodesh.mp4
[DATASET] (1119/2160) Loading video: DATASET/upodesh/p16_f_upodesh.mp4
[DATASET] (1120/2160) Loading video: DATASET/upodesh/p11_f_upodesh.mp4
[DATASET] (1121/2160) Loading video: DATASET/upodesh/p7_c_upodesh.mp4
[DATASET] (1122/2160) Loading video: DATASET/upodesh/p13_c_upodesh.mp4
[DATASET] (1123/2160) Loading video: DATASET/upodesh/p6_f_upodesh.mp4
[DATASET] (1124/2160) Loading video: DATASET/upodesh/p1_c_upodesh.mp4
[DATASET] (1125/2160) Loading video: DATASET/upodesh/p8_f_upodesh.mp4
[DATASET] (1126/2160) Loading video: DATASET/upodesh/p1_f_upodesh.mp4
[DATASET] (1127/2160) Loading video: DATASET/upodesh/p14_f_upodesh.mp4
[DATASET] (1128/2160) Loading video: DATASET/upodesh/p7_f_upodesh.mp4
[DATASET] (1129/2160) Loading video: DATASET/chocolate/p14_f_chocolate.mp4
[DATASET] (1130/2160) Loading video: DATASET/chocolate/p7_c_chocolate.mp4
[DATASET] (1131/2160) Loading video: DATASET/chocolate/p4_f_chocolate.mp4
[DATASET] (1132/2160) Loading video: DATASET/chocolate/p6_c_chocolate.mp4
[DATASET] (1133/2160) Loading video: DATASET/chocolate/p6_f_chocolate.mp4
[DATASET] (1134/2160) Loading video: DATASET/chocolate/p14_c_chocolate.mp4
[DATASET] (1135/2160) Loading video: DATASET/chocolate/p16_f_chocolate.mp4
[DATASET] (1136/2160) Loading video: DATASET/chocolate/p1_f_chocolate.mp4
[DATASET] (1137/2160) Loading video: DATASET/chocolate/p12_c_chocolate.mp4
[DATASET] (1138/2160) Loading video: DATASET/chocolate/p15_f_chocolate.mp4
[DATASET] (1139/2160) Loading video: DATASET/chocolate/p12_f_chocolate.mp4
[DATASET] (1140/2160) Loading video: DATASET/chocolate/p2_f_chocolate.mp4
[DATASET] (1141/2160) Loading video: DATASET/chocolate/p11_c_chocolate.mp4
[DATASET] (1142/2160) Loading video: DATASET/chocolate/p7_f_chocolate.mp4
[DATASET] (1143/2160) Loading video: DATASET/chocolate/p3_f_chocolate.mp4
[DATASET] (1144/2160) Loading video: DATASET/chocolate/p13_c_chocolate.mp4
[DATASET] (1145/2160) Loading video: DATASET/chocolate/p1_c_chocolate.mp4
[DATASET] (1146/2160) Loading video: DATASET/chocolate/p13_f_chocolate.mp4
[DATASET] (1147/2160) Loading video: DATASET/chocolate/p4_c_chocolate.mp4
[DATASET] (1148/2160) Loading video: DATASET/chocolate/p15_c_Chocolate.mp4
[DATASET] (1149/2160) Loading video: DATASET/chocolate/p11_f_chocolate.mp4
[DATASET] (1150/2160) Loading video: DATASET/chocolate/p8_c_chocolate.mp4
[DATASET] (1151/2160) Loading video: DATASET/chocolate/p16_c_chocolate.mp4
[DATASET] (1152/2160) Loading video: DATASET/chocolate/p8_f_chocolate.mp4
[DATASET] (1153/2160) Loading video: DATASET/onumoti/p8_c_onumoti.mp4
[DATASET] (1154/2160) Loading video: DATASET/onumoti/p14_f_onumoti.mp4
[DATASET] (1155/2160) Loading video: DATASET/onumoti/p1_c_onumoti.mp4
[DATASET] (1156/2160) Loading video: DATASET/onumoti/p3_f_onumoti.mp4
[DATASET] (1157/2160) Loading video: DATASET/onumoti/p2_f_onumoti.mp4
[DATASET] (1158/2160) Loading video: DATASET/onumoti/p13_f_onumoti.mp4
[DATASET] (1159/2160) Loading video: DATASET/onumoti/p11_c_onumoti.mp4
[DATASET] (1160/2160) Loading video: DATASET/onumoti/p16_f_onumoti.mp4
[DATASET] (1161/2160) Loading video: DATASET/onumoti/p6_c_onumoti.mp4
[DATASET] (1162/2160) Loading video: DATASET/onumoti/p12_f_onumoti.mp4
[DATASET] (1163/2160) Loading video: DATASET/onumoti/p11_f_onumoti.mp4
[DATASET] (1164/2160) Loading video: DATASET/onumoti/p8_f_onumoti.mp4
[DATASET] (1165/2160) Loading video: DATASET/onumoti/p1_f_onumoti.mp4
[DATASET] (1166/2160) Loading video: DATASET/onumoti/p6_f_onumoti.mp4
[DATASET] (1167/2160) Loading video: DATASET/onumoti/p15_c_onumoti.mp4
[DATASET] (1168/2160) Loading video: DATASET/onumoti/p13_c_onumoti.mp4
[DATASET] (1169/2160) Loading video: DATASET/onumoti/p4_f_onumoti.mp4
[DATASET] (1170/2160) Loading video: DATASET/onumoti/p12_c_onumoti.mp4
[DATASET] (1171/2160) Loading video: DATASET/onumoti/p16_c_onumoti.mp4
[DATASET] (1172/2160) Loading video: DATASET/onumoti/p14_c_onumoti.mp4
[DATASET] (1173/2160) Loading video: DATASET/onumoti/p15_f_onumoti.mp4
[DATASET] (1174/2160) Loading video: DATASET/onumoti/p4_c_onumoti.mp4
[DATASET] (1175/2160) Loading video: DATASET/onumoti/p7_f_onumoti.mp4
[DATASET] (1176/2160) Loading video: DATASET/onumoti/p7_c_onumoti.mp4
[DATASET] (1177/2160) Loading video: DATASET/shikkhok/p11_c_shikkhok.mp4
[DATASET] (1178/2160) Loading video: DATASET/shikkhok/p16_f_shikkhok.mp4
[DATASET] (1179/2160) Loading video: DATASET/shikkhok/p6_f_shikkhok.mp4
[DATASET] (1180/2160) Loading video: DATASET/shikkhok/p3_f_shikkhok.mp4
[DATASET] (1181/2160) Loading video: DATASET/shikkhok/p12_f_shikkhok.mp4
[DATASET] (1182/2160) Loading video: DATASET/shikkhok/p14_f_shikkhok.mp4
[DATASET] (1183/2160) Loading video: DATASET/shikkhok/p12_c_shikkhok.mp4
[DATASET] (1184/2160) Loading video: DATASET/shikkhok/p16_c_shikkhok.mp4
[DATASET] (1185/2160) Loading video: DATASET/shikkhok/p8_f_shikkhok.mp4
[DATASET] (1186/2160) Loading video: DATASET/shikkhok/p1_f_shikkhok.mp4
[DATASET] (1187/2160) Loading video: DATASET/shikkhok/p15_f_shikkhok.mp4
[DATASET] (1188/2160) Loading video: DATASET/shikkhok/p7_c_shikkhok.mp4
[DATASET] (1189/2160) Loading video: DATASET/shikkhok/p1_c_shikkhok.mp4
[DATASET] (1190/2160) Loading video: DATASET/shikkhok/p13_f_shikkhok.mp4
[DATASET] (1191/2160) Loading video: DATASET/shikkhok/p6_c_shikkhok.mp4
[DATASET] (1192/2160) Loading video: DATASET/shikkhok/p11_f_shikkhok.mp4
[DATASET] (1193/2160) Loading video: DATASET/shikkhok/p4_f_shikkhok.mp4
[DATASET] (1194/2160) Loading video: DATASET/shikkhok/p13_c_shikkhok.mp4
[DATASET] (1195/2160) Loading video: DATASET/shikkhok/p15_c_shikkhok.mp4
[DATASET] (1196/2160) Loading video: DATASET/shikkhok/p8_c_shikkhok.mp4
[DATASET] (1197/2160) Loading video: DATASET/shikkhok/p4_c_shikkhok.mp4
[DATASET] (1198/2160) Loading video: DATASET/shikkhok/p14_c_shikkhok.mp4
[DATASET] (1199/2160) Loading video: DATASET/shikkhok/p2_f_shikkhok.mp4
[DATASET] (1200/2160) Loading video: DATASET/shikkhok/p7_f_shikkhok.mp4
[DATASET] (1201/2160) Loading video: DATASET/chih/p7_f_chih.mp4
[DATASET] (1202/2160) Loading video: DATASET/chih/p1_f_chih.mp4
[DATASET] (1203/2160) Loading video: DATASET/chih/p4_f_chih.mp4
[DATASET] (1204/2160) Loading video: DATASET/chih/p8_f_chih.mp4
[DATASET] (1205/2160) Loading video: DATASET/chih/p15_c_chih.mp4
[DATASET] (1206/2160) Loading video: DATASET/chih/p6_c_chih.mp4
[DATASET] (1207/2160) Loading video: DATASET/chih/p13_c_chih.mp4
[DATASET] (1208/2160) Loading video: DATASET/chih/p8_c_chih.mp4
[DATASET] (1209/2160) Loading video: DATASET/chih/p12_f_chih.mp4
[DATASET] (1210/2160) Loading video: DATASET/chih/p15_f_chih.mp4
[DATASET] (1211/2160) Loading video: DATASET/chih/p3_f_chih.mp4
[DATASET] (1212/2160) Loading video: DATASET/chih/p1_c_chih.mp4
[DATASET] (1213/2160) Loading video: DATASET/chih/p16_f_chih.mp4
[DATASET] (1214/2160) Loading video: DATASET/chih/p11_f_chih.mp4
[DATASET] (1215/2160) Loading video: DATASET/chih/p7_c_chih.mp4
[DATASET] (1216/2160) Loading video: DATASET/chih/p6_f_chih.mp4
[DATASET] (1217/2160) Loading video: DATASET/chih/p12_c_chih.mp4
[DATASET] (1218/2160) Loading video: DATASET/chih/p14_f_chih.mp4
[DATASET] (1219/2160) Loading video: DATASET/chih/p16_c_chih.mp4
[DATASET] (1220/2160) Loading video: DATASET/chih/p13_f_chih.mp4
[DATASET] (1221/2160) Loading video: DATASET/chih/p2_f_chih.mp4
[DATASET] (1222/2160) Loading video: DATASET/chih/p11_c_chih.mp4
[DATASET] (1223/2160) Loading video: DATASET/chih/p4_c_chih.mp4
[DATASET] (1224/2160) Loading video: DATASET/chih/p14_c_chih.mp4
[DATASET] (1225/2160) Loading video: DATASET/jokhon/p8_c_jokhon.mp4
[DATASET] (1226/2160) Loading video: DATASET/jokhon/p13_f_jokhon.mp4
[DATASET] (1227/2160) Loading video: DATASET/jokhon/p3_f_jokhon.mp4
[DATASET] (1228/2160) Loading video: DATASET/jokhon/p15_c_jokhon.mp4
[DATASET] (1229/2160) Loading video: DATASET/jokhon/p8_f_jokhon.mp4
[DATASET] (1230/2160) Loading video: DATASET/jokhon/p14_f_jokhon.mp4
[DATASET] (1231/2160) Loading video: DATASET/jokhon/p1_c_jokhon.mp4
[DATASET] (1232/2160) Loading video: DATASET/jokhon/p6_f_jokhon.mp4
[DATASET] (1233/2160) Loading video: DATASET/jokhon/p14_c_jokhon.mp4
[DATASET] (1234/2160) Loading video: DATASET/jokhon/p11_f_jokhon.mp4
[DATASET] (1235/2160) Loading video: DATASET/jokhon/p7_c_jokhon.mp4
[DATASET] (1236/2160) Loading video: DATASET/jokhon/p1_f_jokhon.mp4
[DATASET] (1237/2160) Loading video: DATASET/jokhon/p7_f_jokhon.mp4
[DATASET] (1238/2160) Loading video: DATASET/jokhon/p12_f_jokhon.mp4
[DATASET] (1239/2160) Loading video: DATASET/jokhon/p15_f_jokhon.mp4
[DATASET] (1240/2160) Loading video: DATASET/jokhon/p16_f_jokhon.mp4
[DATASET] (1241/2160) Loading video: DATASET/jokhon/p11_c_jokhon.mp4
[DATASET] (1242/2160) Loading video: DATASET/jokhon/p4_c_jokhon.mp4
[DATASET] (1243/2160) Loading video: DATASET/jokhon/p12_c_jokhon.mp4
[DATASET] (1244/2160) Loading video: DATASET/jokhon/p4_f_jokhon.mp4
[DATASET] (1245/2160) Loading video: DATASET/jokhon/p13_c_jokhon.mp4
[DATASET] (1246/2160) Loading video: DATASET/jokhon/p6_c_jokhon.mp4
[DATASET] (1247/2160) Loading video: DATASET/jokhon/p16_c_jokhon.mp4
[DATASET] (1248/2160) Loading video: DATASET/jokhon/p2_f_jokhon.mp4
[DATASET] (1249/2160) Loading video: DATASET/uvoy/p4_c_uvoy.mp4
[DATASET] (1250/2160) Loading video: DATASET/uvoy/p6_c_uvoy.mp4
[DATASET] (1251/2160) Loading video: DATASET/uvoy/p12_c_uvoy.mp4
[DATASET] (1252/2160) Loading video: DATASET/uvoy/p14_c_uvoy.mp4
[DATASET] (1253/2160) Loading video: DATASET/uvoy/p6_f_uvoy.mp4
[DATASET] (1254/2160) Loading video: DATASET/uvoy/p1_c_uvoy.mp4
[DATASET] (1255/2160) Loading video: DATASET/uvoy/p8_f_uvoy.mp4
[DATASET] (1256/2160) Loading video: DATASET/uvoy/p8_c_uvoy.mp4
[DATASET] (1257/2160) Loading video: DATASET/uvoy/p15_f_uvoy.mp4
[DATASET] (1258/2160) Loading video: DATASET/uvoy/p7_f_uvoy.mp4
[DATASET] (1259/2160) Loading video: DATASET/uvoy/p13_f_uvoy.mp4
[DATASET] (1260/2160) Loading video: DATASET/uvoy/p4_f_uvoy.mp4
[DATASET] (1261/2160) Loading video: DATASET/uvoy/p11_c_uvoy.mp4
[DATASET] (1262/2160) Loading video: DATASET/uvoy/p12_f_uvoy.mp4
[DATASET] (1263/2160) Loading video: DATASET/uvoy/p16_f_uvoy.mp4
[DATASET] (1264/2160) Loading video: DATASET/uvoy/p11_f_uvoy.mp4
[DATASET] (1265/2160) Loading video: DATASET/uvoy/p16_c_uvoy.mp4
[DATASET] (1266/2160) Loading video: DATASET/uvoy/p1_f_uvoy.mp4
[DATASET] (1267/2160) Loading video: DATASET/uvoy/p13_c_uvoy.mp4
[DATASET] (1268/2160) Loading video: DATASET/uvoy/p2_f_uvoy.mp4
[DATASET] (1269/2160) Loading video: DATASET/uvoy/p7_c_uvoy.mp4
[DATASET] (1270/2160) Loading video: DATASET/uvoy/p3_f_uvoy.mp4
[DATASET] (1271/2160) Loading video: DATASET/uvoy/p14_f_uvoy.mp4
[DATASET] (1272/2160) Loading video: DATASET/uvoy/p15_c_uvoy.mp4
[DATASET] (1273/2160) Loading video: DATASET/ovivabok/p15_f_ovivabok.mp4
[DATASET] (1274/2160) Loading video: DATASET/ovivabok/p11_f_ovivabok.mp4
[DATASET] (1275/2160) Loading video: DATASET/ovivabok/p3_f_ovivabok.mp4
[DATASET] (1276/2160) Loading video: DATASET/ovivabok/p12_c_ovivabok.mp4
[DATASET] (1277/2160) Loading video: DATASET/ovivabok/p12_f_ovivabok.mp4
[DATASET] (1278/2160) Loading video: DATASET/ovivabok/p7_c_ovivabok.mp4
[DATASET] (1279/2160) Loading video: DATASET/ovivabok/p6_f_ovivabok.mp4
[DATASET] (1280/2160) Loading video: DATASET/ovivabok/p8_f_ovivabok.mp4
[DATASET] (1281/2160) Loading video: DATASET/ovivabok/p14_c_ovivabok.mp4
[DATASET] (1282/2160) Loading video: DATASET/ovivabok/p16_c_ovivabok.mp4
[DATASET] (1283/2160) Loading video: DATASET/ovivabok/p7_f_ovivabok.mp4
[DATASET] (1284/2160) Loading video: DATASET/ovivabok/p1_c_ovivabok.mp4
[DATASET] (1285/2160) Loading video: DATASET/ovivabok/p6_c_ovivabok.mp4
[DATASET] (1286/2160) Loading video: DATASET/ovivabok/p1_f_ovivabok.mp4
[DATASET] (1287/2160) Loading video: DATASET/ovivabok/p8_c_ovivabok.mp4
[DATASET] (1288/2160) Loading video: DATASET/ovivabok/p15_c_ovivabok.mp4
[DATASET] (1289/2160) Loading video: DATASET/ovivabok/p13_c_ovivabok.mp4
[DATASET] (1290/2160) Loading video: DATASET/ovivabok/p4_f_ovivabok.mp4
[DATASET] (1291/2160) Loading video: DATASET/ovivabok/p16_f_ovivabok.mp4
[DATASET] (1292/2160) Loading video: DATASET/ovivabok/p13_f_ovivabok.mp4
[DATASET] (1293/2160) Loading video: DATASET/ovivabok/p4_c_ovivabok.mp4
[DATASET] (1294/2160) Loading video: DATASET/ovivabok/p14_f_ovivabok.mp4
[DATASET] (1295/2160) Loading video: DATASET/ovivabok/p2_f_ovivabok.mp4
[DATASET] (1296/2160) Loading video: DATASET/ovivabok/p11_c_ovivabok.mp4
[DATASET] (1297/2160) Loading video: DATASET/poriskar/p14_f_poriskar.mp4
[DATASET] (1298/2160) Loading video: DATASET/poriskar/p7_c_poriskar.mp4
[DATASET] (1299/2160) Loading video: DATASET/poriskar/p11_f_poriskar.mp4
[DATASET] (1300/2160) Loading video: DATASET/poriskar/p13_f_poriskar.mp4
[DATASET] (1301/2160) Loading video: DATASET/poriskar/p16_c_poriskar.mp4
[DATASET] (1302/2160) Loading video: DATASET/poriskar/p16_f_poriskar.mp4
[DATASET] (1303/2160) Loading video: DATASET/poriskar/p2_f_poriskar.mp4
[DATASET] (1304/2160) Loading video: DATASET/poriskar/p4_c_poriskar.mp4
[DATASET] (1305/2160) Loading video: DATASET/poriskar/p7_f_poriskar.mp4
[DATASET] (1306/2160) Loading video: DATASET/poriskar/p6_c_poriskar.mp4
[DATASET] (1307/2160) Loading video: DATASET/poriskar/p11_c_poriskar.mp4
[DATASET] (1308/2160) Loading video: DATASET/poriskar/p12_c_poriskar.mp4
[DATASET] (1309/2160) Loading video: DATASET/poriskar/p14_c_poriskar.mp4
[DATASET] (1310/2160) Loading video: DATASET/poriskar/p8_c_poriskar.mp4
[DATASET] (1311/2160) Loading video: DATASET/poriskar/p15_f_poriskar.mp4
[DATASET] (1312/2160) Loading video: DATASET/poriskar/p13_c_poriskar.mp4
[DATASET] (1313/2160) Loading video: DATASET/poriskar/p3_f_poriskar.mp4
[DATASET] (1314/2160) Loading video: DATASET/poriskar/p6_f_poriskar.mp4
[DATASET] (1315/2160) Loading video: DATASET/poriskar/p12_f_poriskar.mp4
[DATASET] (1316/2160) Loading video: DATASET/poriskar/p8_f_poriskar.mp4
[DATASET] (1317/2160) Loading video: DATASET/poriskar/p15_c_poriskar.mp4
[DATASET] (1318/2160) Loading video: DATASET/poriskar/p1_f_poriskar.mp4
[DATASET] (1319/2160) Loading video: DATASET/poriskar/p4_f_poriskar.mp4
[DATASET] (1320/2160) Loading video: DATASET/poriskar/p1_c_poriskar.mp4
[DATASET] (1321/2160) Loading video: DATASET/choto/p4_f_choto.mp4
[DATASET] (1322/2160) Loading video: DATASET/choto/p7_c_choto.mp4
[DATASET] (1323/2160) Loading video: DATASET/choto/p11_f_choto.mp4
[DATASET] (1324/2160) Loading video: DATASET/choto/p13_f_choto.mp4
[DATASET] (1325/2160) Loading video: DATASET/choto/p6_f_choto.mp4
[DATASET] (1326/2160) Loading video: DATASET/choto/p12_f_choto.mp4
[DATASET] (1327/2160) Loading video: DATASET/choto/p6_c_choto.mp4
[DATASET] (1328/2160) Loading video: DATASET/choto/p11_c_choto.mp4
[DATASET] (1329/2160) Loading video: DATASET/choto/p14_c_choto.mp4
[DATASET] (1330/2160) Loading video: DATASET/choto/p12_c_choto.mp4
[DATASET] (1331/2160) Loading video: DATASET/choto/p7_f_choto.mp4
[DATASET] (1332/2160) Loading video: DATASET/choto/p16_f_choto.mp4
[DATASET] (1333/2160) Loading video: DATASET/choto/p14_f_choto.mp4
[DATASET] (1334/2160) Loading video: DATASET/choto/p15_c_choto.mp4
[DATASET] (1335/2160) Loading video: DATASET/choto/p1_f_choto.mp4
[DATASET] (1336/2160) Loading video: DATASET/choto/p3_f_choto.mp4
[DATASET] (1337/2160) Loading video: DATASET/choto/p4_c_choto.mp4
[DATASET] (1338/2160) Loading video: DATASET/choto/p1_c_choto.mp4
[DATASET] (1339/2160) Loading video: DATASET/choto/p8_f_choto.mp4
[DATASET] (1340/2160) Loading video: DATASET/choto/p13_c_choto.mp4
[DATASET] (1341/2160) Loading video: DATASET/choto/p15_f_choto.mp4
[DATASET] (1342/2160) Loading video: DATASET/choto/p16_c_choto.mp4
[DATASET] (1343/2160) Loading video: DATASET/choto/p2_f_choto.mp4
[DATASET] (1344/2160) Loading video: DATASET/choto/p8_c_choto.mp4
[DATASET] (1345/2160) Loading video: DATASET/raat/p12_f_raat.mp4
[DATASET] (1346/2160) Loading video: DATASET/raat/p6_c_raat.mp4
[DATASET] (1347/2160) Loading video: DATASET/raat/p11_c_raat.mp4
[DATASET] (1348/2160) Loading video: DATASET/raat/p7_f_raat.mp4
[DATASET] (1349/2160) Loading video: DATASET/raat/p4_f_raat.mp4
[DATASET] (1350/2160) Loading video: DATASET/raat/p15_c_raat.mp4
[DATASET] (1351/2160) Loading video: DATASET/raat/p14_f_raat.mp4
[DATASET] (1352/2160) Loading video: DATASET/raat/p12_c_raat.mp4
[DATASET] (1353/2160) Loading video: DATASET/raat/p3_f_raat.mp4
[DATASET] (1354/2160) Loading video: DATASET/raat/p7_c_raat.mp4
[DATASET] (1355/2160) Loading video: DATASET/raat/p8_c_raat.mp4
[DATASET] (1356/2160) Loading video: DATASET/raat/p6_f_raat.mp4
[DATASET] (1357/2160) Loading video: DATASET/raat/p16_f_raat.mp4
[DATASET] (1358/2160) Loading video: DATASET/raat/p13_c_raat.mp4
[DATASET] (1359/2160) Loading video: DATASET/raat/p1_f_raat.mp4
[DATASET] (1360/2160) Loading video: DATASET/raat/p4_c_raat.mp4
[DATASET] (1361/2160) Loading video: DATASET/raat/p1_c_raat.mp4
[DATASET] (1362/2160) Loading video: DATASET/raat/p2_f_raat.mp4
[DATASET] (1363/2160) Loading video: DATASET/raat/p15_f_raat.mp4
[DATASET] (1364/2160) Loading video: DATASET/raat/p16_c_raat.mp4
[DATASET] (1365/2160) Loading video: DATASET/raat/p8_f_raat.mp4
[DATASET] (1366/2160) Loading video: DATASET/raat/p14_c_raat.mp4
[DATASET] (1367/2160) Loading video: DATASET/raat/p13_f_raat.mp4
[DATASET] (1368/2160) Loading video: DATASET/raat/p11_f_raat.mp4
[DATASET] (1369/2160) Loading video: DATASET/sotru/p7_f_sotru.mp4
[DATASET] (1370/2160) Loading video: DATASET/sotru/p15_c_sotru.mp4
[DATASET] (1371/2160) Loading video: DATASET/sotru/p13_c_sotru.mp4
[DATASET] (1372/2160) Loading video: DATASET/sotru/p16_c_sotru.mp4
[DATASET] (1373/2160) Loading video: DATASET/sotru/p4_c_sotru.mp4
[DATASET] (1374/2160) Loading video: DATASET/sotru/p13_f_sotru.mp4
[DATASET] (1375/2160) Loading video: DATASET/sotru/p14_f_sotru.mp4
[DATASET] (1376/2160) Loading video: DATASET/sotru/p12_c_sotru.mp4
[DATASET] (1377/2160) Loading video: DATASET/sotru/p12_f_sotru.mp4
[DATASET] (1378/2160) Loading video: DATASET/sotru/p1_f_sotru.mp4
[DATASET] (1379/2160) Loading video: DATASET/sotru/p6_f_sotru.mp4
[DATASET] (1380/2160) Loading video: DATASET/sotru/p7_c_sotru.mp4
[DATASET] (1381/2160) Loading video: DATASET/sotru/p1_c_sotru.mp4
[DATASET] (1382/2160) Loading video: DATASET/sotru/p8_f_sotru.mp4
[DATASET] (1383/2160) Loading video: DATASET/sotru/p8_c_sotru.mp4
[DATASET] (1384/2160) Loading video: DATASET/sotru/p3_f_sotru.mp4
[DATASET] (1385/2160) Loading video: DATASET/sotru/p11_f_sotru.mp4
[DATASET] (1386/2160) Loading video: DATASET/sotru/p11_c_sotru.mp4
[DATASET] (1387/2160) Loading video: DATASET/sotru/p2_f_sotru.mp4
[DATASET] (1388/2160) Loading video: DATASET/sotru/p6_c_sotru.mp4
[DATASET] (1389/2160) Loading video: DATASET/sotru/p15_f_sotru.mp4
[DATASET] (1390/2160) Loading video: DATASET/sotru/p14_c_sotru.mp4
[DATASET] (1391/2160) Loading video: DATASET/sotru/p16_f_sotru.mp4
[DATASET] (1392/2160) Loading video: DATASET/sotru/p4_f_sotru.mp4
[DATASET] (1393/2160) Loading video: DATASET/khela/p4_f_khela.mp4
[DATASET] (1394/2160) Loading video: DATASET/khela/p12_c_khela.mp4
[DATASET] (1395/2160) Loading video: DATASET/khela/p4_c_khela.mp4
[DATASET] (1396/2160) Loading video: DATASET/khela/p2_f_khela.mp4
[DATASET] (1397/2160) Loading video: DATASET/khela/p13_c_khela.mp4
[DATASET] (1398/2160) Loading video: DATASET/khela/p15_f_khela.mp4
[DATASET] (1399/2160) Loading video: DATASET/khela/p7_f_khela.mp4
[DATASET] (1400/2160) Loading video: DATASET/khela/p14_c_khela.mp4
[DATASET] (1401/2160) Loading video: DATASET/khela/p1_f_khela.mp4
[DATASET] (1402/2160) Loading video: DATASET/khela/p11_f_khela.mp4
[DATASET] (1403/2160) Loading video: DATASET/khela/p13_f_khela.mp4
[DATASET] (1404/2160) Loading video: DATASET/khela/p6_c_khela.mp4
[DATASET] (1405/2160) Loading video: DATASET/khela/p6_f_khela.mp4
[DATASET] (1406/2160) Loading video: DATASET/khela/p7_c_khela.mp4
[DATASET] (1407/2160) Loading video: DATASET/khela/p1_c_khela.mp4
[DATASET] (1408/2160) Loading video: DATASET/khela/p8_f_khela.mp4
[DATASET] (1409/2160) Loading video: DATASET/khela/p3_f_khelakora.mp4
[DATASET] (1410/2160) Loading video: DATASET/khela/p16_c_khela.mp4
[DATASET] (1411/2160) Loading video: DATASET/khela/p16_f_khela.mp4
[DATASET] (1412/2160) Loading video: DATASET/khela/p11_c_khela.mp4
[DATASET] (1413/2160) Loading video: DATASET/khela/p14_f_khela.mp4
[DATASET] (1414/2160) Loading video: DATASET/khela/p12_f_khela.mp4
[DATASET] (1415/2160) Loading video: DATASET/khela/p8_c_khela.mp4
[DATASET] (1416/2160) Loading video: DATASET/khela/p15_c_khela.mp4
[DATASET] (1417/2160) Loading video: DATASET/sharee/p11_c_sharee.mp4
[DATASET] (1418/2160) Loading video: DATASET/sharee/p11_f_sharee.mp4
[DATASET] (1419/2160) Loading video: DATASET/sharee/p16_f_sharee.mp4
[DATASET] (1420/2160) Loading video: DATASET/sharee/p6_f_sharee.mp4
[DATASET] (1421/2160) Loading video: DATASET/sharee/p14_c_sharee.mp4
[DATASET] (1422/2160) Loading video: DATASET/sharee/p4_c_sharee.mp4
[DATASET] (1423/2160) Loading video: DATASET/sharee/p12_c_sharee.mp4
[DATASET] (1424/2160) Loading video: DATASET/sharee/p8_c_sharee.mp4
[DATASET] (1425/2160) Loading video: DATASET/sharee/p1_c_sharee.mp4
[DATASET] (1426/2160) Loading video: DATASET/sharee/p15_f_sharee.mp4
[DATASET] (1427/2160) Loading video: DATASET/sharee/p1_f_sharee.mp4
[DATASET] (1428/2160) Loading video: DATASET/sharee/p12_f_sharee.mp4
[DATASET] (1429/2160) Loading video: DATASET/sharee/p7_f_sharee.mp4
[DATASET] (1430/2160) Loading video: DATASET/sharee/p4_f_sharee.mp4
[DATASET] (1431/2160) Loading video: DATASET/sharee/p2_f_sharee.mp4
[DATASET] (1432/2160) Loading video: DATASET/sharee/p13_f_sharee.mp4
[DATASET] (1433/2160) Loading video: DATASET/sharee/p13_c_sharee.mp4
[DATASET] (1434/2160) Loading video: DATASET/sharee/p6_c_sharee.mp4
[DATASET] (1435/2160) Loading video: DATASET/sharee/p7_c_sharee.mp4
[DATASET] (1436/2160) Loading video: DATASET/sharee/p3_f_sharee.mp4
[DATASET] (1437/2160) Loading video: DATASET/sharee/p15_c_sharee.mp4
[DATASET] (1438/2160) Loading video: DATASET/sharee/p16_c_sharee.mp4
[DATASET] (1439/2160) Loading video: DATASET/sharee/p14_f_sharee.mp4
[DATASET] (1440/2160) Loading video: DATASET/sharee/p8_f_sharee.mp4
[DATASET] (1441/2160) Loading video: DATASET/ador/p7_c_ador.mp4
[DATASET] (1442/2160) Loading video: DATASET/ador/p1_c_ador.mp4
[DATASET] (1443/2160) Loading video: DATASET/ador/p7_f_ador.mp4
[DATASET] (1444/2160) Loading video: DATASET/ador/p6_f_ador.mp4
[DATASET] (1445/2160) Loading video: DATASET/ador/p11_c_ador.mp4
[DATASET] (1446/2160) Loading video: DATASET/ador/p13_c_ador.mp4
[DATASET] (1447/2160) Loading video: DATASET/ador/p6_c_ador.mp4
[DATASET] (1448/2160) Loading video: DATASET/ador/p14_c_ador.mp4
[DATASET] (1449/2160) Loading video: DATASET/ador/p13_f_ador.mp4
[DATASET] (1450/2160) Loading video: DATASET/ador/p15_f_ador.mp4
[DATASET] (1451/2160) Loading video: DATASET/ador/p4_f_ador.mp4
[DATASET] (1452/2160) Loading video: DATASET/ador/p16_f_ador.mp4
[DATASET] (1453/2160) Loading video: DATASET/ador/p8_c_ador.mp4
[DATASET] (1454/2160) Loading video: DATASET/ador/p3_f_ador.mp4
[DATASET] (1455/2160) Loading video: DATASET/ador/p1_f_ador.mp4
[DATASET] (1456/2160) Loading video: DATASET/ador/p4_c_ador.mp4
[DATASET] (1457/2160) Loading video: DATASET/ador/p8_f_ador.mp4
[DATASET] (1458/2160) Loading video: DATASET/ador/p2_f_ador.mp4
[DATASET] (1459/2160) Loading video: DATASET/ador/p16_c_ador.mp4
[DATASET] (1460/2160) Loading video: DATASET/ador/p15_c_ador.mp4
[DATASET] (1461/2160) Loading video: DATASET/ador/p11_f_ador.mp4
[DATASET] (1462/2160) Loading video: DATASET/ador/p12_c_ador.mp4
[DATASET] (1463/2160) Loading video: DATASET/ador/p14_f_ador.mp4
[DATASET] (1464/2160) Loading video: DATASET/ador/p12_f_ador.mp4
[DATASET] (1465/2160) Loading video: DATASET/sroddha/p8_c_sroddha.mp4
[DATASET] (1466/2160) Loading video: DATASET/sroddha/p8_f_sroddha.mp4
[DATASET] (1467/2160) Loading video: DATASET/sroddha/p13_c_sroddha.mp4
[DATASET] (1468/2160) Loading video: DATASET/sroddha/p2_f_sroddha.mp4
[DATASET] (1469/2160) Loading video: DATASET/sroddha/p6_f_sroddha.mp4
[DATASET] (1470/2160) Loading video: DATASET/sroddha/p4_f_sroddha.mp4
[DATASET] (1471/2160) Loading video: DATASET/sroddha/p13_f_sroddha.mp4
[DATASET] (1472/2160) Loading video: DATASET/sroddha/p15_f_sroddha.mp4
[DATASET] (1473/2160) Loading video: DATASET/sroddha/p1_c_sroddha.mp4
[DATASET] (1474/2160) Loading video: DATASET/sroddha/p7_c_sroddha.mp4
[DATASET] (1475/2160) Loading video: DATASET/sroddha/p14_f_sroddha.mp4
[DATASET] (1476/2160) Loading video: DATASET/sroddha/p11_f_sroddha.mp4
[DATASET] (1477/2160) Loading video: DATASET/sroddha/p16_c_sroddha.mp4
[DATASET] (1478/2160) Loading video: DATASET/sroddha/p11_c_sroddha.mp4
[DATASET] (1479/2160) Loading video: DATASET/sroddha/p7_f_sroddha.mp4
[DATASET] (1480/2160) Loading video: DATASET/sroddha/p12_c_sroddha.mp4
[DATASET] (1481/2160) Loading video: DATASET/sroddha/p16_f_sroddha.mp4
[DATASET] (1482/2160) Loading video: DATASET/sroddha/p6_c_sroddha.mp4
[DATASET] (1483/2160) Loading video: DATASET/sroddha/p1_f_sroddha.mp4
[DATASET] (1484/2160) Loading video: DATASET/sroddha/p4_c_sroddha.mp4
[DATASET] (1485/2160) Loading video: DATASET/sroddha/p3_f_sroddha.mp4
[DATASET] (1486/2160) Loading video: DATASET/sroddha/p14_c_sroddha.mp4
[DATASET] (1487/2160) Loading video: DATASET/sroddha/p15_c_sroddha.mp4
[DATASET] (1488/2160) Loading video: DATASET/sroddha/p12_f_sroddha.mp4
[DATASET] (1489/2160) Loading video: DATASET/table/p6_f_table.mp4
[DATASET] (1490/2160) Loading video: DATASET/table/p13_f_table.mp4
[DATASET] (1491/2160) Loading video: DATASET/table/p8_f_table.mp4
[DATASET] (1492/2160) Loading video: DATASET/table/p7_c_table.mp4
[DATASET] (1493/2160) Loading video: DATASET/table/p14_f_table.mp4
[DATASET] (1494/2160) Loading video: DATASET/table/p4_c_table.mp4
[DATASET] (1495/2160) Loading video: DATASET/table/p1_f_table.mp4
[DATASET] (1496/2160) Loading video: DATASET/table/p15_f_table.mp4
[DATASET] (1497/2160) Loading video: DATASET/table/p16_f_table.mp4
[DATASET] (1498/2160) Loading video: DATASET/table/p3_f_table.mp4
[DATASET] (1499/2160) Loading video: DATASET/table/p16_c_table.mp4
[DATASET] (1500/2160) Loading video: DATASET/table/p2_f_table.mp4
[DATASET] (1501/2160) Loading video: DATASET/table/p8_c_table.mp4
[DATASET] (1502/2160) Loading video: DATASET/table/p4_f_table.mp4
[DATASET] (1503/2160) Loading video: DATASET/table/p14_c_table.mp4
[DATASET] (1504/2160) Loading video: DATASET/table/p15_c_table.mp4
[DATASET] (1505/2160) Loading video: DATASET/table/p12_c_table.mp4
[DATASET] (1506/2160) Loading video: DATASET/table/p1_c_table.mp4
[DATASET] (1507/2160) Loading video: DATASET/table/p11_c_table.mp4
[DATASET] (1508/2160) Loading video: DATASET/table/p13_c_table.mp4
[DATASET] (1509/2160) Loading video: DATASET/table/p12_f_table.mp4
[DATASET] (1510/2160) Loading video: DATASET/table/p11_f_table.mp4
[DATASET] (1511/2160) Loading video: DATASET/table/p7_f_table.mp4
[DATASET] (1512/2160) Loading video: DATASET/table/p6_c_table.mp4
[DATASET] (1513/2160) Loading video: DATASET/pant/p3_f_pant.mp4
[DATASET] (1514/2160) Loading video: DATASET/pant/p12_f_pant.mp4
[DATASET] (1515/2160) Loading video: DATASET/pant/p11_f_pant.mp4
[DATASET] (1516/2160) Loading video: DATASET/pant/p13_f_pant.mp4
[DATASET] (1517/2160) Loading video: DATASET/pant/p7_c_pant.mp4
[DATASET] (1518/2160) Loading video: DATASET/pant/p12_c_pant.mp4
[DATASET] (1519/2160) Loading video: DATASET/pant/p1_c_pant.mp4
[DATASET] (1520/2160) Loading video: DATASET/pant/p14_c_pant.mp4
[DATASET] (1521/2160) Loading video: DATASET/pant/p1_f_pant.mp4
[DATASET] (1522/2160) Loading video: DATASET/pant/p4_f_pant.mp4
[DATASET] (1523/2160) Loading video: DATASET/pant/p15_c_pant.mp4
[DATASET] (1524/2160) Loading video: DATASET/pant/p11_c_pant.mp4
[DATASET] (1525/2160) Loading video: DATASET/pant/p15_f_pant.mp4
[DATASET] (1526/2160) Loading video: DATASET/pant/p16_f_pant.mp4
[DATASET] (1527/2160) Loading video: DATASET/pant/p7_f_pant.mp4
[DATASET] (1528/2160) Loading video: DATASET/pant/p8_f_pant.mp4
[DATASET] (1529/2160) Loading video: DATASET/pant/p13_c_pant.mp4
[DATASET] (1530/2160) Loading video: DATASET/pant/p16_c_pant.mp4
[DATASET] (1531/2160) Loading video: DATASET/pant/p6_f_pant.mp4
[DATASET] (1532/2160) Loading video: DATASET/pant/p6_c_pant.mp4
[DATASET] (1533/2160) Loading video: DATASET/pant/p4_c_pant.mp4
[DATASET] (1534/2160) Loading video: DATASET/pant/p8_c_pant.mp4
[DATASET] (1535/2160) Loading video: DATASET/pant/p14_f_pant.mp4
[DATASET] (1536/2160) Loading video: DATASET/pant/p2_f_pant.mp4
[DATASET] (1537/2160) Loading video: DATASET/janala/p8_f_janala.mp4
[DATASET] (1538/2160) Loading video: DATASET/janala/p4_f_janala.mp4
[DATASET] (1539/2160) Loading video: DATASET/janala/p1_f_janala.mp4
[DATASET] (1540/2160) Loading video: DATASET/janala/p4_c_janala.mp4
[DATASET] (1541/2160) Loading video: DATASET/janala/p16_f_janala.mp4
[DATASET] (1542/2160) Loading video: DATASET/janala/p2_f_janala.mp4
[DATASET] (1543/2160) Loading video: DATASET/janala/p15_c_janala.mp4
[DATASET] (1544/2160) Loading video: DATASET/janala/p13_f_janala.mp4
[DATASET] (1545/2160) Loading video: DATASET/janala/p1_c_janala.mp4
[DATASET] (1546/2160) Loading video: DATASET/janala/p11_f_janala.mp4
[DATASET] (1547/2160) Loading video: DATASET/janala/p14_f_janala.mp4
[DATASET] (1548/2160) Loading video: DATASET/janala/p7_c_janala.mp4
[DATASET] (1549/2160) Loading video: DATASET/janala/p3_f_janala.mp4
[DATASET] (1550/2160) Loading video: DATASET/janala/p14_c_janala.mp4
[DATASET] (1551/2160) Loading video: DATASET/janala/p12_c_janala.mp4
[DATASET] (1552/2160) Loading video: DATASET/janala/p6_f_janala.mp4
[DATASET] (1553/2160) Loading video: DATASET/janala/p7_f_janala.mp4
[DATASET] (1554/2160) Loading video: DATASET/janala/p6_c_janala.mp4
[DATASET] (1555/2160) Loading video: DATASET/janala/p8_c_janala.mp4
[DATASET] (1556/2160) Loading video: DATASET/janala/p16_c_janala.mp4
[DATASET] (1557/2160) Loading video: DATASET/janala/p12_f_janala.mp4
[DATASET] (1558/2160) Loading video: DATASET/janala/p11_c_janala.mp4
[DATASET] (1559/2160) Loading video: DATASET/janala/p13_c_janala.mp4
[DATASET] (1560/2160) Loading video: DATASET/janala/p15_f_janala.mp4
[DATASET] (1561/2160) Loading video: DATASET/cricket/p16_f_cricket.mp4
[DATASET] (1562/2160) Loading video: DATASET/cricket/p14_c_cricket.mp4
[DATASET] (1563/2160) Loading video: DATASET/cricket/p4_f_cricket.mp4
[DATASET] (1564/2160) Loading video: DATASET/cricket/p1_c_cricket.mp4
[DATASET] (1565/2160) Loading video: DATASET/cricket/p13_c_cricket.mp4
[DATASET] (1566/2160) Loading video: DATASET/cricket/p6_f_cricket.mp4
[DATASET] (1567/2160) Loading video: DATASET/cricket/p15_c_cricket.mp4
[DATASET] (1568/2160) Loading video: DATASET/cricket/p8_f_cricket.mp4
[DATASET] (1569/2160) Loading video: DATASET/cricket/p16_c_cricket.mp4
[DATASET] (1570/2160) Loading video: DATASET/cricket/p1_f_cricket.mp4
[DATASET] (1571/2160) Loading video: DATASET/cricket/p2_f_cricket.mp4
[DATASET] (1572/2160) Loading video: DATASET/cricket/p12_f_cricket.mp4
[DATASET] (1573/2160) Loading video: DATASET/cricket/p11_c_cricket.mp4
[DATASET] (1574/2160) Loading video: DATASET/cricket/p14_f_cricket.mp4
[DATASET] (1575/2160) Loading video: DATASET/cricket/p8_c_cricket.mp4
[DATASET] (1576/2160) Loading video: DATASET/cricket/p11_f_cricket.mp4
[DATASET] (1577/2160) Loading video: DATASET/cricket/p6_c_cricket.mp4
[DATASET] (1578/2160) Loading video: DATASET/cricket/p7_f_cricket.mp4
[DATASET] (1579/2160) Loading video: DATASET/cricket/p3_f_cricket.mp4
[DATASET] (1580/2160) Loading video: DATASET/cricket/p13_f_cricket.mp4
[DATASET] (1581/2160) Loading video: DATASET/cricket/p7_c_cricket.mp4
[DATASET] (1582/2160) Loading video: DATASET/cricket/p12_c_cricket.mp4
[DATASET] (1583/2160) Loading video: DATASET/cricket/p15_f_cricket.mp4
[DATASET] (1584/2160) Loading video: DATASET/cricket/p4_c_cricket.mp4
[DATASET] (1585/2160) Loading video: DATASET/chabi/p8_f_chabi.mp4
[DATASET] (1586/2160) Loading video: DATASET/chabi/p13_c_chabi.mp4
[DATASET] (1587/2160) Loading video: DATASET/chabi/p1_c_chabi.mp4
[DATASET] (1588/2160) Loading video: DATASET/chabi/p16_c_chabi.mp4
[DATASET] (1589/2160) Loading video: DATASET/chabi/p14_c_chabi.mp4
[DATASET] (1590/2160) Loading video: DATASET/chabi/p15_c_chabi.mp4
[DATASET] (1591/2160) Loading video: DATASET/chabi/p15_f_chabi.mp4
[DATASET] (1592/2160) Loading video: DATASET/chabi/p12_f_chabi.mp4
[DATASET] (1593/2160) Loading video: DATASET/chabi/p6_f_chabi.mp4
[DATASET] (1594/2160) Loading video: DATASET/chabi/p16_f_chabi.mp4
[DATASET] (1595/2160) Loading video: DATASET/chabi/p2_f_chabi.mp4
[DATASET] (1596/2160) Loading video: DATASET/chabi/p13_f_chabi.mp4
[DATASET] (1597/2160) Loading video: DATASET/chabi/p7_c_chabi.mp4
[DATASET] (1598/2160) Loading video: DATASET/chabi/p4_f_chabi.mp4
[DATASET] (1599/2160) Loading video: DATASET/chabi/p6_c_chabi.mp4
[DATASET] (1600/2160) Loading video: DATASET/chabi/p12_c_chabi.mp4
[DATASET] (1601/2160) Loading video: DATASET/chabi/p1_f_chabi.mp4
[DATASET] (1602/2160) Loading video: DATASET/chabi/p8_c_chabi.mp4
[DATASET] (1603/2160) Loading video: DATASET/chabi/p7_f_chabi.mp4
[DATASET] (1604/2160) Loading video: DATASET/chabi/p11_f_chabi.mp4
[DATASET] (1605/2160) Loading video: DATASET/chabi/p14_f_chabi.mp4
[DATASET] (1606/2160) Loading video: DATASET/chabi/p3_f_chabi.mp4
[DATASET] (1607/2160) Loading video: DATASET/chabi/p11_c_chabi.mp4
[DATASET] (1608/2160) Loading video: DATASET/chabi/p4_c_chabi.mp4
[DATASET] (1609/2160) Loading video: DATASET/shona/p1_c_shona.mp4
[DATASET] (1610/2160) Loading video: DATASET/shona/p8_c_shona.mp4
[DATASET] (1611/2160) Loading video: DATASET/shona/p16_f_shona.mp4
[DATASET] (1612/2160) Loading video: DATASET/shona/p16_c_shona.mp4
[DATASET] (1613/2160) Loading video: DATASET/shona/p7_f_shona.mp4
[DATASET] (1614/2160) Loading video: DATASET/shona/p6_f_shona.mp4
[DATASET] (1615/2160) Loading video: DATASET/shona/p15_c_shona.mp4
[DATASET] (1616/2160) Loading video: DATASET/shona/p12_c_shona.mp4
[DATASET] (1617/2160) Loading video: DATASET/shona/p8_f_shona.mp4
[DATASET] (1618/2160) Loading video: DATASET/shona/p12_f_shona.mp4
[DATASET] (1619/2160) Loading video: DATASET/shona/p11_f_shona.mp4
[DATASET] (1620/2160) Loading video: DATASET/shona/p11_c_shona.mp4
[DATASET] (1621/2160) Loading video: DATASET/shona/p2_f_shona.mp4
[DATASET] (1622/2160) Loading video: DATASET/shona/p7_c_shona.mp4
[DATASET] (1623/2160) Loading video: DATASET/shona/p15_f_shona.mp4
[DATASET] (1624/2160) Loading video: DATASET/shona/p13_c_shona.mp4
[DATASET] (1625/2160) Loading video: DATASET/shona/p1_f_shona.mp4
[DATASET] (1626/2160) Loading video: DATASET/shona/p3_f_shona.mp4
[DATASET] (1627/2160) Loading video: DATASET/shona/p4_f_shona.mp4
[DATASET] (1628/2160) Loading video: DATASET/shona/p14_c_shona.mp4
[DATASET] (1629/2160) Loading video: DATASET/shona/p13_f_shona.mp4
[DATASET] (1630/2160) Loading video: DATASET/shona/p14_f_shona.mp4
[DATASET] (1631/2160) Loading video: DATASET/shona/p6_c_shona.mp4
[DATASET] (1632/2160) Loading video: DATASET/shona/p4_c_shona.mp4
[DATASET] (1633/2160) Loading video: DATASET/chad/p2_f_chad.mp4
[DATASET] (1634/2160) Loading video: DATASET/chad/p7_f_chad.mp4
[DATASET] (1635/2160) Loading video: DATASET/chad/p16_f_chad.mp4
[DATASET] (1636/2160) Loading video: DATASET/chad/p15_f_chad.mp4
[DATASET] (1637/2160) Loading video: DATASET/chad/p14_f_chad.mp4
[DATASET] (1638/2160) Loading video: DATASET/chad/p11_f_chad.mp4
[DATASET] (1639/2160) Loading video: DATASET/chad/p1_f_chad.mp4
[DATASET] (1640/2160) Loading video: DATASET/chad/p13_f_chad.mp4
[DATASET] (1641/2160) Loading video: DATASET/chad/p8_c_chad.mp4
[DATASET] (1642/2160) Loading video: DATASET/chad/p3_f_chad.mp4
[DATASET] (1643/2160) Loading video: DATASET/chad/p6_f_chad.mp4
[DATASET] (1644/2160) Loading video: DATASET/chad/p1_c_chad.mp4
[DATASET] (1645/2160) Loading video: DATASET/chad/p16_c_chad.mp4
[DATASET] (1646/2160) Loading video: DATASET/chad/p8_f_chad.mp4
[DATASET] (1647/2160) Loading video: DATASET/chad/p4_c_chad.mp4
[DATASET] (1648/2160) Loading video: DATASET/chad/p11_c_chad.mp4
[DATASET] (1649/2160) Loading video: DATASET/chad/p6_c_chad.mp4
[DATASET] (1650/2160) Loading video: DATASET/chad/p14_c_chad.mp4
[DATASET] (1651/2160) Loading video: DATASET/chad/p7_c_chad.mp4
[DATASET] (1652/2160) Loading video: DATASET/chad/p12_f_chad.mp4
[DATASET] (1653/2160) Loading video: DATASET/chad/p15_c_chad.mp4
[DATASET] (1654/2160) Loading video: DATASET/chad/p12_c_chad.mp4
[DATASET] (1655/2160) Loading video: DATASET/chad/p4_f_chad.mp4
[DATASET] (1656/2160) Loading video: DATASET/chad/p13_c_chad.mp4
[DATASET] (1657/2160) Loading video: DATASET/tokhon/p11_f_tokhon.mp4
[DATASET] (1658/2160) Loading video: DATASET/tokhon/p15_f_tokhon.mp4
[DATASET] (1659/2160) Loading video: DATASET/tokhon/p15_c_tokhon.mp4
[DATASET] (1660/2160) Loading video: DATASET/tokhon/p14_f_tokhon.mp4
[DATASET] (1661/2160) Loading video: DATASET/tokhon/p7_f_tokhon.mp4
[DATASET] (1662/2160) Loading video: DATASET/tokhon/p1_c_tokhon.mp4
[DATASET] (1663/2160) Loading video: DATASET/tokhon/p8_f_tokhon.mp4
[DATASET] (1664/2160) Loading video: DATASET/tokhon/p3_f_tokhon.mp4
[DATASET] (1665/2160) Loading video: DATASET/tokhon/p4_c_tokhon.mp4
[DATASET] (1666/2160) Loading video: DATASET/tokhon/p12_f_tokhon.mp4
[DATASET] (1667/2160) Loading video: DATASET/tokhon/p11_c_tokhon.mp4
[DATASET] (1668/2160) Loading video: DATASET/tokhon/p2_f_tokhon.mp4
[DATASET] (1669/2160) Loading video: DATASET/tokhon/p13_f_tokhon.mp4
[DATASET] (1670/2160) Loading video: DATASET/tokhon/p14_c_tokhon.mp4
[DATASET] (1671/2160) Loading video: DATASET/tokhon/p4_f_tokhon.mp4
[DATASET] (1672/2160) Loading video: DATASET/tokhon/p16_f_tokhon.mp4
[DATASET] (1673/2160) Loading video: DATASET/tokhon/p6_f_tokhon.mp4
[DATASET] (1674/2160) Loading video: DATASET/tokhon/p13_c_tokhon.mp4
[DATASET] (1675/2160) Loading video: DATASET/tokhon/p8_c_tokhon.mp4
[DATASET] (1676/2160) Loading video: DATASET/tokhon/p6_c_tokhon.mp4
[DATASET] (1677/2160) Loading video: DATASET/tokhon/p16_c_tokhon.mp4
[DATASET] (1678/2160) Loading video: DATASET/tokhon/p1_f_tokhon.mp4
[DATASET] (1679/2160) Loading video: DATASET/tokhon/p12_c_tokhon.mp4
[DATASET] (1680/2160) Loading video: DATASET/tokhon/p7_c_tokhon.mp4
[DATASET] (1681/2160) Loading video: DATASET/sustho/p13_f_sustho.mp4
[DATASET] (1682/2160) Loading video: DATASET/sustho/p11_c_sustho.mp4
[DATASET] (1683/2160) Loading video: DATASET/sustho/p4_f_sustho.mp4
[DATASET] (1684/2160) Loading video: DATASET/sustho/p11_f_sustho.mp4
[DATASET] (1685/2160) Loading video: DATASET/sustho/p6_c_sustho.mp4
[DATASET] (1686/2160) Loading video: DATASET/sustho/p13_c_sustho.mp4
[DATASET] (1687/2160) Loading video: DATASET/sustho/p7_f_sustho.mp4
[DATASET] (1688/2160) Loading video: DATASET/sustho/p4_c_sustho.mp4
[DATASET] (1689/2160) Loading video: DATASET/sustho/p16_f_sustho.mp4
[DATASET] (1690/2160) Loading video: DATASET/sustho/p12_f_sustho.mp4
[DATASET] (1691/2160) Loading video: DATASET/sustho/p15_f_sustho.mp4
[DATASET] (1692/2160) Loading video: DATASET/sustho/p8_f_sustho.mp4
[DATASET] (1693/2160) Loading video: DATASET/sustho/p7_c_sustho.mp4
[DATASET] (1694/2160) Loading video: DATASET/sustho/p1_c_sustho.mp4
[DATASET] (1695/2160) Loading video: DATASET/sustho/p3_f_sustho.mp4
[DATASET] (1696/2160) Loading video: DATASET/sustho/p6_f_sustho.mp4
[DATASET] (1697/2160) Loading video: DATASET/sustho/p1_f_sustho.mp4
[DATASET] (1698/2160) Loading video: DATASET/sustho/p14_f_sustho.mp4
[DATASET] (1699/2160) Loading video: DATASET/sustho/p15_c_sustho.mp4
[DATASET] (1700/2160) Loading video: DATASET/sustho/p14_c_sustho.mp4
[DATASET] (1701/2160) Loading video: DATASET/sustho/p12_c_sustho.mp4
[DATASET] (1702/2160) Loading video: DATASET/sustho/p8_c_sustho.mp4
[DATASET] (1703/2160) Loading video: DATASET/sustho/p2_f_sustho.mp4
[DATASET] (1704/2160) Loading video: DATASET/sustho/p16_c_sustho.mp4
[DATASET] (1705/2160) Loading video: DATASET/nurse/p1_c_nurse.mp4
[DATASET] (1706/2160) Loading video: DATASET/nurse/p11_c_nurse.mp4
[DATASET] (1707/2160) Loading video: DATASET/nurse/p14_f_nurse.mp4
[DATASET] (1708/2160) Loading video: DATASET/nurse/p16_c_nurse.mp4
[DATASET] (1709/2160) Loading video: DATASET/nurse/p14_c_nurse.mp4
[DATASET] (1710/2160) Loading video: DATASET/nurse/p12_f_nurse.mp4
[DATASET] (1711/2160) Loading video: DATASET/nurse/p7_c_nurse.mp4
[DATASET] (1712/2160) Loading video: DATASET/nurse/p1_f_nurse.mp4
[DATASET] (1713/2160) Loading video: DATASET/nurse/p12_c_nurse.mp4
[DATASET] (1714/2160) Loading video: DATASET/nurse/p7_f_nurse.mp4
[DATASET] (1715/2160) Loading video: DATASET/nurse/p8_f_nurse.mp4
[DATASET] (1716/2160) Loading video: DATASET/nurse/p15_c_nurse.mp4
[DATASET] (1717/2160) Loading video: DATASET/nurse/p4_f_nurse.mp4
[DATASET] (1718/2160) Loading video: DATASET/nurse/p4_c_nurse.mp4
[DATASET] (1719/2160) Loading video: DATASET/nurse/p6_c_nurse.mp4
[DATASET] (1720/2160) Loading video: DATASET/nurse/p3_f_nurse.mp4
[DATASET] (1721/2160) Loading video: DATASET/nurse/p13_c_nurse.mp4
[DATASET] (1722/2160) Loading video: DATASET/nurse/p8_c_nurse.mp4
[DATASET] (1723/2160) Loading video: DATASET/nurse/p11_f_nurse.mp4
[DATASET] (1724/2160) Loading video: DATASET/nurse/p2_f_nurse.mp4
[DATASET] (1725/2160) Loading video: DATASET/nurse/p13_f_nurse.mp4
[DATASET] (1726/2160) Loading video: DATASET/nurse/p6_f_nurse.mp4
[DATASET] (1727/2160) Loading video: DATASET/nurse/p15_f_nurse.mp4
[DATASET] (1728/2160) Loading video: DATASET/nurse/p16_f_nurse.mp4
[DATASET] (1729/2160) Loading video: DATASET/jodi/p11_f_jodi.mp4
[DATASET] (1730/2160) Loading video: DATASET/jodi/p16_f_jodi.mp4
[DATASET] (1731/2160) Loading video: DATASET/jodi/p4_c_jodi.mp4
[DATASET] (1732/2160) Loading video: DATASET/jodi/p13_c_jodi.mp4
[DATASET] (1733/2160) Loading video: DATASET/jodi/p8_f_jodi.mp4
[DATASET] (1734/2160) Loading video: DATASET/jodi/p8_c_jodi.mp4
[DATASET] (1735/2160) Loading video: DATASET/jodi/p12_f_jodi.mp4
[DATASET] (1736/2160) Loading video: DATASET/jodi/p15_c_jodi.mp4
[DATASET] (1737/2160) Loading video: DATASET/jodi/p7_c_jodi.mp4
[DATASET] (1738/2160) Loading video: DATASET/jodi/p1_f_jodi.mp4
[DATASET] (1739/2160) Loading video: DATASET/jodi/p7_f_jodi.mp4
[DATASET] (1740/2160) Loading video: DATASET/jodi/p3_f_jodi.mp4
[DATASET] (1741/2160) Loading video: DATASET/jodi/p14_f_jodi.mp4
[DATASET] (1742/2160) Loading video: DATASET/jodi/p13_f_jodi.mp4
[DATASET] (1743/2160) Loading video: DATASET/jodi/p1_c_jodi.mp4
[DATASET] (1744/2160) Loading video: DATASET/jodi/p2_f_jodi.mp4
[DATASET] (1745/2160) Loading video: DATASET/jodi/p12_c_jodi.mp4
[DATASET] (1746/2160) Loading video: DATASET/jodi/p6_f_jodi.mp4
[DATASET] (1747/2160) Loading video: DATASET/jodi/p15_f_jodi.mp4
[DATASET] (1748/2160) Loading video: DATASET/jodi/p6_c_jodi.mp4
[DATASET] (1749/2160) Loading video: DATASET/jodi/p4_f_jodi.mp4
[DATASET] (1750/2160) Loading video: DATASET/jodi/p16_c_jodi.mp4
[DATASET] (1751/2160) Loading video: DATASET/jodi/p11_c_jodi.mp4
[DATASET] (1752/2160) Loading video: DATASET/jodi/p14_c_jodi.mp4
[DATASET] (1753/2160) Loading video: DATASET/kothay/p2_f_kothay.mp4
[DATASET] (1754/2160) Loading video: DATASET/kothay/p13_c_kothay.mp4
[DATASET] (1755/2160) Loading video: DATASET/kothay/p4_f_kothay.mp4
[DATASET] (1756/2160) Loading video: DATASET/kothay/p4_c_kothay.mp4
[DATASET] (1757/2160) Loading video: DATASET/kothay/p16_f_kothay.mp4
[DATASET] (1758/2160) Loading video: DATASET/kothay/p11_c_kothay.mp4
[DATASET] (1759/2160) Loading video: DATASET/kothay/p6_f_kothay.mp4
[DATASET] (1760/2160) Loading video: DATASET/kothay/p14_f_kothay.mp4
[DATASET] (1761/2160) Loading video: DATASET/kothay/p15_f_kothay.mp4
[DATASET] (1762/2160) Loading video: DATASET/kothay/p16_c_kothay.mp4
[DATASET] (1763/2160) Loading video: DATASET/kothay/p15_c_kothay.mp4
[DATASET] (1764/2160) Loading video: DATASET/kothay/p6_c_kothay.mp4
[DATASET] (1765/2160) Loading video: DATASET/kothay/p14_c_kothay.mp4
[DATASET] (1766/2160) Loading video: DATASET/kothay/p7_f_kothay.mp4
[DATASET] (1767/2160) Loading video: DATASET/kothay/p12_c_kothay.mp4
[DATASET] (1768/2160) Loading video: DATASET/kothay/p13_f_kothay.mp4
[DATASET] (1769/2160) Loading video: DATASET/kothay/p11_f_kothay.mp4
[DATASET] (1770/2160) Loading video: DATASET/kothay/p8_f_kothay.mp4
[DATASET] (1771/2160) Loading video: DATASET/kothay/p1_c_kothay.mp4
[DATASET] (1772/2160) Loading video: DATASET/kothay/p1_f_kothay.mp4
[DATASET] (1773/2160) Loading video: DATASET/kothay/p8_c_kothay.mp4
[DATASET] (1774/2160) Loading video: DATASET/kothay/p7_c_kothay.mp4
[DATASET] (1775/2160) Loading video: DATASET/kothay/p12_f_kothay.mp4
[DATASET] (1776/2160) Loading video: DATASET/kothay/p3_f_kothay.mp4
[DATASET] (1777/2160) Loading video: DATASET/khoj/p16_f_khoj.mp4
[DATASET] (1778/2160) Loading video: DATASET/khoj/p15_f_khoj.mp4
[DATASET] (1779/2160) Loading video: DATASET/khoj/p2_f_khoj.mp4
[DATASET] (1780/2160) Loading video: DATASET/khoj/p4_c_khoj.mp4
[DATASET] (1781/2160) Loading video: DATASET/khoj/p11_c_khoj.mp4
[DATASET] (1782/2160) Loading video: DATASET/khoj/p8_c_khoj.mp4
[DATASET] (1783/2160) Loading video: DATASET/khoj/p1_c_khoj.mp4
[DATASET] (1784/2160) Loading video: DATASET/khoj/p7_c_khoj.mp4
[DATASET] (1785/2160) Loading video: DATASET/khoj/p1_f_khoj.mp4
[DATASET] (1786/2160) Loading video: DATASET/khoj/p3_f_khoj.mp4
[DATASET] (1787/2160) Loading video: DATASET/khoj/p14_f_khoj.mp4
[DATASET] (1788/2160) Loading video: DATASET/khoj/p7_f_khoj.mp4
[DATASET] (1789/2160) Loading video: DATASET/khoj/p16_c_khoj.mp4
[DATASET] (1790/2160) Loading video: DATASET/khoj/p6_c_khoj.mp4
[DATASET] (1791/2160) Loading video: DATASET/khoj/p4_f_khoj.mp4
[DATASET] (1792/2160) Loading video: DATASET/khoj/p14_c_khoj.mp4
[DATASET] (1793/2160) Loading video: DATASET/khoj/p11_f_khoj.mp4
[DATASET] (1794/2160) Loading video: DATASET/khoj/p13_c_khoj.mp4
[DATASET] (1795/2160) Loading video: DATASET/khoj/p12_f_khoj.mp4
[DATASET] (1796/2160) Loading video: DATASET/khoj/p13_f_khoj.mp4
[DATASET] (1797/2160) Loading video: DATASET/khoj/p12_c_khoj.mp4
[DATASET] (1798/2160) Loading video: DATASET/khoj/p15_c_khoj.mp4
[DATASET] (1799/2160) Loading video: DATASET/khoj/p6_f_khoj.mp4
[DATASET] (1800/2160) Loading video: DATASET/khoj/p8_f_khoj.mp4
[DATASET] (1801/2160) Loading video: DATASET/dengue/p3_f_dengue.mp4
[DATASET] (1802/2160) Loading video: DATASET/dengue/p15_c_dengue.mp4
[DATASET] (1803/2160) Loading video: DATASET/dengue/p4_f_dengue.mp4
[DATASET] (1804/2160) Loading video: DATASET/dengue/p4_c_dengue.mp4
[DATASET] (1805/2160) Loading video: DATASET/dengue/p14_c_dengue.mp4
[DATASET] (1806/2160) Loading video: DATASET/dengue/p12_f_dengue.mp4
[DATASET] (1807/2160) Loading video: DATASET/dengue/p13_f_dengue.mp4
[DATASET] (1808/2160) Loading video: DATASET/dengue/p16_c_dengue.mp4
[DATASET] (1809/2160) Loading video: DATASET/dengue/p7_f_dengue.mp4
[DATASET] (1810/2160) Loading video: DATASET/dengue/p2_f_dengue.mp4
[DATASET] (1811/2160) Loading video: DATASET/dengue/p8_c_dengue.mp4
[DATASET] (1812/2160) Loading video: DATASET/dengue/p6_c_dengue.mp4
[DATASET] (1813/2160) Loading video: DATASET/dengue/p11_f_dengue.mp4
[DATASET] (1814/2160) Loading video: DATASET/dengue/p8_f_dengue.mp4
[DATASET] (1815/2160) Loading video: DATASET/dengue/p11_c_dengue.mp4
[DATASET] (1816/2160) Loading video: DATASET/dengue/p16_f_dengue.mp4
[DATASET] (1817/2160) Loading video: DATASET/dengue/p1_f_dengue.mp4
[DATASET] (1818/2160) Loading video: DATASET/dengue/p7_c_dengue.mp4
[DATASET] (1819/2160) Loading video: DATASET/dengue/p6_f_dengue.mp4
[DATASET] (1820/2160) Loading video: DATASET/dengue/p15_f_dengue.mp4
[DATASET] (1821/2160) Loading video: DATASET/dengue/p1_c_dengue.mp4
[DATASET] (1822/2160) Loading video: DATASET/dengue/p13_c_dengue.mp4
[DATASET] (1823/2160) Loading video: DATASET/dengue/p12_c_dengue.mp4
[DATASET] (1824/2160) Loading video: DATASET/dengue/p14_f_dengue.mp4
[DATASET] (1825/2160) Loading video: DATASET/shanti/p1_c_shanti.mp4
[DATASET] (1826/2160) Loading video: DATASET/shanti/p7_f_shanti.mp4
[DATASET] (1827/2160) Loading video: DATASET/shanti/p2_f_shanti.mp4
[DATASET] (1828/2160) Loading video: DATASET/shanti/p4_c_shanti.mp4
[DATASET] (1829/2160) Loading video: DATASET/shanti/p6_f_shanti.mp4
[DATASET] (1830/2160) Loading video: DATASET/shanti/p13_f_shanti.mp4
[DATASET] (1831/2160) Loading video: DATASET/shanti/p6_c_shanti.mp4
[DATASET] (1832/2160) Loading video: DATASET/shanti/p11_c_shanti.mp4
[DATASET] (1833/2160) Loading video: DATASET/shanti/p15_f_shanti.mp4
[DATASET] (1834/2160) Loading video: DATASET/shanti/p12_f_shanti.mp4
[DATASET] (1835/2160) Loading video: DATASET/shanti/p14_f_shanti.mp4
[DATASET] (1836/2160) Loading video: DATASET/shanti/p4_f_shanti.mp4
[DATASET] (1837/2160) Loading video: DATASET/shanti/p11_f_shanti.mp4
[DATASET] (1838/2160) Loading video: DATASET/shanti/p16_f_shanti.mp4
[DATASET] (1839/2160) Loading video: DATASET/shanti/p7_c_shanti.mp4
[DATASET] (1840/2160) Loading video: DATASET/shanti/p15_c_shanti.mp4
[DATASET] (1841/2160) Loading video: DATASET/shanti/p8_f_shanti.mp4
[DATASET] (1842/2160) Loading video: DATASET/shanti/p13_c_shanti.mp4
[DATASET] (1843/2160) Loading video: DATASET/shanti/p1_f_shanti.mp4
[DATASET] (1844/2160) Loading video: DATASET/shanti/p16_c_shanti.mp4
[DATASET] (1845/2160) Loading video: DATASET/shanti/p14_c_shanti.mp4
[DATASET] (1846/2160) Loading video: DATASET/shanti/p12_c_shanti.mp4
[DATASET] (1847/2160) Loading video: DATASET/shanti/p3_f_shanti.mp4
[DATASET] (1848/2160) Loading video: DATASET/shanti/p8_c_shanti.mp4
[DATASET] (1849/2160) Loading video: DATASET/sombar/p11_c_sombar.mp4
[DATASET] (1850/2160) Loading video: DATASET/sombar/p6_c_sombar.mp4
[DATASET] (1851/2160) Loading video: DATASET/sombar/p4_f_sombar.mp4
[DATASET] (1852/2160) Loading video: DATASET/sombar/p15_c_sombar.mp4
[DATASET] (1853/2160) Loading video: DATASET/sombar/p2_f_sombar.mp4
[DATASET] (1854/2160) Loading video: DATASET/sombar/p16_f_sombar.mp4
[DATASET] (1855/2160) Loading video: DATASET/sombar/p6_f_sombar.mp4
[DATASET] (1856/2160) Loading video: DATASET/sombar/p15_f_sombar.mp4
[DATASET] (1857/2160) Loading video: DATASET/sombar/p1_f_sombar.mp4
[DATASET] (1858/2160) Loading video: DATASET/sombar/p8_f_sombar.mp4
[DATASET] (1859/2160) Loading video: DATASET/sombar/p12_f_sombar.mp4
[DATASET] (1860/2160) Loading video: DATASET/sombar/p14_c_sombar.mp4
[DATASET] (1861/2160) Loading video: DATASET/sombar/p16_c_sombar.mp4
[DATASET] (1862/2160) Loading video: DATASET/sombar/p8_c_sombar.mp4
[DATASET] (1863/2160) Loading video: DATASET/sombar/p14_f_sombar.mp4
[DATASET] (1864/2160) Loading video: DATASET/sombar/p13_f_sombar.mp4
[DATASET] (1865/2160) Loading video: DATASET/sombar/p11_f_sombar.mp4
[DATASET] (1866/2160) Loading video: DATASET/sombar/p13_c_sombar.mp4
[DATASET] (1867/2160) Loading video: DATASET/sombar/p3_f_sombar.mp4
[DATASET] (1868/2160) Loading video: DATASET/sombar/p7_c_sombar.mp4
[DATASET] (1869/2160) Loading video: DATASET/sombar/p7_f_sombar.mp4
[DATASET] (1870/2160) Loading video: DATASET/sombar/p12_c_sombar.mp4
[DATASET] (1871/2160) Loading video: DATASET/sombar/p4_c_sombar.mp4
[DATASET] (1872/2160) Loading video: DATASET/sombar/p1_c_sombar.mp4
[DATASET] (1873/2160) Loading video: DATASET/tv/p13_c_tv.mp4
[DATASET] (1874/2160) Loading video: DATASET/tv/p16_c_tv.mp4
[DATASET] (1875/2160) Loading video: DATASET/tv/p3_f_tv.mp4
[DATASET] (1876/2160) Loading video: DATASET/tv/p4_c_tv.mp4
[DATASET] (1877/2160) Loading video: DATASET/tv/p16_f_tv.mp4
[DATASET] (1878/2160) Loading video: DATASET/tv/p2_f_tv.mp4
[DATASET] (1879/2160) Loading video: DATASET/tv/p8_f_tv.mp4
[DATASET] (1880/2160) Loading video: DATASET/tv/p12_f_tv.mp4
[DATASET] (1881/2160) Loading video: DATASET/tv/p7_c_tv.mp4
[DATASET] (1882/2160) Loading video: DATASET/tv/p7_f_tv.mp4
[DATASET] (1883/2160) Loading video: DATASET/tv/p6_c_tv.mp4
[DATASET] (1884/2160) Loading video: DATASET/tv/p6_f_tv.mp4
[DATASET] (1885/2160) Loading video: DATASET/tv/p8_c_tv.mp4
[DATASET] (1886/2160) Loading video: DATASET/tv/p15_c_tv.mp4
[DATASET] (1887/2160) Loading video: DATASET/tv/p1_c_tv.mp4
[DATASET] (1888/2160) Loading video: DATASET/tv/p15_f_tv.mp4
[DATASET] (1889/2160) Loading video: DATASET/tv/p14_f_tv.mp4
[DATASET] (1890/2160) Loading video: DATASET/tv/p14_c_tv.mp4
[DATASET] (1891/2160) Loading video: DATASET/tv/p4_f_tv.mp4
[DATASET] (1892/2160) Loading video: DATASET/tv/p1_f_tv.mp4
[DATASET] (1893/2160) Loading video: DATASET/tv/p11_c_tv.mp4
[DATASET] (1894/2160) Loading video: DATASET/tv/p12_c_tv.mp4
[DATASET] (1895/2160) Loading video: DATASET/tv/p13_f_tv.mp4
[DATASET] (1896/2160) Loading video: DATASET/tv/p11_f_tv.mp4
[DATASET] (1897/2160) Loading video: DATASET/nodi/p6_f_nodi.mp4
[DATASET] (1898/2160) Loading video: DATASET/nodi/p13_c_nodi.mp4
[DATASET] (1899/2160) Loading video: DATASET/nodi/p12_f_nodi.mp4
[DATASET] (1900/2160) Loading video: DATASET/nodi/p11_f_nodi.mp4
[DATASET] (1901/2160) Loading video: DATASET/nodi/p16_c_nodi.mp4
[DATASET] (1902/2160) Loading video: DATASET/nodi/p2_f_nodi.mp4
[DATASET] (1903/2160) Loading video: DATASET/nodi/p6_c_nodi.mp4
[DATASET] (1904/2160) Loading video: DATASET/nodi/p4_f_nodi.mp4
[DATASET] (1905/2160) Loading video: DATASET/nodi/p14_f_nodi.mp4
[DATASET] (1906/2160) Loading video: DATASET/nodi/p7_f_nodi.mp4
[DATASET] (1907/2160) Loading video: DATASET/nodi/p15_c_nodi.mp4
[DATASET] (1908/2160) Loading video: DATASET/nodi/p8_f_nodi.mp4
[DATASET] (1909/2160) Loading video: DATASET/nodi/p3_f_nodi.mp4
[DATASET] (1910/2160) Loading video: DATASET/nodi/p7_c_nodi.mp4
[DATASET] (1911/2160) Loading video: DATASET/nodi/p8_c_nodi.mp4
[DATASET] (1912/2160) Loading video: DATASET/nodi/p1_c_nodi.mp4
[DATASET] (1913/2160) Loading video: DATASET/nodi/p15_f_nodi.mp4
[DATASET] (1914/2160) Loading video: DATASET/nodi/p14_c_nodi.mp4
[DATASET] (1915/2160) Loading video: DATASET/nodi/p16_f_nodi.mp4
[DATASET] (1916/2160) Loading video: DATASET/nodi/p1_f_nodi.mp4
[DATASET] (1917/2160) Loading video: DATASET/nodi/p11_c_nodi.mp4
[DATASET] (1918/2160) Loading video: DATASET/nodi/p12_c_nodi.mp4
[DATASET] (1919/2160) Loading video: DATASET/nodi/p13_f_nodi.mp4
[DATASET] (1920/2160) Loading video: DATASET/nodi/p4_c_nodi.mp4
[DATASET] (1921/2160) Loading video: DATASET/khelowar/p8_f_khelowar.mp4
[DATASET] (1922/2160) Loading video: DATASET/khelowar/p11_c_khelowar.mp4
[DATASET] (1923/2160) Loading video: DATASET/khelowar/p1_f_khelowar.mp4
[DATASET] (1924/2160) Loading video: DATASET/khelowar/p16_f_khelowar.mp4
[DATASET] (1925/2160) Loading video: DATASET/khelowar/p13_f_khelowar.mp4
[DATASET] (1926/2160) Loading video: DATASET/khelowar/p14_f_khelowar.mp4
[DATASET] (1927/2160) Loading video: DATASET/khelowar/p15_f_khelowar.mp4
[DATASET] (1928/2160) Loading video: DATASET/khelowar/p4_c_khelowar.mp4
[DATASET] (1929/2160) Loading video: DATASET/khelowar/p2_f_khelowar.mp4
[DATASET] (1930/2160) Loading video: DATASET/khelowar/p13_c_khelowar.mp4
[DATASET] (1931/2160) Loading video: DATASET/khelowar/p1_c_khelowar.mp4
[DATASET] (1932/2160) Loading video: DATASET/khelowar/p7_c_khelowar.mp4
[DATASET] (1933/2160) Loading video: DATASET/khelowar/p8_c_khelowar.mp4
[DATASET] (1934/2160) Loading video: DATASET/khelowar/p15_c_khelowar.mp4
[DATASET] (1935/2160) Loading video: DATASET/khelowar/p11_f_khelowar.mp4
[DATASET] (1936/2160) Loading video: DATASET/khelowar/p6_c_khelowar.mp4
[DATASET] (1937/2160) Loading video: DATASET/khelowar/p6_f_khelowar.mp4
[DATASET] (1938/2160) Loading video: DATASET/khelowar/p3_f_khelowar.mp4
[DATASET] (1939/2160) Loading video: DATASET/khelowar/p12_f_khelowar.mp4
[DATASET] (1940/2160) Loading video: DATASET/khelowar/p16_c_khelowar.mp4
[DATASET] (1941/2160) Loading video: DATASET/khelowar/p7_f_khelowar.mp4
[DATASET] (1942/2160) Loading video: DATASET/khelowar/p4_f_khelowar.mp4
[DATASET] (1943/2160) Loading video: DATASET/khelowar/p12_c_khelowar.mp4
[DATASET] (1944/2160) Loading video: DATASET/khelowar/p14_c_khelowar.mp4
[DATASET] (1945/2160) Loading video: DATASET/sandal/p15_f_sandal.mp4
[DATASET] (1946/2160) Loading video: DATASET/sandal/p8_f_sandal.mp4
[DATASET] (1947/2160) Loading video: DATASET/sandal/p8_c_sandal.mp4
[DATASET] (1948/2160) Loading video: DATASET/sandal/p1_f_sandal.mp4
[DATASET] (1949/2160) Loading video: DATASET/sandal/p7_c_sandal.mp4
[DATASET] (1950/2160) Loading video: DATASET/sandal/p16_f_sandal.mp4
[DATASET] (1951/2160) Loading video: DATASET/sandal/p7_f_sandal.mp4
[DATASET] (1952/2160) Loading video: DATASET/sandal/p2_f_sandal.mp4
[DATASET] (1953/2160) Loading video: DATASET/sandal/p3_f_sandal.mp4
[DATASET] (1954/2160) Loading video: DATASET/sandal/p13_c_sandal.mp4
[DATASET] (1955/2160) Loading video: DATASET/sandal/p15_c_sandal.mp4
[DATASET] (1956/2160) Loading video: DATASET/sandal/p6_c_sandal.mp4
[DATASET] (1957/2160) Loading video: DATASET/sandal/p14_f_sandal.mp4
[DATASET] (1958/2160) Loading video: DATASET/sandal/p1_c_sandal.mp4
[DATASET] (1959/2160) Loading video: DATASET/sandal/p12_c_sandal.mp4
[DATASET] (1960/2160) Loading video: DATASET/sandal/p14_c_sandal.mp4
[DATASET] (1961/2160) Loading video: DATASET/sandal/p13_f_sandal.mp4
[DATASET] (1962/2160) Loading video: DATASET/sandal/p11_c_sandal.mp4
[DATASET] (1963/2160) Loading video: DATASET/sandal/p4_c_sandal.mp4
[DATASET] (1964/2160) Loading video: DATASET/sandal/p4_f_sandal.mp4
[DATASET] (1965/2160) Loading video: DATASET/sandal/p12_f_sandal.mp4
[DATASET] (1966/2160) Loading video: DATASET/sandal/p11_f_sandal.mp4
[DATASET] (1967/2160) Loading video: DATASET/sandal/p16_c_sandal.mp4
[DATASET] (1968/2160) Loading video: DATASET/sandal/p6_f_sandal.mp4
[DATASET] (1969/2160) Loading video: DATASET/porisrom/p14_f_porisrom.mp4
[DATASET] (1970/2160) Loading video: DATASET/porisrom/p14_c_porisrom.mp4
[DATASET] (1971/2160) Loading video: DATASET/porisrom/p4_c_porisrom.mp4
[DATASET] (1972/2160) Loading video: DATASET/porisrom/p2_f_porisrom.mp4
[DATASET] (1973/2160) Loading video: DATASET/porisrom/p13_c_porisrom.mp4
[DATASET] (1974/2160) Loading video: DATASET/porisrom/p3_f_porisrom.mp4
[DATASET] (1975/2160) Loading video: DATASET/porisrom/p15_f_porisrom.mp4
[DATASET] (1976/2160) Loading video: DATASET/porisrom/p11_c_porisrom.mp4
[DATASET] (1977/2160) Loading video: DATASET/porisrom/p16_f_porisrom.mp4
[DATASET] (1978/2160) Loading video: DATASET/porisrom/p8_f_porisrom.mp4
[DATASET] (1979/2160) Loading video: DATASET/porisrom/p6_c_porisrom.mp4
[DATASET] (1980/2160) Loading video: DATASET/porisrom/p12_c_porisrom.mp4
[DATASET] (1981/2160) Loading video: DATASET/porisrom/p1_f_porisrom.mp4
[DATASET] (1982/2160) Loading video: DATASET/porisrom/p1_c_porisrom.mp4
[DATASET] (1983/2160) Loading video: DATASET/porisrom/p7_c_porisrom.mp4
[DATASET] (1984/2160) Loading video: DATASET/porisrom/p16_c_porisrom.mp4
[DATASET] (1985/2160) Loading video: DATASET/porisrom/p12_f_porisrom.mp4
[DATASET] (1986/2160) Loading video: DATASET/porisrom/p15_c_porisrom.mp4
[DATASET] (1987/2160) Loading video: DATASET/porisrom/p11_f_porisrom.mp4
[DATASET] (1988/2160) Loading video: DATASET/porisrom/p6_f_porisrom.mp4
[DATASET] (1989/2160) Loading video: DATASET/porisrom/p8_c_porisrom.mp4
[DATASET] (1990/2160) Loading video: DATASET/porisrom/p13_f_porisrom.mp4
[DATASET] (1991/2160) Loading video: DATASET/porisrom/p7_f_porisrom.mp4
[DATASET] (1992/2160) Loading video: DATASET/porisrom/p4_f_porisrom.mp4
[DATASET] (1993/2160) Loading video: DATASET/jiggasha/p13_f_jiggasha.mp4
[DATASET] (1994/2160) Loading video: DATASET/jiggasha/p1_c_jiggasha.mp4
[DATASET] (1995/2160) Loading video: DATASET/jiggasha/p4_c_jiggasha.mp4
[DATASET] (1996/2160) Loading video: DATASET/jiggasha/p8_f_jiggasha.mp4
[DATASET] (1997/2160) Loading video: DATASET/jiggasha/p6_f_jiggasha.mp4
[DATASET] (1998/2160) Loading video: DATASET/jiggasha/p12_f_jiggasha.mp4
[DATASET] (1999/2160) Loading video: DATASET/jiggasha/p8_c_jiggasha.mp4
[DATASET] (2000/2160) Loading video: DATASET/jiggasha/p7_f_jiggasha.mp4
[DATASET] (2001/2160) Loading video: DATASET/jiggasha/p6_c_jiggasha.mp4
[DATASET] (2002/2160) Loading video: DATASET/jiggasha/p11_f_jiggasha.mp4
[DATASET] (2003/2160) Loading video: DATASET/jiggasha/p14_f_jiggasha.mp4
[DATASET] (2004/2160) Loading video: DATASET/jiggasha/p12_c_jiggasha.mp4
[DATASET] (2005/2160) Loading video: DATASET/jiggasha/p16_c_jiggasha.mp4
[DATASET] (2006/2160) Loading video: DATASET/jiggasha/p15_f_jiggasha.mp4
[DATASET] (2007/2160) Loading video: DATASET/jiggasha/p13_c_jiggasha.mp4
[DATASET] (2008/2160) Loading video: DATASET/jiggasha/p2_f_jiggasha.mp4
[DATASET] (2009/2160) Loading video: DATASET/jiggasha/p7_c_jiggasha.mp4
[DATASET] (2010/2160) Loading video: DATASET/jiggasha/p14_c_jiggasha.mp4
[DATASET] (2011/2160) Loading video: DATASET/jiggasha/p15_c_jiggasha.mp4
[DATASET] (2012/2160) Loading video: DATASET/jiggasha/p3_f_jiggasha.mp4
[DATASET] (2013/2160) Loading video: DATASET/jiggasha/p1_f_jiggasha.mp4
[DATASET] (2014/2160) Loading video: DATASET/jiggasha/p11_c_jiggasha.mp4
[DATASET] (2015/2160) Loading video: DATASET/jiggasha/p4_f_jiggasha.mp4
[DATASET] (2016/2160) Loading video: DATASET/jiggasha/p16_f_jiggasha.mp4
[DATASET] (2017/2160) Loading video: DATASET/ki/p6_f_ki.mp4
[DATASET] (2018/2160) Loading video: DATASET/ki/p15_f_ki.mp4
[DATASET] (2019/2160) Loading video: DATASET/ki/p12_f_ki.mp4
[DATASET] (2020/2160) Loading video: DATASET/ki/p11_f_ki.mp4
[DATASET] (2021/2160) Loading video: DATASET/ki/p11_c_ki.mp4
[DATASET] (2022/2160) Loading video: DATASET/ki/p2_f_ki.mp4
[DATASET] (2023/2160) Loading video: DATASET/ki/p16_f_ki.mp4
[DATASET] (2024/2160) Loading video: DATASET/ki/p15_c_ki.mp4
[DATASET] (2025/2160) Loading video: DATASET/ki/p1_f_ki.mp4
[DATASET] (2026/2160) Loading video: DATASET/ki/p16_c_ki.mp4
[DATASET] (2027/2160) Loading video: DATASET/ki/p6_c_ki.mp4
[DATASET] (2028/2160) Loading video: DATASET/ki/p14_c_ki.mp4
[DATASET] (2029/2160) Loading video: DATASET/ki/p7_c_ki.mp4
[DATASET] (2030/2160) Loading video: DATASET/ki/p14_f_ki.mp4
[DATASET] (2031/2160) Loading video: DATASET/ki/p3_f_ki.mp4
[DATASET] (2032/2160) Loading video: DATASET/ki/p13_f_ki.mp4
[DATASET] (2033/2160) Loading video: DATASET/ki/p12_c_ki.mp4
[DATASET] (2034/2160) Loading video: DATASET/ki/p4_c_ki.mp4
[DATASET] (2035/2160) Loading video: DATASET/ki/p8_f_ki.mp4
[DATASET] (2036/2160) Loading video: DATASET/ki/p4_f_ki.mp4
[DATASET] (2037/2160) Loading video: DATASET/ki/p8_c_ki.mp4
[DATASET] (2038/2160) Loading video: DATASET/ki/p1_c_ki.mp4
[DATASET] (2039/2160) Loading video: DATASET/ki/p7_f_ki.mp4
[DATASET] (2040/2160) Loading video: DATASET/ki/p13_c_ki.mp4
[DATASET] (2041/2160) Loading video: DATASET/bichana/p8_c_bichana.mp4
[DATASET] (2042/2160) Loading video: DATASET/bichana/p7_c_bichana.mp4
[DATASET] (2043/2160) Loading video: DATASET/bichana/p8_f_bichana.mp4
[DATASET] (2044/2160) Loading video: DATASET/bichana/p12_c_bichana.mp4
[DATASET] (2045/2160) Loading video: DATASET/bichana/p7_f_bichana.mp4
[DATASET] (2046/2160) Loading video: DATASET/bichana/p15_c_bichana.mp4
[DATASET] (2047/2160) Loading video: DATASET/bichana/p11_c_bichana.mp4
[DATASET] (2048/2160) Loading video: DATASET/bichana/p11_f_bichana.mp4
[DATASET] (2049/2160) Loading video: DATASET/bichana/p4_c_bichana.mp4
[DATASET] (2050/2160) Loading video: DATASET/bichana/p6_c_bichana.mp4
[DATASET] (2051/2160) Loading video: DATASET/bichana/p16_c_bichana.mp4
[DATASET] (2052/2160) Loading video: DATASET/bichana/p12_f_bichana.mp4
[DATASET] (2053/2160) Loading video: DATASET/bichana/p1_f_bichana.mp4
[DATASET] (2054/2160) Loading video: DATASET/bichana/p14_f_bichana.mp4
[DATASET] (2055/2160) Loading video: DATASET/bichana/p4_f_bichana.mp4
[DATASET] (2056/2160) Loading video: DATASET/bichana/p3_f_bichana.mp4
[DATASET] (2057/2160) Loading video: DATASET/bichana/p16_f_bichana.mp4
[DATASET] (2058/2160) Loading video: DATASET/bichana/p14_c_bichana.mp4
[DATASET] (2059/2160) Loading video: DATASET/bichana/p2_f_bichana.mp4
[DATASET] (2060/2160) Loading video: DATASET/bichana/p13_f_bichana.mp4
[DATASET] (2061/2160) Loading video: DATASET/bichana/p6_f_bichana.mp4
[DATASET] (2062/2160) Loading video: DATASET/bichana/p13_c_bichana.mp4
[DATASET] (2063/2160) Loading video: DATASET/bichana/p1_c_bichana.mp4
[DATASET] (2064/2160) Loading video: DATASET/bichana/p15_f_bichana.mp4
[DATASET] (2065/2160) Loading video: DATASET/somoy/p7_c_somoy.mp4
[DATASET] (2066/2160) Loading video: DATASET/somoy/p15_f_somoy.mp4
[DATASET] (2067/2160) Loading video: DATASET/somoy/p4_c_somoy.mp4
[DATASET] (2068/2160) Loading video: DATASET/somoy/p16_c_somoy.mp4
[DATASET] (2069/2160) Loading video: DATASET/somoy/p4_f_somoy.mp4
[DATASET] (2070/2160) Loading video: DATASET/somoy/p13_c_somoy.mp4
[DATASET] (2071/2160) Loading video: DATASET/somoy/p8_c_somoy.mp4
[DATASET] (2072/2160) Loading video: DATASET/somoy/p7_f_somoy.mp4
[DATASET] (2073/2160) Loading video: DATASET/somoy/p1_f_somoy.mp4
[DATASET] (2074/2160) Loading video: DATASET/somoy/p6_f_somoy.mp4
[DATASET] (2075/2160) Loading video: DATASET/somoy/p8_f_somoy.mp4
[DATASET] (2076/2160) Loading video: DATASET/somoy/p12_c_somoy.mp4
[DATASET] (2077/2160) Loading video: DATASET/somoy/p15_c_somoy.mp4
[DATASET] (2078/2160) Loading video: DATASET/somoy/p2_f_somoy.mp4
[DATASET] (2079/2160) Loading video: DATASET/somoy/p11_c_somoy.mp4
[DATASET] (2080/2160) Loading video: DATASET/somoy/p16_f_somoy.mp4
[DATASET] (2081/2160) Loading video: DATASET/somoy/p14_f_somoy.mp4
[DATASET] (2082/2160) Loading video: DATASET/somoy/p14_c_somoy.mp4
[DATASET] (2083/2160) Loading video: DATASET/somoy/p13_f_somoy.mp4
[DATASET] (2084/2160) Loading video: DATASET/somoy/p12_f_somoy.mp4
[DATASET] (2085/2160) Loading video: DATASET/somoy/p11_f_somoy.mp4
[DATASET] (2086/2160) Loading video: DATASET/somoy/p1_c_somoy.mp4
[DATASET] (2087/2160) Loading video: DATASET/somoy/p6_c_somoy.mp4
[DATASET] (2088/2160) Loading video: DATASET/somoy/p3_f_somoy.mp4
[DATASET] (2089/2160) Loading video: DATASET/orna/p14_f_orna.mp4
[DATASET] (2090/2160) Loading video: DATASET/orna/p11_c_orna.mp4
[DATASET] (2091/2160) Loading video: DATASET/orna/p8_f_orna.mp4
[DATASET] (2092/2160) Loading video: DATASET/orna/p13_f_orna.mp4
[DATASET] (2093/2160) Loading video: DATASET/orna/p6_f_orna.mp4
[DATASET] (2094/2160) Loading video: DATASET/orna/p1_f_orna.mp4
[DATASET] (2095/2160) Loading video: DATASET/orna/p12_c_orna.mp4
[DATASET] (2096/2160) Loading video: DATASET/orna/p6_c_orna.mp4
[DATASET] (2097/2160) Loading video: DATASET/orna/p16_f_orna.mp4
[DATASET] (2098/2160) Loading video: DATASET/orna/p4_f_orna.mp4
[DATASET] (2099/2160) Loading video: DATASET/orna/p16_c_orna.mp4
[DATASET] (2100/2160) Loading video: DATASET/orna/p7_f_orna.mp4
[DATASET] (2101/2160) Loading video: DATASET/orna/p8_c_orna.mp4
[DATASET] (2102/2160) Loading video: DATASET/orna/p4_c_orna.mp4
[DATASET] (2103/2160) Loading video: DATASET/orna/p13_c_orna.mp4
[DATASET] (2104/2160) Loading video: DATASET/orna/p7_c_orna.mp4
[DATASET] (2105/2160) Loading video: DATASET/orna/p1_c_orna.mp4
[DATASET] (2106/2160) Loading video: DATASET/orna/p12_f_orna.mp4
[DATASET] (2107/2160) Loading video: DATASET/orna/p15_f_orna.mp4
[DATASET] (2108/2160) Loading video: DATASET/orna/p15_c_orna.mp4
[DATASET] (2109/2160) Loading video: DATASET/orna/p11_f_orna.mp4
[DATASET] (2110/2160) Loading video: DATASET/orna/p3_f_orna.mp4
[DATASET] (2111/2160) Loading video: DATASET/orna/p14_c_orna.mp4
[DATASET] (2112/2160) Loading video: DATASET/orna/p2_f_orna.mp4
[DATASET] (2113/2160) Loading video: DATASET/protibeshi/p8_f_protibeshi.mp4
[DATASET] (2114/2160) Loading video: DATASET/protibeshi/p14_f_protibeshi.mp4
[DATASET] (2115/2160) Loading video: DATASET/protibeshi/p2_f_protibeshi.mp4
[DATASET] (2116/2160) Loading video: DATASET/protibeshi/p14_c_protibeshi.mp4
[DATASET] (2117/2160) Loading video: DATASET/protibeshi/p16_c_protibeshi.mp4
[DATASET] (2118/2160) Loading video: DATASET/protibeshi/p15_c_protibeshi.mp4
[DATASET] (2119/2160) Loading video: DATASET/protibeshi/p13_f_protibeshi.mp4
[DATASET] (2120/2160) Loading video: DATASET/protibeshi/p4_c_protibeshi.mp4
[DATASET] (2121/2160) Loading video: DATASET/protibeshi/p12_f_protibeshi.mp4
[DATASET] (2122/2160) Loading video: DATASET/protibeshi/p8_c_protibeshi.mp4
[DATASET] (2123/2160) Loading video: DATASET/protibeshi/p7_c_protibeshi.mp4
[DATASET] (2124/2160) Loading video: DATASET/protibeshi/p1_f_protibeshi.mp4
[DATASET] (2125/2160) Loading video: DATASET/protibeshi/p3_f_protibeshi.mp4
[DATASET] (2126/2160) Loading video: DATASET/protibeshi/p15_f_protibeshi.mp4
[DATASET] (2127/2160) Loading video: DATASET/protibeshi/p16_f_protibeshi.mp4
[DATASET] (2128/2160) Loading video: DATASET/protibeshi/p4_f_protibeshi.mp4
[DATASET] (2129/2160) Loading video: DATASET/protibeshi/p6_f_protibeshi.mp4
[DATASET] (2130/2160) Loading video: DATASET/protibeshi/p1_c_protibeshi.mp4
[DATASET] (2131/2160) Loading video: DATASET/protibeshi/p12_c_protibeshi.mp4
[DATASET] (2132/2160) Loading video: DATASET/protibeshi/p7_f_protibeshi.mp4
[DATASET] (2133/2160) Loading video: DATASET/protibeshi/p6_c_protibeshi.mp4
[DATASET] (2134/2160) Loading video: DATASET/protibeshi/p11_c_protibeshi.mp4
[DATASET] (2135/2160) Loading video: DATASET/protibeshi/p11_f_protibeshi.mp4
[DATASET] (2136/2160) Loading video: DATASET/protibeshi/p13_c_protibeshi.mp4
[DATASET] (2137/2160) Loading video: DATASET/attio/p13_c_attio.mp4
[DATASET] (2138/2160) Loading video: DATASET/attio/p11_c_attio.mp4
[DATASET] (2139/2160) Loading video: DATASET/attio/p7_f_attio.mp4
[DATASET] (2140/2160) Loading video: DATASET/attio/p15_c_attio.mp4
[DATASET] (2141/2160) Loading video: DATASET/attio/p3_f_attio.mp4
[DATASET] (2142/2160) Loading video: DATASET/attio/p14_c_attio.mp4
[DATASET] (2143/2160) Loading video: DATASET/attio/p4_c_attio.mp4
[DATASET] (2144/2160) Loading video: DATASET/attio/p1_c_attio.mp4
[DATASET] (2145/2160) Loading video: DATASET/attio/p6_f_attio.mp4
[DATASET] (2146/2160) Loading video: DATASET/attio/p16_c_attio.mp4
[DATASET] (2147/2160) Loading video: DATASET/attio/p13_f_attio.mp4
[DATASET] (2148/2160) Loading video: DATASET/attio/p1_f_attio.mp4
[DATASET] (2149/2160) Loading video: DATASET/attio/p12_c_attio.mp4
[DATASET] (2150/2160) Loading video: DATASET/attio/p7_c_attio.mp4
[DATASET] (2151/2160) Loading video: DATASET/attio/p11_f_attio.mp4
[DATASET] (2152/2160) Loading video: DATASET/attio/p2_f_attio.mp4
[DATASET] (2153/2160) Loading video: DATASET/attio/p15_f_attio.mp4
[DATASET] (2154/2160) Loading video: DATASET/attio/p6_c_attio.mp4
[DATASET] (2155/2160) Loading video: DATASET/attio/p16_f_attio.mp4
[DATASET] (2156/2160) Loading video: DATASET/attio/p12_f_attio.mp4
[DATASET] (2157/2160) Loading video: DATASET/attio/p8_f_attio.mp4
[DATASET] (2158/2160) Loading video: DATASET/attio/p4_f_attio.mp4
[DATASET] (2159/2160) Loading video: DATASET/attio/p14_f_attio.mp4
[DATASET] (2160/2160) Loading video: DATASET/attio/p8_c_attio.mp4
[DATASET] Finished processing 2160 videos.
[DATASET] Saving dataset cache to: train_dataset.pt
[DATASET] Cache saved successfully.
Processing videos, this may take a while ...
[DATASET] (1/540) Loading video: DATASET/subidha/p10_c_subidha.mp4
[DATASET] (2/540) Loading video: DATASET/subidha/p9_c_subidha.mp4
[DATASET] (3/540) Loading video: DATASET/subidha/p10_f_subidha.mp4
[DATASET] (4/540) Loading video: DATASET/subidha/p5_c_subidha.mp4
[DATASET] (5/540) Loading video: DATASET/subidha/p5_f_subidha.mp4
[DATASET] (6/540) Loading video: DATASET/subidha/p9_f_subidha.mp4
[DATASET] (7/540) Loading video: DATASET/golarhaar/p9_f_golarhaar.mp4
[DATASET] (8/540) Loading video: DATASET/golarhaar/p10_c_golarhaar.mp4
[DATASET] (9/540) Loading video: DATASET/golarhaar/p9_c_golarhaar.mp4
[DATASET] (10/540) Loading video: DATASET/golarhaar/p5_c_golarhaar.mp4
[DATASET] (11/540) Loading video: DATASET/golarhaar/p10_f_golarhaar.mp4
[DATASET] (12/540) Loading video: DATASET/golarhaar/p5_f_golarhaar.mp4
[DATASET] (13/540) Loading video: DATASET/boro/p9_f_boro.mp4
[DATASET] (14/540) Loading video: DATASET/boro/p9_c_boro.mp4
[DATASET] (15/540) Loading video: DATASET/boro/p5_c_boro.mp4
[DATASET] (16/540) Loading video: DATASET/boro/p10_f_boro.mp4
[DATASET] (17/540) Loading video: DATASET/boro/p5_f_boro.mp4
[DATASET] (18/540) Loading video: DATASET/boro/p10_c_boro.mp4
[DATASET] (19/540) Loading video: DATASET/gach/p10_c_gach.mp4
[DATASET] (20/540) Loading video: DATASET/gach/p9_f_gach.mp4
[DATASET] (21/540) Loading video: DATASET/gach/p9_c_gach.mp4
[DATASET] (22/540) Loading video: DATASET/gach/p5_f_gach.mp4
[DATASET] (23/540) Loading video: DATASET/gach/p5_c_gach.mp4
[DATASET] (24/540) Loading video: DATASET/gach/p10_f_gach.mp4
[DATASET] (25/540) Loading video: DATASET/protijogita/p9_c_protijogita.mp4
[DATASET] (26/540) Loading video: DATASET/protijogita/p10_c_protijogita.mp4
[DATASET] (27/540) Loading video: DATASET/protijogita/p5_c_protijogita.mp4
[DATASET] (28/540) Loading video: DATASET/protijogita/p9_f_protijogita.mp4
[DATASET] (29/540) Loading video: DATASET/protijogita/p5_f_protijogita.mp4
[DATASET] (30/540) Loading video: DATASET/protijogita/p10_f_protijogita.mp4
[DATASET] (31/540) Loading video: DATASET/mask/p9_c_mask.mp4
[DATASET] (32/540) Loading video: DATASET/mask/p10_c_mask.mp4
[DATASET] (33/540) Loading video: DATASET/mask/p5_c_mask.mp4
[DATASET] (34/540) Loading video: DATASET/mask/p5_f_mask.mp4
[DATASET] (35/540) Loading video: DATASET/mask/p9_f_mask.mp4
[DATASET] (36/540) Loading video: DATASET/mask/p10_f_mask.mp4
[DATASET] (37/540) Loading video: DATASET/sajano/p5_f_sajano.mp4
[DATASET] (38/540) Loading video: DATASET/sajano/p5_c_sajano.mp4
[DATASET] (39/540) Loading video: DATASET/sajano/p9_c_sajano.mp4
[DATASET] (40/540) Loading video: DATASET/sajano/p10_f_sajano.mp4
[DATASET] (41/540) Loading video: DATASET/sajano/p10_c_sajano.mp4
[DATASET] (42/540) Loading video: DATASET/sajano/p9_f_sajano.mp4
[DATASET] (43/540) Loading video: DATASET/hata/p10_f_hata.mp4
[DATASET] (44/540) Loading video: DATASET/hata/p9_f_hata.mp4
[DATASET] (45/540) Loading video: DATASET/hata/p5_f_hata.mp4
[DATASET] (46/540) Loading video: DATASET/hata/p9_c_hata.mp4
[DATASET] (47/540) Loading video: DATASET/hata/p5_c_hata.mp4
[DATASET] (48/540) Loading video: DATASET/hata/p10_c_hata.mp4
[DATASET] (49/540) Loading video: DATASET/dudh/p9_c_dudh.mp4
[DATASET] (50/540) Loading video: DATASET/dudh/p5_f_dudh.mp4
[DATASET] (51/540) Loading video: DATASET/dudh/p5_c_dudh.mp4
[DATASET] (52/540) Loading video: DATASET/dudh/p10_c_dudh.mp4
[DATASET] (53/540) Loading video: DATASET/dudh/p10_f_dudh.mp4
[DATASET] (54/540) Loading video: DATASET/dudh/p9_f_dudh.mp4
[DATASET] (55/540) Loading video: DATASET/sahajjo/p10_f_sahajjo.mp4
[DATASET] (56/540) Loading video: DATASET/sahajjo/p10_c_sahajjo.mp4
[DATASET] (57/540) Loading video: DATASET/sahajjo/p9_f_sahajjo.mp4
[DATASET] (58/540) Loading video: DATASET/sahajjo/p9_c_sahajjo.mp4
[DATASET] (59/540) Loading video: DATASET/sahajjo/p5_f_sahajjo.mp4
[DATASET] (60/540) Loading video: DATASET/sahajjo/p5_c_sahajjo.mp4
[DATASET] (61/540) Loading video: DATASET/shirt/p10_c_shirt.mp4
[DATASET] (62/540) Loading video: DATASET/shirt/p5_c_shirt.mp4
[DATASET] (63/540) Loading video: DATASET/shirt/p10_f_shirt.mp4
[DATASET] (64/540) Loading video: DATASET/shirt/p5_f_shirt.mp4
[DATASET] (65/540) Loading video: DATASET/shirt/p9_f_shirt.mp4
[DATASET] (66/540) Loading video: DATASET/shirt/p9_c_shirt.mp4
[DATASET] (67/540) Loading video: DATASET/pakhi/p9_c_pakhi.mp4
[DATASET] (68/540) Loading video: DATASET/pakhi/p10_c_pakhi.mp4
[DATASET] (69/540) Loading video: DATASET/pakhi/p5_c_pakhi.mp4
[DATASET] (70/540) Loading video: DATASET/pakhi/p10_f_pakhi.mp4
[DATASET] (71/540) Loading video: DATASET/pakhi/p9_f_pakhi.mp4
[DATASET] (72/540) Loading video: DATASET/pakhi/p5_f_pakhi.mp4
[DATASET] (73/540) Loading video: DATASET/protigga/p9_f_protigga.mp4
[DATASET] (74/540) Loading video: DATASET/protigga/p10_c_protigga.mp4
[DATASET] (75/540) Loading video: DATASET/protigga/p5_c_protigga.mp4
[DATASET] (76/540) Loading video: DATASET/protigga/p5_f_protigga.mp4
[DATASET] (77/540) Loading video: DATASET/protigga/p10_f_protigga.mp4
[DATASET] (78/540) Loading video: DATASET/protigga/p9_c_protigga.mp4
[DATASET] (79/540) Loading video: DATASET/moja/p5_f_moja.mp4
[DATASET] (80/540) Loading video: DATASET/moja/p5_c_moja.mp4
[DATASET] (81/540) Loading video: DATASET/moja/p10_f_moja.mp4
[DATASET] (82/540) Loading video: DATASET/moja/p9_c_moja.mp4
[DATASET] (83/540) Loading video: DATASET/moja/p9_f_moja.mp4
[DATASET] (84/540) Loading video: DATASET/moja/p10_c_moja.mp4
[DATASET] (85/540) Loading video: DATASET/chikitsha/p5_c_chikitsha.mp4
[DATASET] (86/540) Loading video: DATASET/chikitsha/p10_f_chikitsha.mp4
[DATASET] (87/540) Loading video: DATASET/chikitsha/p9_f_chikitsha.mp4
[DATASET] (88/540) Loading video: DATASET/chikitsha/p9_c_chikitsha.mp4
[DATASET] (89/540) Loading video: DATASET/chikitsha/p5_f_chikitsha.mp4
[DATASET] (90/540) Loading video: DATASET/chikitsha/p10_c_chikitsha.mp4
[DATASET] (91/540) Loading video: DATASET/bondhu/p10_f_bondhu.mp4
[DATASET] (92/540) Loading video: DATASET/bondhu/p10_c_bondhu.mp4
[DATASET] (93/540) Loading video: DATASET/bondhu/p9_f_bondhu.mp4
[DATASET] (94/540) Loading video: DATASET/bondhu/p5_c_bondhu.mp4
[DATASET] (95/540) Loading video: DATASET/bondhu/p5_f_bondhu.mp4
[DATASET] (96/540) Loading video: DATASET/bondhu/p9_c_bondhu.mp4
[DATASET] (97/540) Loading video: DATASET/mehman/p9_f_mehman.mp4
[DATASET] (98/540) Loading video: DATASET/mehman/p9_c_mehman.mp4
[DATASET] (99/540) Loading video: DATASET/mehman/p5_f_mehman.mp4
[DATASET] (100/540) Loading video: DATASET/mehman/p10_f_mehman.mp4
[DATASET] (101/540) Loading video: DATASET/mehman/p5_c_mehman.mp4
[DATASET] (102/540) Loading video: DATASET/mehman/p10_c_mehman.mp4
[DATASET] (103/540) Loading video: DATASET/mosha/p9_f_mosha.mp4
[DATASET] (104/540) Loading video: DATASET/mosha/p9_c_mosha.mp4
[DATASET] (105/540) Loading video: DATASET/mosha/p5_c_mosha.mp4
[DATASET] (106/540) Loading video: DATASET/mosha/p5_f_mosha.mp4
[DATASET] (107/540) Loading video: DATASET/mosha/p10_f_mosha.mp4
[DATASET] (108/540) Loading video: DATASET/mosha/p10_c_mosha.mp4
[DATASET] (109/540) Loading video: DATASET/somporko/p10_f_somporko.mp4
[DATASET] (110/540) Loading video: DATASET/somporko/p9_c_somporko.mp4
[DATASET] (111/540) Loading video: DATASET/somporko/p9_f_somporko.mp4
[DATASET] (112/540) Loading video: DATASET/somporko/p10_c_somporko.mp4
[DATASET] (113/540) Loading video: DATASET/somporko/p5_f_somporko.mp4
[DATASET] (114/540) Loading video: DATASET/somporko/p5_c_somporko.mp4
[DATASET] (115/540) Loading video: DATASET/virus/p5_c_virus.mp4
[DATASET] (116/540) Loading video: DATASET/virus/p10_f_virus.mp4
[DATASET] (117/540) Loading video: DATASET/virus/p10_c_virus.mp4
[DATASET] (118/540) Loading video: DATASET/virus/p5_f_virus.mp4
[DATASET] (119/540) Loading video: DATASET/virus/p9_f_virus.mp4
[DATASET] (120/540) Loading video: DATASET/virus/p9_c_virus.mp4
[DATASET] (121/540) Loading video: DATASET/baari/p10_f_baari.mp4
[DATASET] (122/540) Loading video: DATASET/baari/p5_f_baari.mp4
[DATASET] (123/540) Loading video: DATASET/baari/p10_c_baari.mp4
[DATASET] (124/540) Loading video: DATASET/baari/p5_c_baari.mp4
[DATASET] (125/540) Loading video: DATASET/baari/p9_f_baari.mp4
[DATASET] (126/540) Loading video: DATASET/baari/p9_c_baari.mp4
[DATASET] (127/540) Loading video: DATASET/plate/p9_c_plate.mp4
[DATASET] (128/540) Loading video: DATASET/plate/p10_f_plate.mp4
[DATASET] (129/540) Loading video: DATASET/plate/p9_f_plate.mp4
[DATASET] (130/540) Loading video: DATASET/plate/p5_f_plate.mp4
[DATASET] (131/540) Loading video: DATASET/plate/p5_c_plate.mp4
[DATASET] (132/540) Loading video: DATASET/plate/p10_c_plate.mp4
[DATASET] (133/540) Loading video: DATASET/chair/p10_c_chair.mp4
[DATASET] (134/540) Loading video: DATASET/chair/p9_c_chair.mp4
[DATASET] (135/540) Loading video: DATASET/chair/p5_c_chair.mp4
[DATASET] (136/540) Loading video: DATASET/chair/p9_f_chair.mp4
[DATASET] (137/540) Loading video: DATASET/chair/p5_f_chair.mp4
[DATASET] (138/540) Loading video: DATASET/chair/p10_f_chair.mp4
[DATASET] (139/540) Loading video: DATASET/protibondhi/p10_f_protibondhi.mp4
[DATASET] (140/540) Loading video: DATASET/protibondhi/p5_f_protibondhi.mp4
[DATASET] (141/540) Loading video: DATASET/protibondhi/p10_c_protibondhi.mp4
[DATASET] (142/540) Loading video: DATASET/protibondhi/p9_f_protibondhi.mp4
[DATASET] (143/540) Loading video: DATASET/protibondhi/p5_c_protibondhi.mp4
[DATASET] (144/540) Loading video: DATASET/protibondhi/p9_c_protibondhi.mp4
[DATASET] (145/540) Loading video: DATASET/boi/p5_f_boi.mp4
[DATASET] (146/540) Loading video: DATASET/boi/p10_f_boi.mp4
[DATASET] (147/540) Loading video: DATASET/boi/p5_c_boi.mp4
[DATASET] (148/540) Loading video: DATASET/boi/p9_c_boi.mp4
[DATASET] (149/540) Loading video: DATASET/boi/p10_c_boi.mp4
[DATASET] (150/540) Loading video: DATASET/boi/p9_f_boi.mp4
[DATASET] (151/540) Loading video: DATASET/chosma/p9_f_chosma.mp4
[DATASET] (152/540) Loading video: DATASET/chosma/p5_f_chosma.mp4
[DATASET] (153/540) Loading video: DATASET/chosma/p9_c_chosma.mp4
[DATASET] (154/540) Loading video: DATASET/chosma/p10_c_chosma.mp4
[DATASET] (155/540) Loading video: DATASET/chosma/p5_c_chosma.mp4
[DATASET] (156/540) Loading video: DATASET/chosma/p10_f_chosma.mp4
[DATASET] (157/540) Loading video: DATASET/goru/p10_c_goru.mp4
[DATASET] (158/540) Loading video: DATASET/goru/p10_f_goru.mp4
[DATASET] (159/540) Loading video: DATASET/goru/p9_f_goru.mp4
[DATASET] (160/540) Loading video: DATASET/goru/p5_f_goru.mp4
[DATASET] (161/540) Loading video: DATASET/goru/p9_c_goru.mp4
[DATASET] (162/540) Loading video: DATASET/goru/p5_c_goru.mp4
[DATASET] (163/540) Loading video: DATASET/durbol/p10_f_durbol.mp4
[DATASET] (164/540) Loading video: DATASET/durbol/p5_c_durbol.mp4
[DATASET] (165/540) Loading video: DATASET/durbol/p10_c_durbol.mp4
[DATASET] (166/540) Loading video: DATASET/durbol/p9_c_durbol.mp4
[DATASET] (167/540) Loading video: DATASET/durbol/p9_f_durbol.mp4
[DATASET] (168/540) Loading video: DATASET/durbol/p5_f_durbol.mp4
[DATASET] (169/540) Loading video: DATASET/plastic/p5_c_plastic.mp4
[DATASET] (170/540) Loading video: DATASET/plastic/p10_f_plastic.mp4
[DATASET] (171/540) Loading video: DATASET/plastic/p9_f_plastic.mp4
[DATASET] (172/540) Loading video: DATASET/plastic/p10_c_plastic.mp4
[DATASET] (173/540) Loading video: DATASET/plastic/p9_c_plastic.mp4
[DATASET] (174/540) Loading video: DATASET/plastic/p5_f_plastic.mp4
[DATASET] (175/540) Loading video: DATASET/hospital/p9_c_hospital.mp4
[DATASET] (176/540) Loading video: DATASET/hospital/p10_f_hospital.mp4
[DATASET] (177/540) Loading video: DATASET/hospital/p10_c_hospital.mp4
[DATASET] (178/540) Loading video: DATASET/hospital/p9_f_hospital.mp4
[DATASET] (179/540) Loading video: DATASET/hospital/p5_c_hospital.mp4
[DATASET] (180/540) Loading video: DATASET/hospital/p5_f_hospital.mp4
[DATASET] (181/540) Loading video: DATASET/pora/p9_c_pora.mp4
[DATASET] (182/540) Loading video: DATASET/pora/p10_c_pora.mp4
[DATASET] (183/540) Loading video: DATASET/pora/p10_f_pora.mp4
[DATASET] (184/540) Loading video: DATASET/pora/p9_f_pora.mp4
[DATASET] (185/540) Loading video: DATASET/pora/p5_f_pora.mp4
[DATASET] (186/540) Loading video: DATASET/pora/p5_c_pora.mp4
[DATASET] (187/540) Loading video: DATASET/lekha/p10_f_lekha.mp4
[DATASET] (188/540) Loading video: DATASET/lekha/p9_f_lekha.mp4
[DATASET] (189/540) Loading video: DATASET/lekha/p9_c_lekha.mp4
[DATASET] (190/540) Loading video: DATASET/lekha/p5_f_lekha.mp4
[DATASET] (191/540) Loading video: DATASET/lekha/p10_c_lekha.mp4
[DATASET] (192/540) Loading video: DATASET/lekha/p5_c_lekha.mp4
[DATASET] (193/540) Loading video: DATASET/sotto/p9_c_sotto.mp4
[DATASET] (194/540) Loading video: DATASET/sotto/p5_c_sotto.mp4
[DATASET] (195/540) Loading video: DATASET/sotto/p10_c_sotto.mp4
[DATASET] (196/540) Loading video: DATASET/sotto/p10_f_sotto.mp4
[DATASET] (197/540) Loading video: DATASET/sotto/p9_f_sotto.mp4
[DATASET] (198/540) Loading video: DATASET/sotto/p5_f_sotto.mp4
[DATASET] (199/540) Loading video: DATASET/doctor/p9_c_doctor.mp4
[DATASET] (200/540) Loading video: DATASET/doctor/p10_c_doctor.mp4
[DATASET] (201/540) Loading video: DATASET/doctor/p5_f_doctor.mp4
[DATASET] (202/540) Loading video: DATASET/doctor/p9_f_doctor.mp4
[DATASET] (203/540) Loading video: DATASET/doctor/p5_c_doctor.mp4
[DATASET] (204/540) Loading video: DATASET/doctor/p10_f_doctor.mp4
[DATASET] (205/540) Loading video: DATASET/agun/p9_f_agun.mp4
[DATASET] (206/540) Loading video: DATASET/agun/p10_c_agun.mp4
[DATASET] (207/540) Loading video: DATASET/agun/p10_f_agun.mp4
[DATASET] (208/540) Loading video: DATASET/agun/p5_c_agun.mp4
[DATASET] (209/540) Loading video: DATASET/agun/p5_f_agun.mp4
[DATASET] (210/540) Loading video: DATASET/agun/p9_c_agun.mp4
[DATASET] (211/540) Loading video: DATASET/football/p9_c_football.mp4
[DATASET] (212/540) Loading video: DATASET/football/p9_f_football.mp4
[DATASET] (213/540) Loading video: DATASET/football/p5_f_football.mp4
[DATASET] (214/540) Loading video: DATASET/football/p5_c_football.mp4
[DATASET] (215/540) Loading video: DATASET/football/p10_f_football.mp4
[DATASET] (216/540) Loading video: DATASET/football/p10_c_football.mp4
[DATASET] (217/540) Loading video: DATASET/kintu/p5_f_kintu.mp4
[DATASET] (218/540) Loading video: DATASET/kintu/p10_c_kintu.mp4
[DATASET] (219/540) Loading video: DATASET/kintu/p5_c_kintu.mp4
[DATASET] (220/540) Loading video: DATASET/kintu/p9_c_kintu.mp4
[DATASET] (221/540) Loading video: DATASET/kintu/p10_f_kintu.mp4
[DATASET] (222/540) Loading video: DATASET/kintu/p9_f_kintu.mp4
[DATASET] (223/540) Loading video: DATASET/bagan/p10_c_bagan.mp4
[DATASET] (224/540) Loading video: DATASET/bagan/p5_f_bagan.mp4
[DATASET] (225/540) Loading video: DATASET/bagan/p10_f_bagan.mp4
[DATASET] (226/540) Loading video: DATASET/bagan/p9_c_bagan.mp4
[DATASET] (227/540) Loading video: DATASET/bagan/p5_c_bagan.mp4
[DATASET] (228/540) Loading video: DATASET/bagan/p9_f_bagan.mp4
[DATASET] (229/540) Loading video: DATASET/aangti/p5_f_aangti.mp4
[DATASET] (230/540) Loading video: DATASET/aangti/p10_f_aangti.mp4
[DATASET] (231/540) Loading video: DATASET/aangti/p9_c_aangti.mp4
[DATASET] (232/540) Loading video: DATASET/aangti/p10_c_aangti.mp4
[DATASET] (233/540) Loading video: DATASET/aangti/p5_c_aangti.mp4
[DATASET] (234/540) Loading video: DATASET/aangti/p9_f_aangti.mp4
[DATASET] (235/540) Loading video: DATASET/chata/p10_c_chata.mp4
[DATASET] (236/540) Loading video: DATASET/chata/p5_c_chata.mp4
[DATASET] (237/540) Loading video: DATASET/chata/p10_f_chata.mp4
[DATASET] (238/540) Loading video: DATASET/chata/p9_f_chata.mp4
[DATASET] (239/540) Loading video: DATASET/chata/p5_f_chata.mp4
[DATASET] (240/540) Loading video: DATASET/chata/p9_c_chata.mp4
[DATASET] (241/540) Loading video: DATASET/prosno/p10_c_prosno.mp4
[DATASET] (242/540) Loading video: DATASET/prosno/p5_f_prosno.mp4
[DATASET] (243/540) Loading video: DATASET/prosno/p9_c_prosno.mp4
[DATASET] (244/540) Loading video: DATASET/prosno/p9_f_prosno.mp4
[DATASET] (245/540) Loading video: DATASET/prosno/p5_c_prosno.mp4
[DATASET] (246/540) Loading video: DATASET/prosno/p10_f_prosno.mp4
[DATASET] (247/540) Loading video: DATASET/valobasha/p9_f_valobasha.mp4
[DATASET] (248/540) Loading video: DATASET/valobasha/p10_f_valobasha.mp4
[DATASET] (249/540) Loading video: DATASET/valobasha/p10_c_valobasha.mp4
[DATASET] (250/540) Loading video: DATASET/valobasha/p5_f_valobasha.mp4
[DATASET] (251/540) Loading video: DATASET/valobasha/p5_c_valobasha.mp4
[DATASET] (252/540) Loading video: DATASET/valobasha/p9_c_valobasha.mp4
[DATASET] (253/540) Loading video: DATASET/robibar/p5_f_robibar.mp4
[DATASET] (254/540) Loading video: DATASET/robibar/p10_c_robibar.mp4
[DATASET] (255/540) Loading video: DATASET/robibar/p10_f_robibar.mp4
[DATASET] (256/540) Loading video: DATASET/robibar/p9_f_robibar.mp4
[DATASET] (257/540) Loading video: DATASET/robibar/p5_c_robibar.mp4
[DATASET] (258/540) Loading video: DATASET/robibar/p9_c_robibar.mp4
[DATASET] (259/540) Loading video: DATASET/ghori/p10_c_ghori.mp4
[DATASET] (260/540) Loading video: DATASET/ghori/p9_c_ghori.mp4
[DATASET] (261/540) Loading video: DATASET/ghori/p10_f_ghori.mp4
[DATASET] (262/540) Loading video: DATASET/ghori/p5_c_ghori.mp4
[DATASET] (263/540) Loading video: DATASET/ghori/p5_f_ghori.mp4
[DATASET] (264/540) Loading video: DATASET/ghori/p9_f_ghori.mp4
[DATASET] (265/540) Loading video: DATASET/soktishali/p9_f_soktishali.mp4
[DATASET] (266/540) Loading video: DATASET/soktishali/p5_f_soktishali.mp4
[DATASET] (267/540) Loading video: DATASET/soktishali/p9_c_soktishali.mp4
[DATASET] (268/540) Loading video: DATASET/soktishali/p5_c_soktishali.mp4
[DATASET] (269/540) Loading video: DATASET/soktishali/p10_f_soktishali.mp4
[DATASET] (270/540) Loading video: DATASET/soktishali/p10_c_soktishali.mp4
[DATASET] (271/540) Loading video: DATASET/dorja/p9_c_dorja.mp4
[DATASET] (272/540) Loading video: DATASET/dorja/p9_f_dorja.mp4
[DATASET] (273/540) Loading video: DATASET/dorja/p10_f_dorja.mp4
[DATASET] (274/540) Loading video: DATASET/dorja/p5_f_dorja.mp4
[DATASET] (275/540) Loading video: DATASET/dorja/p10_c_dorja.mp4
[DATASET] (276/540) Loading video: DATASET/dorja/p5_c_dorja.mp4
[DATASET] (277/540) Loading video: DATASET/upodesh/p10_f_upodesh.mp4
[DATASET] (278/540) Loading video: DATASET/upodesh/p5_c_upodesh.mp4
[DATASET] (279/540) Loading video: DATASET/upodesh/p10_c_upodesh.mp4
[DATASET] (280/540) Loading video: DATASET/upodesh/p9_c_upodesh.mp4
[DATASET] (281/540) Loading video: DATASET/upodesh/p9_f_upodesh.mp4
[DATASET] (282/540) Loading video: DATASET/upodesh/p5_f_upodesh.mp4
[DATASET] (283/540) Loading video: DATASET/chocolate/p9_f_chocolate.mp4
[DATASET] (284/540) Loading video: DATASET/chocolate/p5_f_chocolate.mp4
[DATASET] (285/540) Loading video: DATASET/chocolate/p10_f_chocolate.mp4
[DATASET] (286/540) Loading video: DATASET/chocolate/p5_c_chocolate.mp4
[DATASET] (287/540) Loading video: DATASET/chocolate/p9_c_chocolate.mp4
[DATASET] (288/540) Loading video: DATASET/chocolate/p10_c_chocolate.mp4
[DATASET] (289/540) Loading video: DATASET/onumoti/p9_c_onumoti.mp4
[DATASET] (290/540) Loading video: DATASET/onumoti/p5_c_onumoti.mp4
[DATASET] (291/540) Loading video: DATASET/onumoti/p9_f_onumoti.mp4
[DATASET] (292/540) Loading video: DATASET/onumoti/p10_c_onumoti.mp4
[DATASET] (293/540) Loading video: DATASET/onumoti/p5_f_onumoti.mp4
[DATASET] (294/540) Loading video: DATASET/onumoti/p10_f_onumoti.mp4
[DATASET] (295/540) Loading video: DATASET/shikkhok/p10_f_shikkhok.mp4
[DATASET] (296/540) Loading video: DATASET/shikkhok/p5_f_shikkhok.mp4
[DATASET] (297/540) Loading video: DATASET/shikkhok/p10_c_shikkhok.mp4
[DATASET] (298/540) Loading video: DATASET/shikkhok/p9_f_shikkhok.mp4
[DATASET] (299/540) Loading video: DATASET/shikkhok/p9_c_shikkhok.mp4
[DATASET] (300/540) Loading video: DATASET/shikkhok/p5_c_shikkhok.mp4
[DATASET] (301/540) Loading video: DATASET/chih/p5_f_chih.mp4
[DATASET] (302/540) Loading video: DATASET/chih/p10_c_chih.mp4
[DATASET] (303/540) Loading video: DATASET/chih/p9_c_chih.mp4
[DATASET] (304/540) Loading video: DATASET/chih/p10_f_chih.mp4
[DATASET] (305/540) Loading video: DATASET/chih/p9_f_chih.mp4
[DATASET] (306/540) Loading video: DATASET/chih/p5_c_chih.mp4
[DATASET] (307/540) Loading video: DATASET/jokhon/p10_f_jokhon.mp4
[DATASET] (308/540) Loading video: DATASET/jokhon/p5_f_jokhon.mp4
[DATASET] (309/540) Loading video: DATASET/jokhon/p9_c_jokhon.mp4
[DATASET] (310/540) Loading video: DATASET/jokhon/p5_c_jokhon.mp4
[DATASET] (311/540) Loading video: DATASET/jokhon/p9_f_jokhon.mp4
[DATASET] (312/540) Loading video: DATASET/jokhon/p10_c_jokhon.mp4
[DATASET] (313/540) Loading video: DATASET/uvoy/p10_f_uvoy.mp4
[DATASET] (314/540) Loading video: DATASET/uvoy/p5_c_uvoy.mp4
[DATASET] (315/540) Loading video: DATASET/uvoy/p5_f_uvoy.mp4
[DATASET] (316/540) Loading video: DATASET/uvoy/p9_c_uvoy.mp4
[DATASET] (317/540) Loading video: DATASET/uvoy/p9_f_uvoy.mp4
[DATASET] (318/540) Loading video: DATASET/uvoy/p10_c_uvoy.mp4
[DATASET] (319/540) Loading video: DATASET/ovivabok/p5_f_ovivabok.mp4
[DATASET] (320/540) Loading video: DATASET/ovivabok/p10_f_ovivabok.mp4
[DATASET] (321/540) Loading video: DATASET/ovivabok/p9_f_ovivabok.mp4
[DATASET] (322/540) Loading video: DATASET/ovivabok/p10_c_ovivabok.mp4
[DATASET] (323/540) Loading video: DATASET/ovivabok/p9_c_ovivabok.mp4
[DATASET] (324/540) Loading video: DATASET/ovivabok/p5_c_ovivabok.mp4
[DATASET] (325/540) Loading video: DATASET/poriskar/p9_c_poriskar.mp4
[DATASET] (326/540) Loading video: DATASET/poriskar/p5_f_poriskar.mp4
[DATASET] (327/540) Loading video: DATASET/poriskar/p10_f_poriskar.mp4
[DATASET] (328/540) Loading video: DATASET/poriskar/p5_c_poriskar.mp4
[DATASET] (329/540) Loading video: DATASET/poriskar/p10_c_poriskar.mp4
[DATASET] (330/540) Loading video: DATASET/poriskar/p9_f_poriskar.mp4
[DATASET] (331/540) Loading video: DATASET/choto/p9_c_choto.mp4
[DATASET] (332/540) Loading video: DATASET/choto/p10_c_choto.mp4
[DATASET] (333/540) Loading video: DATASET/choto/p5_c_choto.mp4
[DATASET] (334/540) Loading video: DATASET/choto/p9_f_choto.mp4
[DATASET] (335/540) Loading video: DATASET/choto/p5_f_choto.mp4
[DATASET] (336/540) Loading video: DATASET/choto/p10_f_choto.mp4
[DATASET] (337/540) Loading video: DATASET/raat/p5_c_raat.mp4
[DATASET] (338/540) Loading video: DATASET/raat/p9_c_raat.mp4
[DATASET] (339/540) Loading video: DATASET/raat/p10_c_raat.mp4
[DATASET] (340/540) Loading video: DATASET/raat/p5_f_raat.mp4
[DATASET] (341/540) Loading video: DATASET/raat/p9_f_raat.mp4
[DATASET] (342/540) Loading video: DATASET/raat/p10_f_raat.mp4
[DATASET] (343/540) Loading video: DATASET/sotru/p5_c_sotru.mp4
[DATASET] (344/540) Loading video: DATASET/sotru/p9_f_sotru.mp4
[DATASET] (345/540) Loading video: DATASET/sotru/p9_c_sotru.mp4
[DATASET] (346/540) Loading video: DATASET/sotru/p10_f_sotru.mp4
[DATASET] (347/540) Loading video: DATASET/sotru/p5_f_sotru.mp4
[DATASET] (348/540) Loading video: DATASET/sotru/p10_c_sotru.mp4
[DATASET] (349/540) Loading video: DATASET/khela/p5_c_khela.mp4
[DATASET] (350/540) Loading video: DATASET/khela/p10_c_khela.mp4
[DATASET] (351/540) Loading video: DATASET/khela/p9_c_khela.mp4
[DATASET] (352/540) Loading video: DATASET/khela/p9_f_khela.mp4
[DATASET] (353/540) Loading video: DATASET/khela/p5_f_khela.mp4
[DATASET] (354/540) Loading video: DATASET/khela/p10_f_khela.mp4
[DATASET] (355/540) Loading video: DATASET/sharee/p9_f_sharee.mp4
[DATASET] (356/540) Loading video: DATASET/sharee/p10_c_sharee.mp4
[DATASET] (357/540) Loading video: DATASET/sharee/p5_f_sharee.mp4
[DATASET] (358/540) Loading video: DATASET/sharee/p10_f_sharee.mp4
[DATASET] (359/540) Loading video: DATASET/sharee/p9_c_sharee.mp4
[DATASET] (360/540) Loading video: DATASET/sharee/p5_c_sharee.mp4
[DATASET] (361/540) Loading video: DATASET/ador/p9_f_ador.mp4
[DATASET] (362/540) Loading video: DATASET/ador/p10_c_ador.mp4
[DATASET] (363/540) Loading video: DATASET/ador/p5_c_ador.mp4
[DATASET] (364/540) Loading video: DATASET/ador/p5_f_ador.mp4
[DATASET] (365/540) Loading video: DATASET/ador/p10_f_ador.mp4
[DATASET] (366/540) Loading video: DATASET/ador/p9_c_ador.mp4
[DATASET] (367/540) Loading video: DATASET/sroddha/p10_f_sroddha.mp4
[DATASET] (368/540) Loading video: DATASET/sroddha/p9_c_sroddha.mp4
[DATASET] (369/540) Loading video: DATASET/sroddha/p5_c_sroddha.mp4
[DATASET] (370/540) Loading video: DATASET/sroddha/p5_f_sroddha.mp4
[DATASET] (371/540) Loading video: DATASET/sroddha/p10_c_sroddha.mp4
[DATASET] (372/540) Loading video: DATASET/sroddha/p9_f_sroddha.mp4
[DATASET] (373/540) Loading video: DATASET/table/p9_c_table.mp4
[DATASET] (374/540) Loading video: DATASET/table/p10_c_table.mp4
[DATASET] (375/540) Loading video: DATASET/table/p9_f_table.mp4
[DATASET] (376/540) Loading video: DATASET/table/p5_c_table.mp4
[DATASET] (377/540) Loading video: DATASET/table/p5_f_table.mp4
[DATASET] (378/540) Loading video: DATASET/table/p10_f_table.mp4
[DATASET] (379/540) Loading video: DATASET/pant/p9_c_pant.mp4
[DATASET] (380/540) Loading video: DATASET/pant/p9_f_pant.mp4
[DATASET] (381/540) Loading video: DATASET/pant/p5_f_pant.mp4
[DATASET] (382/540) Loading video: DATASET/pant/p10_c_pant.mp4
[DATASET] (383/540) Loading video: DATASET/pant/p10_f_pant.mp4
[DATASET] (384/540) Loading video: DATASET/pant/p5_c_pant.mp4
[DATASET] (385/540) Loading video: DATASET/janala/p5_c_janala.mp4
[DATASET] (386/540) Loading video: DATASET/janala/p10_f_janala.mp4
[DATASET] (387/540) Loading video: DATASET/janala/p9_f_janala.mp4
[DATASET] (388/540) Loading video: DATASET/janala/p10_c_janala.mp4
[DATASET] (389/540) Loading video: DATASET/janala/p9_c_janala.mp4
[DATASET] (390/540) Loading video: DATASET/janala/p5_f_janala.mp4
[DATASET] (391/540) Loading video: DATASET/cricket/p10_f_cricket.mp4
[DATASET] (392/540) Loading video: DATASET/cricket/p9_f_cricket.mp4
[DATASET] (393/540) Loading video: DATASET/cricket/p5_f_cricket.mp4
[DATASET] (394/540) Loading video: DATASET/cricket/p5_c_cricket.mp4
[DATASET] (395/540) Loading video: DATASET/cricket/p9_c_cricket.mp4
[DATASET] (396/540) Loading video: DATASET/cricket/p10_c_cricket.mp4
[DATASET] (397/540) Loading video: DATASET/chabi/p5_f_chabi.mp4
[DATASET] (398/540) Loading video: DATASET/chabi/p5_c_chabi.mp4
[DATASET] (399/540) Loading video: DATASET/chabi/p10_c_chabi.mp4
[DATASET] (400/540) Loading video: DATASET/chabi/p9_c_chabi.mp4
[DATASET] (401/540) Loading video: DATASET/chabi/p10_f_chabi.mp4
[DATASET] (402/540) Loading video: DATASET/chabi/p9_f_chabi.mp4
[DATASET] (403/540) Loading video: DATASET/shona/p10_c_shona.mp4
[DATASET] (404/540) Loading video: DATASET/shona/p5_c_shona.mp4
[DATASET] (405/540) Loading video: DATASET/shona/p10_f_shona.mp4
[DATASET] (406/540) Loading video: DATASET/shona/p9_f_shona.mp4
[DATASET] (407/540) Loading video: DATASET/shona/p5_f_shona.mp4
[DATASET] (408/540) Loading video: DATASET/shona/p9_c_shona.mp4
[DATASET] (409/540) Loading video: DATASET/chad/p9_f_chad.mp4
[DATASET] (410/540) Loading video: DATASET/chad/p10_f_chad.mp4
[DATASET] (411/540) Loading video: DATASET/chad/p5_f_chad.mp4
[DATASET] (412/540) Loading video: DATASET/chad/p5_c_chad.mp4
[DATASET] (413/540) Loading video: DATASET/chad/p9_c_chad.mp4
[DATASET] (414/540) Loading video: DATASET/chad/p10_c_chad.mp4
[DATASET] (415/540) Loading video: DATASET/tokhon/p9_c_tokhon.mp4
[DATASET] (416/540) Loading video: DATASET/tokhon/p5_c_tokhon.mp4
[DATASET] (417/540) Loading video: DATASET/tokhon/p9_f_tokhon.mp4
[DATASET] (418/540) Loading video: DATASET/tokhon/p10_f_tokhon.mp4
[DATASET] (419/540) Loading video: DATASET/tokhon/p10_c_tokhon.mp4
[DATASET] (420/540) Loading video: DATASET/tokhon/p5_f_tokhon.mp4
[DATASET] (421/540) Loading video: DATASET/sustho/p5_c_sustho.mp4
[DATASET] (422/540) Loading video: DATASET/sustho/p9_c_sustho.mp4
[DATASET] (423/540) Loading video: DATASET/sustho/p10_f_sustho.mp4
[DATASET] (424/540) Loading video: DATASET/sustho/p10_c_sustho.mp4
[DATASET] (425/540) Loading video: DATASET/sustho/p5_f_sustho.mp4
[DATASET] (426/540) Loading video: DATASET/sustho/p9_f_sustho.mp4
[DATASET] (427/540) Loading video: DATASET/nurse/p5_c_nurse.mp4
[DATASET] (428/540) Loading video: DATASET/nurse/p10_c_nurse.mp4
[DATASET] (429/540) Loading video: DATASET/nurse/p5_f_nurse.mp4
[DATASET] (430/540) Loading video: DATASET/nurse/p9_f_nurse.mp4
[DATASET] (431/540) Loading video: DATASET/nurse/p9_c_nurse.mp4
[DATASET] (432/540) Loading video: DATASET/nurse/p10_f_nurse.mp4
[DATASET] (433/540) Loading video: DATASET/jodi/p5_f_jodi.mp4
[DATASET] (434/540) Loading video: DATASET/jodi/p10_c_jodi.mp4
[DATASET] (435/540) Loading video: DATASET/jodi/p5_c_jodi.mp4
[DATASET] (436/540) Loading video: DATASET/jodi/p10_f_jodi.mp4
[DATASET] (437/540) Loading video: DATASET/jodi/p9_f_jodi.mp4
[DATASET] (438/540) Loading video: DATASET/jodi/p9_c_jodi.mp4
[DATASET] (439/540) Loading video: DATASET/kothay/p5_f_kothay.mp4
[DATASET] (440/540) Loading video: DATASET/kothay/p10_f_kothay.mp4
[DATASET] (441/540) Loading video: DATASET/kothay/p10_c_kothay.mp4
[DATASET] (442/540) Loading video: DATASET/kothay/p5_c_kothay.mp4
[DATASET] (443/540) Loading video: DATASET/kothay/p9_c_kothay.mp4
[DATASET] (444/540) Loading video: DATASET/kothay/p9_f_kothay.mp4
[DATASET] (445/540) Loading video: DATASET/khoj/p9_f_khoj.mp4
[DATASET] (446/540) Loading video: DATASET/khoj/p5_c_khoj.mp4
[DATASET] (447/540) Loading video: DATASET/khoj/p9_c_khoj.mp4
[DATASET] (448/540) Loading video: DATASET/khoj/p10_c_khoj.mp4
[DATASET] (449/540) Loading video: DATASET/khoj/p5_f_khoj.mp4
[DATASET] (450/540) Loading video: DATASET/khoj/p10_f_khoj.mp4
[DATASET] (451/540) Loading video: DATASET/dengue/p5_c_dengue.mp4
[DATASET] (452/540) Loading video: DATASET/dengue/p5_f_dengue.mp4
[DATASET] (453/540) Loading video: DATASET/dengue/p10_f_dengue.mp4
[DATASET] (454/540) Loading video: DATASET/dengue/p9_f_dengue.mp4
[DATASET] (455/540) Loading video: DATASET/dengue/p10_c_dengue.mp4
[DATASET] (456/540) Loading video: DATASET/dengue/p9_c_dengue.mp4
[DATASET] (457/540) Loading video: DATASET/shanti/p9_f_shanti.mp4
[DATASET] (458/540) Loading video: DATASET/shanti/p9_c_shanti.mp4
[DATASET] (459/540) Loading video: DATASET/shanti/p5_c_shanti.mp4
[DATASET] (460/540) Loading video: DATASET/shanti/p5_f_shanti.mp4
[DATASET] (461/540) Loading video: DATASET/shanti/p10_f_shanti.mp4
[DATASET] (462/540) Loading video: DATASET/shanti/p10_c_shanti.mp4
[DATASET] (463/540) Loading video: DATASET/sombar/p9_f_sombar.mp4
[DATASET] (464/540) Loading video: DATASET/sombar/p5_c_sombar.mp4
[DATASET] (465/540) Loading video: DATASET/sombar/p5_f_sombar.mp4
[DATASET] (466/540) Loading video: DATASET/sombar/p10_f_sombar.mp4
[DATASET] (467/540) Loading video: DATASET/sombar/p9_c_sombar.mp4
[DATASET] (468/540) Loading video: DATASET/sombar/p10_c_sombar.mp4
[DATASET] (469/540) Loading video: DATASET/tv/p10_f_tv.mp4
[DATASET] (470/540) Loading video: DATASET/tv/p5_f_tv.mp4
[DATASET] (471/540) Loading video: DATASET/tv/p9_f_tv.mp4
[DATASET] (472/540) Loading video: DATASET/tv/p10_c_tv.mp4
[DATASET] (473/540) Loading video: DATASET/tv/p5_c_tv.mp4
[DATASET] (474/540) Loading video: DATASET/tv/p9_c_tv.mp4
[DATASET] (475/540) Loading video: DATASET/nodi/p5_f_nodi.mp4
[DATASET] (476/540) Loading video: DATASET/nodi/p5_c_nodi.mp4
[DATASET] (477/540) Loading video: DATASET/nodi/p9_c_nodi.mp4
[DATASET] (478/540) Loading video: DATASET/nodi/p10_c_nodi.mp4
[DATASET] (479/540) Loading video: DATASET/nodi/p10_f_nodi.mp4
[DATASET] (480/540) Loading video: DATASET/nodi/p9_f_nodi.mp4
[DATASET] (481/540) Loading video: DATASET/khelowar/p10_c_khelowar.mp4
[DATASET] (482/540) Loading video: DATASET/khelowar/p10_f_khelowar.mp4
[DATASET] (483/540) Loading video: DATASET/khelowar/p5_f_khelowar.mp4
[DATASET] (484/540) Loading video: DATASET/khelowar/p9_c_khelowar.mp4
[DATASET] (485/540) Loading video: DATASET/khelowar/p5_c_khelowar.mp4
[DATASET] (486/540) Loading video: DATASET/khelowar/p9_f_khelowar.mp4
[DATASET] (487/540) Loading video: DATASET/sandal/p10_c_sandal.mp4
[DATASET] (488/540) Loading video: DATASET/sandal/p9_f_sandal.mp4
[DATASET] (489/540) Loading video: DATASET/sandal/p5_c_sandal.mp4
[DATASET] (490/540) Loading video: DATASET/sandal/p5_f_sandal.mp4
[DATASET] (491/540) Loading video: DATASET/sandal/p9_c_sandal.mp4
[DATASET] (492/540) Loading video: DATASET/sandal/p10_f_sandal.mp4
[DATASET] (493/540) Loading video: DATASET/porisrom/p10_c_porisrom.mp4
[DATASET] (494/540) Loading video: DATASET/porisrom/p5_f_porisrom.mp4
[DATASET] (495/540) Loading video: DATASET/porisrom/p5_c_porisrom.mp4
[DATASET] (496/540) Loading video: DATASET/porisrom/p9_c_porisrom.mp4
[DATASET] (497/540) Loading video: DATASET/porisrom/p10_f_porisrom.mp4
[DATASET] (498/540) Loading video: DATASET/porisrom/p9_f_porisrom.mp4
[DATASET] (499/540) Loading video: DATASET/jiggasha/p5_c_jiggasha.mp4
[DATASET] (500/540) Loading video: DATASET/jiggasha/p5_f_jiggasha.mp4
[DATASET] (501/540) Loading video: DATASET/jiggasha/p9_c_jiggasha.mp4
[DATASET] (502/540) Loading video: DATASET/jiggasha/p9_f_jiggasha.mp4
[DATASET] (503/540) Loading video: DATASET/jiggasha/p10_f_jiggasha.mp4
[DATASET] (504/540) Loading video: DATASET/jiggasha/p10_c_jiggasha.mp4
[DATASET] (505/540) Loading video: DATASET/ki/p9_f_ki.mp4
[DATASET] (506/540) Loading video: DATASET/ki/p5_f_ki.mp4
[DATASET] (507/540) Loading video: DATASET/ki/p5_c_ki.mp4
[DATASET] (508/540) Loading video: DATASET/ki/p10_c_ki.mp4
[DATASET] (509/540) Loading video: DATASET/ki/p10_f_ki.mp4
[DATASET] (510/540) Loading video: DATASET/ki/p9_c_ki.mp4
[DATASET] (511/540) Loading video: DATASET/bichana/p5_c_bichana.mp4
[DATASET] (512/540) Loading video: DATASET/bichana/p9_f_bichana.mp4
[DATASET] (513/540) Loading video: DATASET/bichana/p10_c_bichana.mp4
[DATASET] (514/540) Loading video: DATASET/bichana/p10_f_bichana.mp4
[DATASET] (515/540) Loading video: DATASET/bichana/p9_c_bichana.mp4
[DATASET] (516/540) Loading video: DATASET/bichana/p5_f_bichana.mp4
[DATASET] (517/540) Loading video: DATASET/somoy/p10_f_somoy.mp4
[DATASET] (518/540) Loading video: DATASET/somoy/p5_c_somoy.mp4
[DATASET] (519/540) Loading video: DATASET/somoy/p5_f_somoy.mp4
[DATASET] (520/540) Loading video: DATASET/somoy/p9_f_somoy.mp4
[DATASET] (521/540) Loading video: DATASET/somoy/p9_c_somoy.mp4
[DATASET] (522/540) Loading video: DATASET/somoy/p10_c_somoy.mp4
[DATASET] (523/540) Loading video: DATASET/orna/p9_f_orna.mp4
[DATASET] (524/540) Loading video: DATASET/orna/p9_c_orna.mp4
[DATASET] (525/540) Loading video: DATASET/orna/p10_c_orna.mp4
[DATASET] (526/540) Loading video: DATASET/orna/p5_f_orna.mp4
[DATASET] (527/540) Loading video: DATASET/orna/p10_f_orna.mp4
[DATASET] (528/540) Loading video: DATASET/orna/p5_c_orna.mp4
[DATASET] (529/540) Loading video: DATASET/protibeshi/p10_c_protibeshi.mp4
[DATASET] (530/540) Loading video: DATASET/protibeshi/p10_f_protibeshi.mp4
[DATASET] (531/540) Loading video: DATASET/protibeshi/p9_c_protibeshi.mp4
[DATASET] (532/540) Loading video: DATASET/protibeshi/p5_f_protibeshi.mp4
[DATASET] (533/540) Loading video: DATASET/protibeshi/p9_f_protibeshi.mp4
[DATASET] (534/540) Loading video: DATASET/protibeshi/p5_c_protibeshi.mp4
[DATASET] (535/540) Loading video: DATASET/attio/p5_c_attio.mp4
[DATASET] (536/540) Loading video: DATASET/attio/p9_f_attio.mp4
[DATASET] (537/540) Loading video: DATASET/attio/p9_c_attio.mp4
[DATASET] (538/540) Loading video: DATASET/attio/p5_f_attio.mp4
[DATASET] (539/540) Loading video: DATASET/attio/p10_f_attio.mp4
[DATASET] (540/540) Loading video: DATASET/attio/p10_c_attio.mp4
[DATASET] Finished processing 540 videos.
[DATASET] Saving dataset cache to: test_dataset.pt
[DATASET] Cache saved successfully.
/home/user5/anaconda3/envs/cs7643-a1/lib/python3.14/site-packages/torch/nn/modules/transformer.py:392: UserWarning: enable_nested_tensor is True, but self.use_nested_tensor is False because encoder_layer.self_attn.batch_first was not True(use batch_first for better inference performance)
  warnings.warn(
Number of training samples: 2160
Number of test samples: 540
Unique labels: [ 0  1  2  3  4  5  6  7  8  9 10 11 12 13 14 15 16 17 18 19 20 21 22 23
 24 25 26 27 28 29 30 31 32 33 34 35 36 37 38 39 40 41 42 43 44 45 46 47
 48 49 50 51 52 53 54 55 56 57 58 59 60 61 62 63 64 65 66 67 68 69 70 71
 72 73 74 75 76 77 78 79 80 81 82 83 84 85 86 87 88 89]
Number of classes: 90
Samples per class: [24 24 24 24 24 24 24 24 24 24 24 24 24 24 24 24 24 24 24 24 24 24 24 24
 24 24 24 24 24 24 24 24 24 24 24 24 24 24 24 24 24 24 24 24 24 24 24 24
 24 24 24 24 24 24 24 24 24 24 24 24 24 24 24 24 24 24 24 24 24 24 24 24
 24 24 24 24 24 24 24 24 24 24 24 24 24 24 24 24 24 24]
Epoch [1/10], Batch [10/180], Loss: 5.2888, Accuracy: 8.33%
Epoch [1/10], Batch [20/180], Loss: 4.4424, Accuracy: 0.00%
Epoch [1/10], Batch [30/180], Loss: 4.5093, Accuracy: 0.00%
Epoch [1/10], Batch [40/180], Loss: 4.7131, Accuracy: 0.00%
Epoch [1/10], Batch [50/180], Loss: 4.5800, Accuracy: 0.00%
Epoch [1/10], Batch [60/180], Loss: 4.5770, Accuracy: 0.00%
Epoch [1/10], Batch [70/180], Loss: 4.6457, Accuracy: 0.00%
Epoch [1/10], Batch [80/180], Loss: 4.7204, Accuracy: 0.00%
Epoch [1/10], Batch [90/180], Loss: 4.7752, Accuracy: 0.00%
Epoch [1/10], Batch [100/180], Loss: 4.5344, Accuracy: 0.00%
Epoch [1/10], Batch [110/180], Loss: 4.5157, Accuracy: 0.00%
Epoch [1/10], Batch [120/180], Loss: 4.8717, Accuracy: 0.00%
Epoch [1/10], Batch [130/180], Loss: 4.5917, Accuracy: 0.00%
Epoch [1/10], Batch [140/180], Loss: 4.4535, Accuracy: 0.00%
Epoch [1/10], Batch [150/180], Loss: 4.7540, Accuracy: 0.00%
Epoch [1/10], Batch [160/180], Loss: 4.5148, Accuracy: 8.33%
Epoch [1/10], Batch [170/180], Loss: 4.6773, Accuracy: 0.00%
Epoch [1/10], Batch [180/180], Loss: 4.6088, Accuracy: 0.00%
Epoch [1] Training Loss: 4.7078, Training Accuracy: 1.02%
Epoch [1] Validation Loss: 4.6438, Validation Accuracy: 1.11%

Validation accuracy improved. Model saved to ./checkpoints/best_model_0_1.pth

Epoch [2/10], Batch [10/180], Loss: 4.5850, Accuracy: 0.00%
Epoch [2/10], Batch [20/180], Loss: 4.6607, Accuracy: 0.00%
Epoch [2/10], Batch [30/180], Loss: 4.4158, Accuracy: 0.00%
Epoch [2/10], Batch [40/180], Loss: 4.6037, Accuracy: 0.00%
Epoch [2/10], Batch [50/180], Loss: 4.5676, Accuracy: 0.00%
Epoch [2/10], Batch [60/180], Loss: 4.7386, Accuracy: 0.00%
Epoch [2/10], Batch [70/180], Loss: 4.3950, Accuracy: 0.00%
Epoch [2/10], Batch [80/180], Loss: 4.4280, Accuracy: 8.33%
Epoch [2/10], Batch [90/180], Loss: 4.7878, Accuracy: 0.00%
Epoch [2/10], Batch [100/180], Loss: 4.7437, Accuracy: 0.00%
Epoch [2/10], Batch [110/180], Loss: 4.7061, Accuracy: 0.00%
Epoch [2/10], Batch [120/180], Loss: 4.8591, Accuracy: 0.00%
Epoch [2/10], Batch [130/180], Loss: 4.4956, Accuracy: 8.33%
Epoch [2/10], Batch [140/180], Loss: 4.7047, Accuracy: 0.00%
Epoch [2/10], Batch [150/180], Loss: 4.4741, Accuracy: 0.00%
Epoch [2/10], Batch [160/180], Loss: 4.7166, Accuracy: 0.00%
Epoch [2/10], Batch [170/180], Loss: 4.5773, Accuracy: 0.00%
Epoch [2/10], Batch [180/180], Loss: 4.5058, Accuracy: 0.00%
Epoch [2] Training Loss: 4.6116, Training Accuracy: 1.16%
Epoch [2] Validation Loss: 4.6044, Validation Accuracy: 1.11%

No improvement for 1 epoch(s).

Epoch [3/10], Batch [10/180], Loss: 4.6670, Accuracy: 0.00%
Epoch [3/10], Batch [20/180], Loss: 4.6502, Accuracy: 8.33%
Epoch [3/10], Batch [30/180], Loss: 4.6281, Accuracy: 0.00%
Epoch [3/10], Batch [40/180], Loss: 4.4834, Accuracy: 0.00%
Epoch [3/10], Batch [50/180], Loss: 4.6363, Accuracy: 0.00%
Epoch [3/10], Batch [60/180], Loss: 4.6535, Accuracy: 0.00%
Epoch [3/10], Batch [70/180], Loss: 4.7253, Accuracy: 0.00%
Epoch [3/10], Batch [80/180], Loss: 4.5261, Accuracy: 0.00%
Epoch [3/10], Batch [90/180], Loss: 4.5991, Accuracy: 0.00%
Epoch [3/10], Batch [100/180], Loss: 4.5146, Accuracy: 0.00%
Epoch [3/10], Batch [110/180], Loss: 4.5693, Accuracy: 0.00%
Epoch [3/10], Batch [120/180], Loss: 4.3648, Accuracy: 8.33%
Epoch [3/10], Batch [130/180], Loss: 4.3391, Accuracy: 0.00%
Epoch [3/10], Batch [140/180], Loss: 4.7314, Accuracy: 0.00%
Epoch [3/10], Batch [150/180], Loss: 4.4140, Accuracy: 8.33%
Epoch [3/10], Batch [160/180], Loss: 4.8942, Accuracy: 0.00%
Epoch [3/10], Batch [170/180], Loss: 4.5003, Accuracy: 0.00%
Epoch [3/10], Batch [180/180], Loss: 4.6872, Accuracy: 0.00%
Epoch [3] Training Loss: 4.6014, Training Accuracy: 1.20%
Epoch [3] Validation Loss: 4.5661, Validation Accuracy: 1.11%

No improvement for 2 epoch(s).

Epoch [4/10], Batch [10/180], Loss: 4.3763, Accuracy: 8.33%
Epoch [4/10], Batch [20/180], Loss: 4.6132, Accuracy: 0.00%
Epoch [4/10], Batch [30/180], Loss: 4.5760, Accuracy: 0.00%
Epoch [4/10], Batch [40/180], Loss: 4.5296, Accuracy: 0.00%
Epoch [4/10], Batch [50/180], Loss: 4.5612, Accuracy: 0.00%
Epoch [4/10], Batch [60/180], Loss: 4.7031, Accuracy: 0.00%
Epoch [4/10], Batch [70/180], Loss: 4.4357, Accuracy: 0.00%
Epoch [4/10], Batch [80/180], Loss: 4.4761, Accuracy: 0.00%
Epoch [4/10], Batch [90/180], Loss: 4.6437, Accuracy: 0.00%
Epoch [4/10], Batch [100/180], Loss: 4.4810, Accuracy: 0.00%
Epoch [4/10], Batch [110/180], Loss: 4.6850, Accuracy: 0.00%
Epoch [4/10], Batch [120/180], Loss: 4.3433, Accuracy: 0.00%
Epoch [4/10], Batch [130/180], Loss: 4.6886, Accuracy: 0.00%
Epoch [4/10], Batch [140/180], Loss: 4.6617, Accuracy: 0.00%
Epoch [4/10], Batch [150/180], Loss: 4.6153, Accuracy: 0.00%
Epoch [4/10], Batch [160/180], Loss: 4.4801, Accuracy: 8.33%
Epoch [4/10], Batch [170/180], Loss: 4.6754, Accuracy: 0.00%
Epoch [4/10], Batch [180/180], Loss: 4.8323, Accuracy: 0.00%
Epoch [4] Training Loss: 4.5761, Training Accuracy: 1.16%
Epoch [4] Validation Loss: 4.5918, Validation Accuracy: 1.11%

No improvement for 3 epoch(s).

Epoch [5/10], Batch [10/180], Loss: 4.9030, Accuracy: 0.00%
Epoch [5/10], Batch [20/180], Loss: 4.6400, Accuracy: 0.00%
Epoch [5/10], Batch [30/180], Loss: 4.5303, Accuracy: 0.00%
Epoch [5/10], Batch [40/180], Loss: 4.6609, Accuracy: 0.00%
Epoch [5/10], Batch [50/180], Loss: 4.6490, Accuracy: 0.00%
Epoch [5/10], Batch [60/180], Loss: 4.5147, Accuracy: 0.00%
Epoch [5/10], Batch [70/180], Loss: 4.4332, Accuracy: 8.33%
Epoch [5/10], Batch [80/180], Loss: 4.5828, Accuracy: 0.00%
Epoch [5/10], Batch [90/180], Loss: 4.6890, Accuracy: 0.00%
Epoch [5/10], Batch [100/180], Loss: 4.6004, Accuracy: 0.00%
Epoch [5/10], Batch [110/180], Loss: 4.6382, Accuracy: 0.00%
Epoch [5/10], Batch [120/180], Loss: 4.3700, Accuracy: 0.00%
Epoch [5/10], Batch [130/180], Loss: 4.5705, Accuracy: 0.00%
Epoch [5/10], Batch [140/180], Loss: 4.3668, Accuracy: 8.33%
Epoch [5/10], Batch [150/180], Loss: 4.4281, Accuracy: 0.00%
Epoch [5/10], Batch [160/180], Loss: 4.7538, Accuracy: 0.00%
Epoch [5/10], Batch [170/180], Loss: 4.7435, Accuracy: 0.00%
Epoch [5/10], Batch [180/180], Loss: 4.6454, Accuracy: 0.00%
Epoch [5] Training Loss: 4.5828, Training Accuracy: 1.34%
Epoch [5] Validation Loss: 4.5780, Validation Accuracy: 1.11%

No improvement for 4 epoch(s).

Epoch [6/10], Batch [10/180], Loss: 4.7602, Accuracy: 0.00%
Epoch [6/10], Batch [20/180], Loss: 4.4281, Accuracy: 0.00%
Epoch [6/10], Batch [30/180], Loss: 4.6598, Accuracy: 0.00%
Epoch [6/10], Batch [40/180], Loss: 4.6659, Accuracy: 0.00%
Epoch [6/10], Batch [50/180], Loss: 4.6244, Accuracy: 0.00%
Epoch [6/10], Batch [60/180], Loss: 4.8106, Accuracy: 0.00%
Epoch [6/10], Batch [70/180], Loss: 4.6978, Accuracy: 0.00%
Epoch [6/10], Batch [80/180], Loss: 4.4604, Accuracy: 8.33%
Epoch [6/10], Batch [90/180], Loss: 4.6476, Accuracy: 0.00%
Epoch [6/10], Batch [100/180], Loss: 4.6231, Accuracy: 0.00%
Epoch [6/10], Batch [110/180], Loss: 4.4037, Accuracy: 0.00%
Epoch [6/10], Batch [120/180], Loss: 4.5003, Accuracy: 8.33%
Epoch [6/10], Batch [130/180], Loss: 4.6490, Accuracy: 0.00%
Epoch [6/10], Batch [140/180], Loss: 4.4642, Accuracy: 0.00%
Epoch [6/10], Batch [150/180], Loss: 4.7335, Accuracy: 0.00%
Epoch [6/10], Batch [160/180], Loss: 4.4488, Accuracy: 0.00%
Epoch [6/10], Batch [170/180], Loss: 4.3645, Accuracy: 0.00%
Epoch [6/10], Batch [180/180], Loss: 4.4756, Accuracy: 0.00%
Epoch [6] Training Loss: 4.5754, Training Accuracy: 1.02%
Epoch [6] Validation Loss: 4.5537, Validation Accuracy: 1.11%

No improvement for 5 epoch(s).

Early stopping triggered!
